client_name,group_name,subgroup_name,product_name,region,event_year,event_month,event_month_name,impressions,clicks,direct_conversions,view_through_conversions,in_platform_leads,total_conversions,cost,budget
Central Washington University,UG,UG,YouTube,California (State),2024,1,Jan,530901,26,0,0,0,0,,2669.3700000000035
Central Washington University,UG,UG,Snapchat Snap Ads,wa,2024,1,Jan,206554,5237,0,0,0,0,,1347.89
Central Washington University,UG,UG,Snapchat Snap Ads,or,2024,1,Jan,130945,2980,0,0,0,0,,804.89000000000021
Central Washington University,UG,UG,Meta,,2024,1,Jan,129872,446,0,0,0,0,,1017.8099999999993
Central Washington University,UG,UG,Display,Washington (State),2024,1,Jan,117587,40,0,0,0,0,,779.34000000000015
Central Washington University,UG,UG,Snapchat Snap Ads,ca,2024,1,Jan,98200,2103,0,0,0,0,,559.37
Central Washington University,UG,UG,Snapchat Snap Ads,mt,2024,1,Jan,89957,1707,0,0,0,0,,488.72
Central Washington University,UG,UG,Snapchat Snap Ads,id,2024,1,Jan,86054,1959,0,0,0,0,,501.28000000000003
Central Washington University,UG,UG,YouTube,Washington (State),2024,1,Jan,80837,3,0,0,0,0,,432.6399999999993
Central Washington University,UG,UG,Snapchat Snap Ads,co,2024,1,Jan,68820,1085,0,0,0,0,,309.96000000000004
Central Washington University,UG,UG,Snapchat Snap Ads,ak,2024,1,Jan,62511,1112,0,0,0,0,,314.05
Central Washington University,UG,UG,YouTube,Colorado (State),2024,1,Jan,52192,3,0,0,0,0,,316.81999999999954
Central Washington University,UG,UG,YouTube,Arkansas (State),2024,1,Jan,42802,3,0,0,0,0,,259.54999999999961
Central Washington University,UG,UG,YouTube,Oregon (State),2024,1,Jan,38084,3,0,0,0,0,,215.05999999999977
Central Washington University,UG,UG,PPC,Washington,2024,1,Jan,22344,3527,245,0,0,245,,4702.2
Central Washington University,UG,UG,PPC,California,2024,1,Jan,13267,899,23,0,0,23,,2249.13
Central Washington University,UG,UG,YouTube,Idaho (State),2024,1,Jan,12209,1,0,0,0,0,,72.659999999999982
Central Washington University,UG,UG,Snapchat Snap Ads,hi,2024,1,Jan,12170,344,0,0,0,0,,94.929999999999993
Central Washington University,UG,UG,Display,California (State),2024,1,Jan,7076,2,0,0,0,0,,46.3
Central Washington University,UG,UG,Display,Oregon (State),2024,1,Jan,4954,3,0,0,0,0,,34.85
Central Washington University,UG,UG,Display,Texas (State),2024,1,Jan,3549,1,0,0,0,0,,26.800000000000008
Central Washington University,UG,UG,PPC,Oregon,2024,1,Jan,3237,427,17,0,0,17,,925.75
Central Washington University,UG,UG,PPC,San Francisco Bay Area,2024,1,Jan,2561,179,4,0,0,4,,435.23
Central Washington University,UG,UG,Display,New York (State),2024,1,Jan,2416,0,0,0,0,0,,16.830000000000002
Central Washington University,UG,UG,PPC,Colorado,2024,1,Jan,2319,192,2,0,0,2,,478.84999999999997
Central Washington University,UG,UG,Display,Illinois (State),2024,1,Jan,2078,2,0,0,0,0,,14.84
Central Washington University,UG,UG,Display,Arizona (State),2024,1,Jan,1882,1,0,0,0,0,,13.89
Central Washington University,UG,UG,Display,Florida (State),2024,1,Jan,1767,2,0,0,0,0,,13.260000000000002
Central Washington University,UG,UG,Display,Idaho (State),2024,1,Jan,1691,0,0,0,0,0,,12.300000000000002
Central Washington University,UG,UG,Display,Pennsylvania (State),2024,1,Jan,1443,1,0,0,0,0,,10.39
Central Washington University,UG,UG,PPC,Silicon Valley,2024,1,Jan,1251,91,0,0,0,0,,214.90999999999997
Central Washington University,UG,UG,PPC,Idaho,2024,1,Jan,1080,146,1,0,0,1,,316.63
Central Washington University,UG,UG,Display,North Carolina (State),2024,1,Jan,1030,0,0,0,0,0,,6.9700000000000006
Central Washington University,UG,UG,Display,Colorado (State),2024,1,Jan,983,0,0,0,0,0,,7.12
Central Washington University,UG,UG,Display,Michigan (State),2024,1,Jan,905,0,0,0,0,0,,6.660000000000001
Central Washington University,UG,UG,Display,Massachusetts (State),2024,1,Jan,837,1,0,0,0,0,,6.36
Central Washington University,UG,UG,Display,Georgia (State),2024,1,Jan,711,0,0,0,0,0,,4.97
Central Washington University,UG,UG,Display,Nevada (State),2024,1,Jan,706,0,0,0,0,0,,4.36
Central Washington University,UG,UG,Display,Hawaii (State),2024,1,Jan,678,0,0,0,0,0,,4.7299999999999995
Central Washington University,UG,UG,Display,Virginia (State),2024,1,Jan,673,0,0,0,0,0,,5.1300000000000017
Central Washington University,UG,UG,Display,Maryland (State),2024,1,Jan,666,0,0,0,0,0,,5.3100000000000005
Central Washington University,UG,UG,Display,Ohio (State),2024,1,Jan,656,1,0,0,0,0,,4.48
Central Washington University,UG,UG,Display,New Jersey (State),2024,1,Jan,654,0,0,0,0,0,,5.080000000000001
Central Washington University,UG,UG,Display,Indiana (State),2024,1,Jan,622,0,0,0,0,0,,4.6
Central Washington University,UG,UG,Display,Tennessee (State),2024,1,Jan,581,1,0,0,0,0,,4.0500000000000007
Central Washington University,UG,UG,Display,Utah (State),2024,1,Jan,575,0,0,0,0,0,,3.97
Central Washington University,UG,UG,Display,Alaska (State),2024,1,Jan,573,0,0,0,0,0,,3.9900000000000011
Central Washington University,UG,UG,Display,Missouri (State),2024,1,Jan,553,1,0,0,0,0,,3.9699999999999998
Central Washington University,UG,UG,Display,Minnesota (State),2024,1,Jan,512,0,0,0,0,0,,3.64
Central Washington University,UG,UG,PPC,Alaska,2024,1,Jan,495,65,5,0,0,5,,133.4
Central Washington University,UG,UG,Display,Wisconsin (State),2024,1,Jan,454,1,0,0,0,0,,3.6200000000000006
Central Washington University,UG,UG,Display,Connecticut (State),2024,1,Jan,395,1,0,0,0,0,,2.6300000000000003
Central Washington University,UG,UG,Display,Kentucky (State),2024,1,Jan,384,0,0,0,0,0,,2.9999999999999991
Central Washington University,UG,UG,Display,Iowa (State),2024,1,Jan,380,0,0,0,0,0,,3.24
Central Washington University,UG,UG,Display,Louisiana (State),2024,1,Jan,339,0,0,0,0,0,,2.2
Central Washington University,UG,UG,Display,Oklahoma (State),2024,1,Jan,318,0,0,0,0,0,,2.1100000000000008
Central Washington University,UG,UG,Display,West Virginia (State),2024,1,Jan,283,0,0,0,0,0,,2.1599999999999997
Central Washington University,UG,UG,Display,Alabama (State),2024,1,Jan,255,0,0,0,0,0,,1.6100000000000008
Central Washington University,UG,UG,Display,Montana (State),2024,1,Jan,241,0,0,0,0,0,,1.6700000000000004
Central Washington University,UG,UG,Display,Kansas (State),2024,1,Jan,230,0,0,0,0,0,,1.6500000000000001
Central Washington University,UG,UG,Display,New Hampshire (State),2024,1,Jan,228,0,0,0,0,0,,1.7300000000000002
Central Washington University,UG,UG,Display,South Carolina (State),2024,1,Jan,213,0,0,0,0,0,,1.4800000000000004
Central Washington University,UG,UG,Display,Arkansas (State),2024,1,Jan,197,0,0,0,0,0,,1.2000000000000004
Central Washington University,UG,UG,Display,Nebraska (State),2024,1,Jan,195,0,0,0,0,0,,1.3200000000000003
Central Washington University,UG,UG,Display,New Mexico (State),2024,1,Jan,166,1,0,0,0,0,,1.02
Central Washington University,UG,UG,Display,Maine (State),2024,1,Jan,110,0,0,0,0,0,,0.65000000000000024
Central Washington University,UG,UG,Display,District of Columbia,2024,1,Jan,108,0,0,0,0,0,,0.78
Central Washington University,UG,UG,Display,South Dakota (State),2024,1,Jan,105,0,0,0,0,0,,0.87000000000000011
Central Washington University,UG,UG,Display,Mississippi (State),2024,1,Jan,99,0,0,0,0,0,,0.68
Central Washington University,UG,UG,Display,Wyoming (State),2024,1,Jan,91,0,0,0,0,0,,0.65000000000000013
Central Washington University,UG,UG,Display,Rhode Island (State),2024,1,Jan,69,0,0,0,0,0,,0.66000000000000014
Central Washington University,UG,UG,Display,North Dakota (State),2024,1,Jan,65,0,0,0,0,0,,0.44000000000000006
Central Washington University,UG,UG,Display,Vermont (State),2024,1,Jan,52,0,0,0,0,0,,0.36
Central Washington University,UG,UG,Display,Delaware (State),2024,1,Jan,24,0,0,0,0,0,,0.12999999999999998
Central Washington University,UG,UG,YouTube,California (State),2024,2,Feb,820185,45,0,0,0,0,,2810.25000000001
Central Washington University,UG,UG,Snapchat Snap Ads,wa,2024,2,Feb,169625,4222,0,0,0,0,,1283.8600000000001
Central Washington University,UG,UG,Display,Washington (State),2024,2,Feb,167104,71,1,47,0,48,,909.780000000001
Central Washington University,UG,UG,Meta,,2024,2,Feb,143479,510,0,0,0,0,,957.65000000000111
Central Washington University,UG,UG,Snapchat Snap Ads,ca,2024,2,Feb,115456,2807,0,0,0,0,,892.8900000000001
Central Washington University,UG,UG,YouTube,Washington (State),2024,2,Feb,114392,11,0,0,0,0,,458.45999999999924
Central Washington University,UG,UG,Snapchat Snap Ads,or,2024,2,Feb,112119,2749,0,0,0,0,,831.22999999999979
Central Washington University,UG,UG,YouTube,Colorado (State),2024,2,Feb,70597,5,0,0,0,0,,297.76999999999958
Central Washington University,UG,UG,Snapchat Snap Ads,co,2024,2,Feb,67200,1185,0,0,0,0,,409.61000000000007
Central Washington University,UG,UG,Snapchat Snap Ads,id,2024,2,Feb,64472,1645,0,0,0,0,,501.84000000000009
Central Washington University,UG,UG,Snapchat Snap Ads,mt,2024,2,Feb,60006,1224,0,0,0,0,,380.01999999999992
Central Washington University,UG,UG,YouTube,Oregon (State),2024,2,Feb,53525,2,0,0,0,0,,207.32999999999993
Central Washington University,UG,UG,YouTube,Arkansas (State),2024,2,Feb,47958,4,0,0,0,0,,222.07
Central Washington University,UG,UG,Snapchat Snap Ads,ak,2024,2,Feb,36208,615,0,0,0,0,,221.12999999999997
Central Washington University,UG,UG,YouTube,Idaho (State),2024,2,Feb,16530,0,0,0,0,0,,68.990000000000009
Central Washington University,UG,UG,PPC,Washington,2024,2,Feb,13505,1997,151.84,0,0,151.84,,4398.37
Central Washington University,UG,UG,Display,California (State),2024,2,Feb,11653,5,0,3,0,3,,57.640000000000015
Central Washington University,UG,UG,PPC,California,2024,2,Feb,10178,614,15,0,0,15,,3690.2999999999997
Central Washington University,UG,UG,Display,Oregon (State),2024,2,Feb,7454,3,0,0,0,0,,41.38
Central Washington University,UG,UG,Snapchat Snap Ads,hi,2024,2,Feb,6062,171,0,0,0,0,,58.04
Central Washington University,UG,UG,Display,Texas (State),2024,2,Feb,5717,3,0,1,0,1,,33.690000000000005
Central Washington University,UG,UG,PPC,Oregon,2024,2,Feb,4357,508,7.01,0,0,7.01,,2258.4700000000007
Central Washington University,UG,UG,Display,Arizona (State),2024,2,Feb,3707,1,0,0,0,0,,21.959999999999997
Central Washington University,UG,UG,Display,Illinois (State),2024,2,Feb,3700,2,0,0,0,0,,21.029999999999998
Central Washington University,UG,UG,Display,New York (State),2024,2,Feb,3593,3,0,0,0,0,,23.530000000000005
Central Washington University,UG,UG,Display,Florida (State),2024,2,Feb,3388,0,0,0,0,0,,21.080000000000002
Central Washington University,UG,UG,Display,Idaho (State),2024,2,Feb,2790,2,0,0,0,0,,14.940000000000001
Central Washington University,UG,UG,Display,Pennsylvania (State),2024,2,Feb,2345,0,0,0,0,0,,14
Central Washington University,UG,UG,Display,Colorado (State),2024,2,Feb,2212,0,0,2,0,2,,13.300000000000002
Central Washington University,UG,UG,Display,North Carolina (State),2024,2,Feb,2077,0,0,0,0,0,,12.060000000000004
Central Washington University,UG,UG,PPC,San Francisco Bay Area,2024,2,Feb,2050,134,2.27,0,0,2.27,,725.52999999999975
Central Washington University,UG,UG,Display,Virginia (State),2024,2,Feb,2003,0,0,0,0,0,,12.770000000000001
Central Washington University,UG,UG,PPC,Colorado,2024,2,Feb,1757,117,3,0,0,3,,612.81
Central Washington University,UG,UG,Display,Michigan (State),2024,2,Feb,1695,0,0,0,0,0,,10.880000000000004
Central Washington University,UG,UG,Display,Nevada (State),2024,2,Feb,1561,1,0,0,0,0,,10.360000000000001
Central Washington University,UG,UG,PPC,Idaho,2024,2,Feb,1495,194,9,0,0,9,,801.75
Central Washington University,UG,UG,Display,Georgia (State),2024,2,Feb,1484,0,0,0,0,0,,9.1000000000000032
Central Washington University,UG,UG,Display,Massachusetts (State),2024,2,Feb,1415,0,0,0,0,0,,8.5
Central Washington University,UG,UG,Display,Missouri (State),2024,2,Feb,1413,1,0,0,0,0,,7.9300000000000006
Central Washington University,UG,UG,Display,Ohio (State),2024,2,Feb,1385,0,0,0,0,0,,7.7000000000000028
Central Washington University,UG,UG,Display,Minnesota (State),2024,2,Feb,1259,0,0,0,0,0,,7.32
Central Washington University,UG,UG,Display,Tennessee (State),2024,2,Feb,1235,0,0,0,0,0,,6.6500000000000012
Central Washington University,UG,UG,Display,New Jersey (State),2024,2,Feb,1223,0,0,0,0,0,,6.95
Central Washington University,UG,UG,Display,Hawaii (State),2024,2,Feb,1157,4,0,2,0,2,,5.5100000000000016
Central Washington University,UG,UG,Display,Maryland (State),2024,2,Feb,975,1,0,0,0,0,,6.22
Central Washington University,UG,UG,Display,Utah (State),2024,2,Feb,901,1,0,0,0,0,,4.66
Central Washington University,UG,UG,Display,Indiana (State),2024,2,Feb,884,0,0,0,0,0,,5.7200000000000015
Central Washington University,UG,UG,Display,Alaska (State),2024,2,Feb,846,0,0,1,0,1,,4.8500000000000005
Central Washington University,UG,UG,PPC,Silicon Valley,2024,2,Feb,797,38,0,0,0,0,,202.20000000000002
Central Washington University,UG,UG,Display,Kentucky (State),2024,2,Feb,774,0,0,0,0,0,,4.75
Central Washington University,UG,UG,Display,Iowa (State),2024,2,Feb,748,0,0,0,0,0,,4.51
Central Washington University,UG,UG,Display,Wisconsin (State),2024,2,Feb,723,1,0,0,0,0,,4.8599999999999994
Central Washington University,UG,UG,PPC,Alaska,2024,2,Feb,704,88,6,0,0,6,,386.9500000000001
Central Washington University,UG,UG,Display,Connecticut (State),2024,2,Feb,644,0,0,0,0,0,,4.07
Central Washington University,UG,UG,Display,Wyoming (State),2024,2,Feb,641,0,0,0,0,0,,3.8299999999999996
Central Washington University,UG,UG,Display,Alabama (State),2024,2,Feb,634,0,0,0,0,0,,3.96
Central Washington University,UG,UG,Display,Louisiana (State),2024,2,Feb,486,0,0,0,0,0,,2.3899999999999997
Central Washington University,UG,UG,Display,New Hampshire (State),2024,2,Feb,481,0,0,0,0,0,,3.2900000000000005
Central Washington University,UG,UG,Display,Montana (State),2024,2,Feb,479,0,0,0,0,0,,2.7499999999999991
Central Washington University,UG,UG,Display,West Virginia (State),2024,2,Feb,456,0,0,0,0,0,,2.7200000000000006
Central Washington University,UG,UG,Display,South Carolina (State),2024,2,Feb,431,0,0,0,0,0,,2.44
Central Washington University,UG,UG,Display,New Mexico (State),2024,2,Feb,431,0,0,0,0,0,,2.4700000000000006
Central Washington University,UG,UG,Display,Kansas (State),2024,2,Feb,428,0,0,0,0,0,,2.56
Central Washington University,UG,UG,Display,Nebraska (State),2024,2,Feb,425,0,0,0,0,0,,2.7600000000000002
Central Washington University,UG,UG,Display,North Dakota (State),2024,2,Feb,417,0,0,0,0,0,,2.2699999999999996
Central Washington University,UG,UG,Display,Arkansas (State),2024,2,Feb,383,0,0,0,0,0,,1.8200000000000007
Central Washington University,UG,UG,Display,Oklahoma (State),2024,2,Feb,331,0,0,0,0,0,,1.6200000000000006
Central Washington University,UG,UG,Display,District of Columbia,2024,2,Feb,251,0,0,0,0,0,,1.5200000000000005
Central Washington University,UG,UG,Display,South Dakota (State),2024,2,Feb,249,0,0,0,0,0,,1.3300000000000005
Central Washington University,UG,UG,Display,Rhode Island (State),2024,2,Feb,143,0,0,0,0,0,,0.61000000000000032
Central Washington University,UG,UG,Display,Mississippi (State),2024,2,Feb,131,0,0,0,0,0,,0.65
Central Washington University,UG,UG,Display,Maine (State),2024,2,Feb,126,0,0,0,0,0,,0.62000000000000011
Central Washington University,UG,UG,Display,Vermont (State),2024,2,Feb,119,0,0,0,0,0,,0.6100000000000001
Central Washington University,UG,UG,Display,Delaware (State),2024,2,Feb,85,0,0,0,0,0,,0.48
Central Washington University,UG,UG,YouTube,California (State),2024,3,Mar,771038,88,0,0,0,0,,3142.8700000000017
Central Washington University,UG,UG,Display,Washington (State),2024,3,Mar,181030,59,0,34,0,34,,983.1700000000003
Central Washington University,UG,UG,Meta,,2024,3,Mar,150189,530,0,0,0,0,,1022.7500000000013
Central Washington University,UG,UG,YouTube,Washington (State),2024,3,Mar,101453,7,0,0,0,0,,470.73999999999961
Central Washington University,UG,UG,YouTube,Colorado (State),2024,3,Mar,69436,10,0,0,0,0,,346.73999999999984
Central Washington University,UG,UG,YouTube,Oregon (State),2024,3,Mar,50728,3,0,0,0,0,,236.51999999999984
Central Washington University,UG,UG,YouTube,Arkansas (State),2024,3,Mar,43154,1,0,0,0,0,,253.29999999999993
Central Washington University,UG,UG,Display,California (State),2024,3,Mar,18003,9,0,3,0,3,,98.439999999999941
Central Washington University,UG,UG,YouTube,Idaho (State),2024,3,Mar,15535,0,0,0,0,0,,74.25
Central Washington University,UG,UG,PPC,Washington,2024,3,Mar,13469,2090,125.72,0,0,125.72,,6065.2100000000009
Central Washington University,UG,UG,Display,Oregon (State),2024,3,Mar,8796,2,0,0,0,0,,48.97
Central Washington University,UG,UG,Display,Texas (State),2024,3,Mar,7300,6,0,0,0,0,,41.109999999999985
Central Washington University,UG,UG,PPC,California,2024,3,Mar,5375,521,7,0,0,7,,3184.68
Central Washington University,UG,UG,Display,New York (State),2024,3,Mar,4966,0,0,0,0,0,,30.790000000000003
Central Washington University,UG,UG,Display,Florida (State),2024,3,Mar,4945,1,0,1,0,1,,29.330000000000009
Central Washington University,UG,UG,Display,Illinois (State),2024,3,Mar,4698,1,0,0,0,0,,27.880000000000006
Central Washington University,UG,UG,Display,Arizona (State),2024,3,Mar,4303,2,0,0,0,0,,24.990000000000006
Central Washington University,UG,UG,PPC,Oregon,2024,3,Mar,3200,497,5.73,0,0,5.73,,2212.97
Central Washington University,UG,UG,Display,Idaho (State),2024,3,Mar,3078,1,0,0,0,0,,17.35
Central Washington University,UG,UG,Display,Colorado (State),2024,3,Mar,3027,0,0,0,0,0,,17.890000000000004
Central Washington University,UG,UG,Display,Virginia (State),2024,3,Mar,3004,3,0,0,0,0,,19.28
Central Washington University,UG,UG,Display,Pennsylvania (State),2024,3,Mar,2890,0,0,0,0,0,,18.130000000000006
Central Washington University,UG,UG,Display,Ohio (State),2024,3,Mar,2883,0,0,0,0,0,,17.220000000000002
Central Washington University,UG,UG,Display,North Carolina (State),2024,3,Mar,2638,1,0,0,0,0,,15.729999999999997
Central Washington University,UG,UG,Display,Georgia (State),2024,3,Mar,2485,1,0,0,0,0,,14.379999999999997
Central Washington University,UG,UG,Display,Michigan (State),2024,3,Mar,2135,0,0,0,0,0,,12.470000000000002
Central Washington University,UG,UG,Display,Missouri (State),2024,3,Mar,2042,1,0,0,0,0,,13.130000000000003
Central Washington University,UG,UG,Display,Massachusetts (State),2024,3,Mar,2028,1,0,0,0,0,,12.480000000000002
Central Washington University,UG,UG,Display,Tennessee (State),2024,3,Mar,1862,0,0,0,0,0,,10.84
Central Washington University,UG,UG,Display,Utah (State),2024,3,Mar,1784,1,0,0,0,0,,9.8200000000000038
Central Washington University,UG,UG,Display,Nevada (State),2024,3,Mar,1624,0,0,0,0,0,,9.85
Central Washington University,UG,UG,Display,Wisconsin (State),2024,3,Mar,1540,1,0,0,0,0,,9.41
Central Washington University,UG,UG,Display,Minnesota (State),2024,3,Mar,1533,1,0,1,0,1,,8.3900000000000023
Central Washington University,UG,UG,Display,Hawaii (State),2024,3,Mar,1524,2,0,0,0,0,,7.589999999999999
Central Washington University,UG,UG,Display,New Jersey (State),2024,3,Mar,1412,1,0,0,0,0,,8.5000000000000036
Central Washington University,UG,UG,Display,Indiana (State),2024,3,Mar,1379,1,0,0,0,0,,8.4000000000000021
Central Washington University,UG,UG,Display,Alaska (State),2024,3,Mar,1313,1,0,0,0,0,,7.370000000000001
Central Washington University,UG,UG,Display,Montana (State),2024,3,Mar,1290,0,0,0,0,0,,6.89
Central Washington University,UG,UG,Display,Maryland (State),2024,3,Mar,1185,0,0,0,0,0,,6.5600000000000005
Central Washington University,UG,UG,PPC,Idaho,2024,3,Mar,1169,189,3,0,0,3,,1043.33
Central Washington University,UG,Adult Learner,Display,Washington (State),2024,3,Mar,1057,2,0,0,0,0,,14.659999999999998
Central Washington University,UG,UG,PPC,San Francisco Bay Area,2024,3,Mar,1025,125,1,0,0,1,,671.31000000000006
Central Washington University,UG,UG,PPC,Colorado,2024,3,Mar,1003,129,1,0,0,1,,571.7
Central Washington University,UG,UG,Display,Connecticut (State),2024,3,Mar,971,0,0,0,0,0,,6.32
Central Washington University,UG,UG,Display,Kentucky (State),2024,3,Mar,835,0,0,0,0,0,,5.09
Central Washington University,UG,UG,Display,Iowa (State),2024,3,Mar,794,0,0,0,0,0,,4.4899999999999993
Central Washington University,UG,UG,Display,South Carolina (State),2024,3,Mar,771,1,0,0,0,0,,4.79
Central Washington University,UG,UG,Display,Alabama (State),2024,3,Mar,750,0,0,0,0,0,,4.6499999999999995
Central Washington University,UG,UG,Display,Kansas (State),2024,3,Mar,742,0,0,0,0,0,,4.13
Central Washington University,UG,UG,Display,New Mexico (State),2024,3,Mar,741,1,0,0,0,0,,4.4699999999999989
Central Washington University,UG,UG,Display,Louisiana (State),2024,3,Mar,685,0,0,0,0,0,,3.63
Central Washington University,UG,UG,Display,New Hampshire (State),2024,3,Mar,644,0,0,0,0,0,,3.6199999999999992
Central Washington University,UG,UG,Display,Oklahoma (State),2024,3,Mar,592,0,0,0,0,0,,3.399999999999999
Central Washington University,UG,UG,Display,Nebraska (State),2024,3,Mar,582,1,0,0,0,0,,3.1900000000000004
Central Washington University,UG,UG,Display,Delaware (State),2024,3,Mar,516,1,0,0,0,0,,3.6299999999999994
Central Washington University,UG,UG,Display,West Virginia (State),2024,3,Mar,497,0,0,0,0,0,,3.0000000000000004
Central Washington University,UG,UG,PPC,Alaska,2024,3,Mar,490,71,0,0,0,0,,354.95
Central Washington University,UG,UG,Display,Arkansas (State),2024,3,Mar,479,0,0,0,0,0,,2.8600000000000003
Central Washington University,UG,UG,PPC,Silicon Valley,2024,3,Mar,476,53,1,0,0,1,,362.71999999999991
Central Washington University,UG,UG,Display,District of Columbia,2024,3,Mar,439,0,0,0,0,0,,2.76
Central Washington University,UG,UG,Display,Maine (State),2024,3,Mar,420,0,0,0,0,0,,2.4
Central Washington University,UG,UG,Display,Rhode Island (State),2024,3,Mar,417,0,0,0,0,0,,2.44
Central Washington University,UG,UG,Display,Wyoming (State),2024,3,Mar,383,1,0,0,0,0,,2.0800000000000005
Central Washington University,UG,UG,Display,South Dakota (State),2024,3,Mar,323,0,0,0,0,0,,2.0500000000000007
Central Washington University,UG,UG,Display,North Dakota (State),2024,3,Mar,309,0,0,0,0,0,,1.5000000000000002
Central Washington University,UG,UG,Display,Vermont (State),2024,3,Mar,226,0,0,0,0,0,,1.3700000000000003
Central Washington University,UG,UG,Display,Mississippi (State),2024,3,Mar,161,0,0,0,0,0,,0.64000000000000012
Central Washington University,UG,Adult Learner,Display,California (State),2024,3,Mar,95,0,0,0,0,0,,1.31
Central Washington University,UG,Adult Learner,Display,Oregon (State),2024,3,Mar,74,0,0,0,0,0,,0.96
Central Washington University,UG,Adult Learner,Display,Arizona (State),2024,3,Mar,39,0,0,0,0,0,,0.64
Central Washington University,UG,Adult Learner,Display,Massachusetts (State),2024,3,Mar,35,0,0,0,0,0,,0.41000000000000003
Central Washington University,UG,Adult Learner,Display,Texas (State),2024,3,Mar,33,0,0,0,0,0,,0.47000000000000003
Central Washington University,UG,Adult Learner,Display,Montana (State),2024,3,Mar,24,0,0,0,0,0,,0.26
Central Washington University,UG,Adult Learner,Display,Connecticut (State),2024,3,Mar,23,0,0,0,0,0,,0.36000000000000004
Central Washington University,UG,Adult Learner,Display,Missouri (State),2024,3,Mar,18,0,0,0,0,0,,0.36
Central Washington University,UG,Adult Learner,Display,Georgia (State),2024,3,Mar,17,0,0,0,0,0,,0.22
Central Washington University,UG,Adult Learner,Display,Nevada (State),2024,3,Mar,16,0,0,0,0,0,,0.21000000000000002
Central Washington University,UG,Adult Learner,Display,Utah (State),2024,3,Mar,11,0,0,0,0,0,,0.2
Central Washington University,UG,Adult Learner,Display,North Carolina (State),2024,3,Mar,8,0,0,0,0,0,,0.090000000000000011
Central Washington University,UG,Adult Learner,Display,New York (State),2024,3,Mar,8,0,0,0,0,0,,0.08
Central Washington University,UG,Adult Learner,Display,Florida (State),2024,3,Mar,7,1,0,0,0,0,,0.08
Central Washington University,UG,Adult Learner,Display,New Hampshire (State),2024,3,Mar,7,0,0,0,0,0,,0.1
Central Washington University,UG,Adult Learner,Display,Kentucky (State),2024,3,Mar,7,0,0,0,0,0,,0.08
Central Washington University,UG,Adult Learner,Display,Vermont (State),2024,3,Mar,7,0,0,0,0,0,,0.06
Central Washington University,UG,Adult Learner,Display,West Virginia (State),2024,3,Mar,6,0,0,0,0,0,,0.07
Central Washington University,UG,Adult Learner,Display,Illinois (State),2024,3,Mar,6,0,0,0,0,0,,0.08
Central Washington University,UG,Adult Learner,Display,Wisconsin (State),2024,3,Mar,5,0,0,0,0,0,,0.099999999999999992
Central Washington University,UG,Adult Learner,Display,Pennsylvania (State),2024,3,Mar,5,0,0,0,0,0,,0.08
Central Washington University,UG,Adult Learner,Display,Nebraska (State),2024,3,Mar,4,0,0,0,0,0,,0.04
Central Washington University,UG,Adult Learner,Display,Minnesota (State),2024,3,Mar,3,0,0,0,0,0,,0.03
Central Washington University,UG,Adult Learner,Display,Maine (State),2024,3,Mar,2,0,0,0,0,0,,0.02
Central Washington University,UG,Adult Learner,Display,Tennessee (State),2024,3,Mar,2,0,0,0,0,0,,0.02
Central Washington University,UG,Adult Learner,Display,South Carolina (State),2024,3,Mar,2,0,0,0,0,0,,0.03
Central Washington University,UG,Adult Learner,Display,Hawaii (State),2024,3,Mar,2,0,0,0,0,0,,0.03
Central Washington University,UG,Adult Learner,Display,Indiana (State),2024,3,Mar,1,0,0,0,0,0,,0.01
Central Washington University,UG,Adult Learner,Display,Colorado (State),2024,3,Mar,1,0,0,0,0,0,,0.01
Central Washington University,UG,Adult Learner,Display,New Jersey (State),2024,3,Mar,1,0,0,0,0,0,,0.02
Central Washington University,UG,Adult Learner,Display,District of Columbia,2024,3,Mar,1,0,0,0,0,0,,0.01
Central Washington University,UG,Adult Learner,Display,Idaho (State),2024,3,Mar,1,0,0,0,0,0,,0.01
Central Washington University,UG,Adult Learner,Display,Ohio (State),2024,3,Mar,1,0,0,0,0,0,,0
Central Washington University,UG,UG,YouTube,California (State),2024,4,Apr,723688,108,0,0,0,0,,3160.5900000000015
Central Washington University,UG,UG,Meta,,2024,4,Apr,141808,505,0,0,0,0,,987.31000000000131
Central Washington University,UG,UG,Display,Washington (State),2024,4,Apr,110167,39,0,27,0,27,,720.69000000000028
Central Washington University,UG,UG,YouTube,Washington (State),2024,4,Apr,95377,12,0,0,0,0,,451.77999999999952
Central Washington University,UG,UG,YouTube,Colorado (State),2024,4,Apr,55930,10,0,0,0,0,,308.4199999999999
Central Washington University,UG,UG,YouTube,Oregon (State),2024,4,Apr,45938,4,0,0,0,0,,230.57999999999981
Central Washington University,UG,UG,YouTube,Arkansas (State),2024,4,Apr,36571,1,0,0,0,0,,232.15999999999983
Central Washington University,UG,UG,Display,California (State),2024,4,Apr,14716,3,0,1,0,1,,92.83999999999989
Central Washington University,UG,UG,PPC,Washington,2024,4,Apr,13461,2204,125.51,0,0,125.51,,6053.5700000000006
Central Washington University,UG,UG,YouTube,Idaho (State),2024,4,Apr,13401,1,0,0,0,0,,71.080000000000013
Central Washington University,UG,UG,Display,Texas (State),2024,4,Apr,7134,4,0,1,0,1,,45.910000000000025
Central Washington University,UG,UG,Display,Oregon (State),2024,4,Apr,6036,3,0,0,0,0,,38.430000000000007
Central Washington University,UG,UG,Display,New York (State),2024,4,Apr,5913,3,0,0,0,0,,39.850000000000009
Central Washington University,UG,UG,Display,Florida (State),2024,4,Apr,5458,0,0,0,0,0,,36.38000000000001
Central Washington University,UG,Adult Learner,Display,Washington (State),2024,4,Apr,5047,3,0,0,0,0,,63.989999999999981
Central Washington University,UG,UG,PPC,California,2024,4,Apr,5000,522,6,0,0,6,,2998.2200000000003
Central Washington University,UG,UG,Display,Illinois (State),2024,4,Apr,4465,1,0,0,0,0,,29.060000000000009
Central Washington University,UG,UG,Display,Ohio (State),2024,4,Apr,3763,1,0,0,0,0,,24.350000000000005
Central Washington University,UG,UG,PPC,Oregon,2024,4,Apr,3611,648,10.02,0,0,10.02,,2881.8200000000006
Central Washington University,UG,UG,Display,Arizona (State),2024,4,Apr,3422,1,0,0,0,0,,21.5
Central Washington University,UG,UG,Display,Pennsylvania (State),2024,4,Apr,3223,1,0,0,0,0,,21.310000000000006
Central Washington University,UG,UG,Display,North Carolina (State),2024,4,Apr,3000,2,0,0,0,0,,19.980000000000008
Central Washington University,UG,UG,Display,Georgia (State),2024,4,Apr,2754,1,0,0,0,0,,18.000000000000004
Central Washington University,UG,UG,Display,Virginia (State),2024,4,Apr,2550,1,0,0,0,0,,16.900000000000002
Central Washington University,UG,UG,Display,Colorado (State),2024,4,Apr,2402,1,0,0,0,0,,15.640000000000002
Central Washington University,UG,UG,Display,Michigan (State),2024,4,Apr,2345,0,0,0,0,0,,14.650000000000002
Central Washington University,UG,UG,Display,Wisconsin (State),2024,4,Apr,2169,0,0,0,0,0,,13.4
Central Washington University,UG,UG,Display,Massachusetts (State),2024,4,Apr,2081,0,0,1,0,1,,13.290000000000001
Central Washington University,UG,UG,Display,Missouri (State),2024,4,Apr,2054,1,0,0,0,0,,12.740000000000002
Central Washington University,UG,UG,Display,Idaho (State),2024,4,Apr,2048,1,0,0,0,0,,13.07
Central Washington University,UG,UG,Display,Indiana (State),2024,4,Apr,1743,0,0,0,0,0,,10.779999999999998
Central Washington University,UG,UG,Display,New Jersey (State),2024,4,Apr,1703,0,0,0,0,0,,10.1
Central Washington University,UG,UG,Display,Tennessee (State),2024,4,Apr,1665,1,0,0,0,0,,10.039999999999997
Central Washington University,UG,UG,Display,Minnesota (State),2024,4,Apr,1460,1,0,1,0,1,,8.96
Central Washington University,UG,UG,Display,Maryland (State),2024,4,Apr,1330,1,0,0,0,0,,8.5000000000000018
Central Washington University,UG,UG,PPC,Idaho,2024,4,Apr,1272,239,4,0,0,4,,875.03999999999974
Central Washington University,UG,UG,Display,Utah (State),2024,4,Apr,1252,0,0,0,0,0,,7.06
Central Washington University,UG,UG,Display,Hawaii (State),2024,4,Apr,1241,1,0,0,0,0,,8
Central Washington University,UG,UG,PPC,San Francisco Bay Area,2024,4,Apr,1201,126,1,0,0,1,,587.5
Central Washington University,UG,UG,Display,Connecticut (State),2024,4,Apr,1076,0,0,0,0,0,,6.12
Central Washington University,UG,UG,Display,Nevada (State),2024,4,Apr,1069,0,0,0,0,0,,7.02
Central Washington University,UG,UG,Display,Louisiana (State),2024,4,Apr,942,0,0,0,0,0,,5.1400000000000015
Central Washington University,UG,UG,PPC,Colorado,2024,4,Apr,940,146,1,0,0,1,,765.2600000000001
Central Washington University,UG,UG,Display,Alabama (State),2024,4,Apr,780,0,0,0,0,0,,4.7800000000000011
Central Washington University,UG,UG,Display,Montana (State),2024,4,Apr,753,1,0,0,0,0,,4.6700000000000008
Central Washington University,UG,UG,Display,Alaska (State),2024,4,Apr,746,0,0,0,0,0,,4.5100000000000007
Central Washington University,UG,UG,Display,South Carolina (State),2024,4,Apr,722,0,0,0,0,0,,4.7000000000000011
Central Washington University,UG,UG,Display,Kansas (State),2024,4,Apr,721,0,0,0,0,0,,4.1100000000000012
Central Washington University,UG,UG,Display,Kentucky (State),2024,4,Apr,701,0,0,0,0,0,,4.3800000000000008
Central Washington University,UG,UG,Display,Oklahoma (State),2024,4,Apr,683,0,0,0,0,0,,4.4000000000000012
Central Washington University,UG,UG,Display,Arkansas (State),2024,4,Apr,641,0,0,0,0,0,,3.6399999999999997
Central Washington University,UG,UG,Display,Iowa (State),2024,4,Apr,628,0,0,0,0,0,,3.6899999999999986
Central Washington University,UG,UG,Display,Nebraska (State),2024,4,Apr,616,0,0,0,0,0,,3.7
Central Washington University,UG,UG,Display,New Mexico (State),2024,4,Apr,583,1,0,0,0,0,,3.4200000000000008
Central Washington University,UG,UG,Display,New Hampshire (State),2024,4,Apr,526,1,0,0,0,0,,3.9299999999999993
Central Washington University,UG,UG,PPC,Silicon Valley,2024,4,Apr,492,52,2,0,0,2,,312.93999999999994
Central Washington University,UG,UG,Display,Maine (State),2024,4,Apr,482,0,0,0,0,0,,3.26
Central Washington University,UG,UG,Display,West Virginia (State),2024,4,Apr,469,1,0,0,0,0,,2.51
Central Washington University,UG,UG,PPC,Alaska,2024,4,Apr,465,60,2,0,0,2,,246.16
Central Washington University,UG,UG,Display,Mississippi (State),2024,4,Apr,440,0,0,0,0,0,,2.6500000000000008
Central Washington University,UG,UG,Display,District of Columbia,2024,4,Apr,395,0,0,0,0,0,,2.56
Central Washington University,UG,Adult Learner,Display,California (State),2024,4,Apr,337,0,0,0,0,0,,4.64
Central Washington University,UG,Adult Learner,Display,Oregon (State),2024,4,Apr,307,0,0,0,0,0,,3.6899999999999995
Central Washington University,UG,UG,Display,Delaware (State),2024,4,Apr,306,1,0,0,0,0,,1.8800000000000006
Central Washington University,UG,UG,Display,North Dakota (State),2024,4,Apr,289,0,0,0,0,0,,1.7400000000000002
Central Washington University,UG,UG,Display,South Dakota (State),2024,4,Apr,288,0,0,0,0,0,,1.5000000000000004
Central Washington University,UG,Adult Learner,Display,Texas (State),2024,4,Apr,263,0,0,0,0,0,,3.5599999999999996
Central Washington University,UG,UG,Display,Rhode Island (State),2024,4,Apr,263,0,0,0,0,0,,1.9700000000000004
Central Washington University,UG,Adult Learner,Display,New York (State),2024,4,Apr,256,1,0,0,0,0,,3.1799999999999997
Central Washington University,UG,UG,Display,Wyoming (State),2024,4,Apr,191,0,0,0,0,0,,1.3100000000000007
Central Washington University,UG,Adult Learner,Display,Tennessee (State),2024,4,Apr,176,0,0,0,0,0,,2.47
Central Washington University,UG,Adult Learner,Display,Vermont (State),2024,4,Apr,144,0,0,0,0,0,,1.8600000000000005
Central Washington University,UG,UG,Display,Vermont (State),2024,4,Apr,142,0,0,0,0,0,,0.86000000000000021
Central Washington University,UG,Adult Learner,Display,Missouri (State),2024,4,Apr,131,0,0,0,0,0,,1.7500000000000004
Central Washington University,UG,Adult Learner,Display,Illinois (State),2024,4,Apr,112,0,0,0,0,0,,1.5200000000000002
Central Washington University,UG,Adult Learner,Display,Massachusetts (State),2024,4,Apr,105,0,0,0,0,0,,1.5100000000000005
Central Washington University,UG,Adult Learner,Display,Montana (State),2024,4,Apr,101,0,0,0,0,0,,1.16
Central Washington University,UG,Adult Learner,Display,Wisconsin (State),2024,4,Apr,89,0,0,0,0,0,,1.26
Central Washington University,UG,Adult Learner,Display,Michigan (State),2024,4,Apr,80,0,0,0,0,0,,0.94000000000000006
Central Washington University,UG,Adult Learner,Display,Connecticut (State),2024,4,Apr,72,0,0,0,0,0,,1.17
Central Washington University,UG,Adult Learner,Display,Arizona (State),2024,4,Apr,72,0,0,0,0,0,,0.86000000000000021
Central Washington University,UG,Adult Learner,Display,Florida (State),2024,4,Apr,68,0,0,0,0,0,,0.82000000000000017
Central Washington University,UG,Adult Learner,Display,Minnesota (State),2024,4,Apr,66,0,0,0,0,0,,0.67999999999999994
Central Washington University,UG,Adult Learner,Display,North Carolina (State),2024,4,Apr,58,0,0,0,0,0,,0.83000000000000007
Central Washington University,UG,Adult Learner,Display,Georgia (State),2024,4,Apr,45,0,0,0,0,0,,0.57000000000000006
Central Washington University,UG,Adult Learner,Display,Maryland (State),2024,4,Apr,41,0,0,0,0,0,,0.4900000000000001
Central Washington University,UG,Adult Learner,Display,Utah (State),2024,4,Apr,39,0,0,0,0,0,,0.70000000000000007
Central Washington University,UG,Adult Learner,Display,Nevada (State),2024,4,Apr,34,0,0,0,0,0,,0.37000000000000011
Central Washington University,UG,Adult Learner,Display,New Hampshire (State),2024,4,Apr,34,0,0,0,0,0,,0.60000000000000009
Central Washington University,UG,Adult Learner,Display,Indiana (State),2024,4,Apr,32,0,0,0,0,0,,0.37
Central Washington University,UG,Adult Learner,Display,Idaho (State),2024,4,Apr,32,0,0,0,0,0,,0.32
Central Washington University,UG,Adult Learner,Display,New Mexico (State),2024,4,Apr,28,0,0,0,0,0,,0.44000000000000006
Central Washington University,UG,Adult Learner,Display,New Jersey (State),2024,4,Apr,24,0,0,0,0,0,,0.31
Central Washington University,UG,Adult Learner,Display,Ohio (State),2024,4,Apr,22,0,0,0,0,0,,0.26000000000000006
Central Washington University,UG,Adult Learner,Display,Virginia (State),2024,4,Apr,18,0,0,0,0,0,,0.25
Central Washington University,UG,Adult Learner,Display,North Dakota (State),2024,4,Apr,14,0,0,0,0,0,,0.2
Central Washington University,UG,Adult Learner,Display,Hawaii (State),2024,4,Apr,13,0,0,0,0,0,,0.15
Central Washington University,UG,Adult Learner,Display,Oklahoma (State),2024,4,Apr,13,0,0,0,0,0,,0.13
Central Washington University,UG,Adult Learner,Display,Pennsylvania (State),2024,4,Apr,13,0,0,0,0,0,,0.16
Central Washington University,UG,Adult Learner,Display,Kentucky (State),2024,4,Apr,12,0,0,0,0,0,,0.12
Central Washington University,UG,Adult Learner,Display,Louisiana (State),2024,4,Apr,9,0,0,0,0,0,,0.11
Central Washington University,UG,Adult Learner,Display,South Carolina (State),2024,4,Apr,7,0,0,0,0,0,,0.060000000000000005
Central Washington University,UG,Adult Learner,Display,Colorado (State),2024,4,Apr,6,0,0,0,0,0,,0.060000000000000005
Central Washington University,UG,Adult Learner,Display,Kansas (State),2024,4,Apr,4,0,0,0,0,0,,0.04
Central Washington University,UG,Adult Learner,Display,Iowa (State),2024,4,Apr,3,0,0,0,0,0,,0.03
Central Washington University,UG,Adult Learner,Display,District of Columbia,2024,4,Apr,3,0,0,0,0,0,,0.04
Central Washington University,UG,Adult Learner,Display,Maine (State),2024,4,Apr,2,0,0,0,0,0,,0.02
Central Washington University,UG,Adult Learner,Display,West Virginia (State),2024,4,Apr,2,0,0,0,0,0,,0.02
Central Washington University,UG,Adult Learner,Display,Alabama (State),2024,4,Apr,2,0,0,0,0,0,,0.02
Central Washington University,UG,Adult Learner,Display,Arkansas (State),2024,4,Apr,1,0,0,0,0,0,,0.01
Central Washington University,UG,Adult Learner,Display,Rhode Island (State),2024,4,Apr,1,0,0,0,0,0,,0.01
Central Washington University,UG,Adult Learner,Display,Nebraska (State),2024,4,Apr,1,0,0,0,0,0,,0.01
Central Washington University,UG,UG,YouTube,California (State),2024,5,May,695020,121,0,0,0,0,,3211.0700000000015
Central Washington University,UG,UG,Meta,,2024,5,May,128124,609,0,0,0,0,,1007.870000000001
Central Washington University,UG,Adult Learner,Meta,,2024,5,May,120516,343,0,0,11,11,,3594.920000000001
Central Washington University,UG,UG,Display,Washington (State),2024,5,May,115282,43,0,33,0,33,,731.04000000000019
Central Washington University,UG,UG,YouTube,Washington (State),2024,5,May,92848,22,0,0,0,0,,474.16999999999928
Central Washington University,UG,UG,YouTube,Colorado (State),2024,5,May,58589,10,0,0,0,0,,320.68999999999983
Central Washington University,UG,UG,YouTube,Oregon (State),2024,5,May,47555,12,0,0,0,0,,246.15999999999988
Central Washington University,UG,UG,YouTube,Arkansas (State),2024,5,May,39684,8,0,0,0,0,,253.71999999999983
Central Washington University,UG,UG,PPC,Washington,2024,5,May,18144,2332,117.48,0,0,117.48,,6291.3199999999988
Central Washington University,UG,UG,Display,California (State),2024,5,May,15990,2,0,0,0,0,,98.679999999999922
Central Washington University,UG,UG,YouTube,Idaho (State),2024,5,May,14179,1,0,0,0,0,,81.049999999999983
Central Washington University,UG,UG,Display,Texas (State),2024,5,May,8409,0,0,0,0,0,,56.92
Central Washington University,UG,UG,Display,New York (State),2024,5,May,6958,3,0,0,0,0,,47.690000000000005
Central Washington University,UG,UG,Display,Oregon (State),2024,5,May,6721,4,0,1,0,1,,43.249999999999993
Central Washington University,UG,UG,Display,Florida (State),2024,5,May,6528,2,0,0,0,0,,46.870000000000005
Central Washington University,UG,UG,PPC,California,2024,5,May,6357,547,2,0,0,2,,3007.42
Central Washington University,UG,UG,Display,Illinois (State),2024,5,May,4296,1,0,0,0,0,,27.670000000000009
Central Washington University,UG,UG,PPC,Oregon,2024,5,May,4088,583,18.98,0,0,18.98,,2631.4499999999994
Central Washington University,UG,UG,Display,Ohio (State),2024,5,May,3726,2,0,0,0,0,,24.930000000000003
Central Washington University,UG,UG,Display,Pennsylvania (State),2024,5,May,3714,2,0,2,0,2,,23.530000000000005
Central Washington University,UG,UG,Display,Arizona (State),2024,5,May,3341,1,0,0,0,0,,22.590000000000003
Central Washington University,UG,UG,Display,Virginia (State),2024,5,May,3068,0,0,0,0,0,,20.710000000000004
Central Washington University,UG,UG,Display,North Carolina (State),2024,5,May,3064,2,0,1,0,1,,19.690000000000005
Central Washington University,UG,UG,Display,Georgia (State),2024,5,May,2957,1,0,0,0,0,,21.160000000000007
Central Washington University,UG,UG,Display,Michigan (State),2024,5,May,2359,1,0,0,0,0,,13.960000000000003
Central Washington University,UG,UG,Display,Massachusetts (State),2024,5,May,2188,1,0,1,0,1,,13.450000000000003
Central Washington University,UG,UG,Display,Missouri (State),2024,5,May,2111,0,0,1,0,1,,13.010000000000002
Central Washington University,UG,UG,Display,Colorado (State),2024,5,May,2104,1,0,0,0,0,,13.930000000000001
Central Washington University,UG,UG,Display,Idaho (State),2024,5,May,1998,1,0,1,0,1,,11.649999999999999
Central Washington University,UG,UG,Display,Wisconsin (State),2024,5,May,1991,0,0,0,0,0,,11.550000000000002
Central Washington University,UG,UG,Display,New Jersey (State),2024,5,May,1972,0,0,0,0,0,,12.720000000000002
Central Washington University,UG,UG,Display,Tennessee (State),2024,5,May,1716,2,0,0,0,0,,10.400000000000002
Central Washington University,UG,UG,Display,Maryland (State),2024,5,May,1566,1,0,0,0,0,,11.070000000000002
Central Washington University,UG,UG,Display,Minnesota (State),2024,5,May,1414,0,0,0,0,0,,9.5000000000000036
Central Washington University,UG,UG,Display,Indiana (State),2024,5,May,1391,1,0,0,0,0,,8.61
Central Washington University,UG,UG,PPC,Idaho,2024,5,May,1317,220,4,0,0,4,,988.92
Central Washington University,UG,UG,PPC,San Francisco Bay Area,2024,5,May,1299,99,2,0,0,2,,568.1
Central Washington University,UG,UG,PPC,Colorado,2024,5,May,1243,156,3,0,0,3,,874.63999999999987
Central Washington University,UG,UG,Display,Hawaii (State),2024,5,May,1113,1,0,0,0,0,,5.81
Central Washington University,UG,UG,Display,Utah (State),2024,5,May,1089,0,0,0,0,0,,6.9200000000000017
Central Washington University,UG,UG,Display,Alabama (State),2024,5,May,1061,1,0,0,0,0,,6.65
Central Washington University,UG,UG,Display,Connecticut (State),2024,5,May,1025,0,0,0,0,0,,5.9799999999999995
Central Washington University,UG,UG,Display,Nevada (State),2024,5,May,977,0,0,0,0,0,,5.6800000000000024
Central Washington University,UG,UG,Display,Arkansas (State),2024,5,May,907,0,0,0,0,0,,4.27
Central Washington University,UG,UG,Display,Louisiana (State),2024,5,May,904,0,0,0,0,0,,6.0500000000000007
Central Washington University,UG,UG,Display,South Carolina (State),2024,5,May,887,0,0,0,0,0,,6.33
Central Washington University,UG,UG,Display,Kentucky (State),2024,5,May,777,1,0,0,0,0,,4.8600000000000012
Central Washington University,UG,UG,Display,Montana (State),2024,5,May,725,0,0,1,0,1,,4.6700000000000008
Central Washington University,UG,UG,Display,Alaska (State),2024,5,May,711,0,0,0,0,0,,3.74
Central Washington University,UG,UG,Display,Iowa (State),2024,5,May,657,1,0,0,0,0,,3.99
Central Washington University,UG,UG,Display,Kansas (State),2024,5,May,642,0,0,0,0,0,,3.8499999999999996
Central Washington University,UG,UG,Display,Oklahoma (State),2024,5,May,633,0,0,0,0,0,,3.6700000000000004
Central Washington University,UG,UG,PPC,Alaska,2024,5,May,622,92,1,0,0,1,,463.15000000000009
Central Washington University,UG,UG,Display,Nebraska (State),2024,5,May,613,1,0,0,0,0,,3.73
Central Washington University,UG,UG,Display,District of Columbia,2024,5,May,593,0,0,0,0,0,,4.25
Central Washington University,UG,UG,PPC,Silicon Valley,2024,5,May,577,49,1,0,0,1,,261.53000000000003
Central Washington University,UG,UG,Display,New Hampshire (State),2024,5,May,551,0,0,0,0,0,,4.07
Central Washington University,UG,UG,Display,New Mexico (State),2024,5,May,535,1,0,0,0,0,,3.2199999999999993
Central Washington University,UG,UG,Display,Maine (State),2024,5,May,523,0,0,0,0,0,,3.3600000000000008
Central Washington University,UG,UG,Display,Mississippi (State),2024,5,May,464,1,0,0,0,0,,3.0500000000000003
Central Washington University,UG,UG,Display,West Virginia (State),2024,5,May,398,0,0,0,0,0,,2.55
Central Washington University,UG,UG,Display,North Dakota (State),2024,5,May,362,0,0,0,0,0,,2.4000000000000004
Central Washington University,UG,UG,Display,Delaware (State),2024,5,May,307,0,0,0,0,0,,2.34
Central Washington University,UG,UG,Display,Rhode Island (State),2024,5,May,283,0,0,0,0,0,,1.8400000000000003
Central Washington University,UG,UG,Display,South Dakota (State),2024,5,May,203,0,0,0,0,0,,1.1200000000000003
Central Washington University,UG,UG,Display,Vermont (State),2024,5,May,164,0,0,0,0,0,,1.0400000000000003
Central Washington University,UG,UG,Display,Wyoming (State),2024,5,May,141,0,0,0,0,0,,0.96000000000000019
Central Washington University,UG,Adult Learner,Meta,,2024,6,Jun,119656,391,0,0,7,7,,3207.1100000000024
Central Washington University,UG,UG,Display,Washington (State),2024,6,Jun,89295,44,0,45,0,45,,754.01000000000033
Central Washington University,UG,UG,PPC,Washington,2024,6,Jun,18688,3043,128.32999999999998,0,0,128.32999999999998,,5961.5
Central Washington University,UG,UG,Display,California (State),2024,6,Jun,12906,5,0,0,0,0,,105.83999999999992
Central Washington University,UG,UG,Display,Texas (State),2024,6,Jun,7197,4,0,0,0,0,,62.120000000000012
Central Washington University,UG,UG,PPC,California,2024,6,Jun,6140,660,16,0,0,16,,3366.4200000000005
Central Washington University,UG,UG,Display,Oregon (State),2024,6,Jun,5349,1,0,3,0,3,,43.63000000000001
Central Washington University,UG,UG,Display,New York (State),2024,6,Jun,4405,2,0,0,0,0,,40.19
Central Washington University,UG,UG,PPC,Oregon,2024,6,Jun,4206,643,4,0,0,4,,2402.69
Central Washington University,UG,UG,Display,Florida (State),2024,6,Jun,4035,4,0,3,0,3,,35.480000000000004
Central Washington University,UG,UG,Display,Illinois (State),2024,6,Jun,2563,2,0,0,0,0,,22.940000000000008
Central Washington University,UG,UG,Display,Arizona (State),2024,6,Jun,2148,0,0,0,0,0,,18.86
Central Washington University,UG,UG,Display,Virginia (State),2024,6,Jun,2028,1,0,0,0,0,,18.3
Central Washington University,UG,UG,Display,Pennsylvania (State),2024,6,Jun,1902,0,0,0,0,0,,17.1
Central Washington University,UG,UG,Display,Idaho (State),2024,6,Jun,1873,0,0,0,0,0,,15.880000000000006
Central Washington University,UG,UG,Display,North Carolina (State),2024,6,Jun,1844,0,0,0,0,0,,17.660000000000004
Central Washington University,UG,UG,Display,Ohio (State),2024,6,Jun,1694,1,0,0,0,0,,14.570000000000002
Central Washington University,UG,UG,Display,Georgia (State),2024,6,Jun,1676,0,0,0,0,0,,14.860000000000001
Central Washington University,UG,UG,Display,Massachusetts (State),2024,6,Jun,1611,3,0,0,0,0,,14.52
Central Washington University,UG,UG,Display,Colorado (State),2024,6,Jun,1535,0,0,0,0,0,,13.670000000000003
Central Washington University,UG,UG,Display,Missouri (State),2024,6,Jun,1427,0,0,0,0,0,,12.270000000000001
Central Washington University,UG,UG,Display,Wisconsin (State),2024,6,Jun,1321,0,0,0,0,0,,11.650000000000004
Central Washington University,UG,UG,PPC,San Francisco Bay Area,2024,6,Jun,1246,121,3,0,0,3,,603.80000000000007
Central Washington University,UG,UG,PPC,Idaho,2024,6,Jun,1232,173,3,0,0,3,,594.71999999999991
Central Washington University,UG,UG,PPC,Colorado,2024,6,Jun,1216,180,3,0,0,3,,824.87000000000012
Central Washington University,UG,UG,Display,Michigan (State),2024,6,Jun,1155,1,0,0,0,0,,9.3600000000000012
Central Washington University,UG,UG,Display,Hawaii (State),2024,6,Jun,1086,1,0,0,0,0,,7.71
Central Washington University,UG,UG,Display,Nevada (State),2024,6,Jun,1046,0,0,0,0,0,,8.0399999999999974
Central Washington University,UG,UG,Display,Maryland (State),2024,6,Jun,980,0,0,0,0,0,,9.1399999999999988
Central Washington University,UG,UG,Display,Tennessee (State),2024,6,Jun,975,1,0,0,0,0,,8.31
Central Washington University,UG,UG,Display,New Jersey (State),2024,6,Jun,971,0,0,0,0,0,,9.0400000000000009
Central Washington University,UG,UG,Display,Minnesota (State),2024,6,Jun,939,0,0,0,0,0,,8.22
Central Washington University,UG,UG,Display,Utah (State),2024,6,Jun,835,0,0,0,0,0,,6.5399999999999991
Central Washington University,UG,UG,Display,Indiana (State),2024,6,Jun,807,2,0,0,0,0,,6.32
Central Washington University,UG,UG,Display,Alaska (State),2024,6,Jun,793,0,0,1,0,1,,5.9800000000000013
Central Washington University,UG,UG,Display,South Carolina (State),2024,6,Jun,652,0,0,0,0,0,,5.45
Central Washington University,UG,UG,Display,Montana (State),2024,6,Jun,650,0,0,0,0,0,,5.09
Central Washington University,UG,UG,PPC,Alaska,2024,6,Jun,589,107,4,0,0,4,,694.01
Central Washington University,UG,UG,Display,Alabama (State),2024,6,Jun,553,0,0,0,0,0,,4.7599999999999989
Central Washington University,UG,UG,Display,Iowa (State),2024,6,Jun,551,0,0,1,0,1,,4.3599999999999994
Central Washington University,UG,UG,Display,Oklahoma (State),2024,6,Jun,510,0,0,0,0,0,,4.2299999999999995
Central Washington University,UG,UG,PPC,Silicon Valley,2024,6,Jun,504,51,0,0,0,0,,222.66000000000003
Central Washington University,UG,UG,Display,Kentucky (State),2024,6,Jun,498,0,0,0,0,0,,4.3199999999999994
Central Washington University,UG,UG,Display,Arkansas (State),2024,6,Jun,485,0,0,0,0,0,,3.4399999999999995
Central Washington University,UG,UG,Display,Louisiana (State),2024,6,Jun,465,0,0,0,0,0,,4.05
Central Washington University,UG,UG,Display,New Mexico (State),2024,6,Jun,438,0,0,0,0,0,,3.5900000000000003
Central Washington University,UG,UG,Display,Kansas (State),2024,6,Jun,419,0,0,0,0,0,,3.6199999999999992
Central Washington University,UG,UG,Display,Connecticut (State),2024,6,Jun,389,0,0,0,0,0,,2.9499999999999993
Central Washington University,UG,UG,Display,Nebraska (State),2024,6,Jun,373,0,0,0,0,0,,3.1199999999999992
Central Washington University,UG,UG,Display,Mississippi (State),2024,6,Jun,274,1,0,0,0,0,,2.45
Central Washington University,UG,UG,Display,New Hampshire (State),2024,6,Jun,223,0,0,0,0,0,,1.7600000000000002
Central Washington University,UG,UG,Display,District of Columbia,2024,6,Jun,223,0,0,0,0,0,,2.2100000000000009
Central Washington University,UG,UG,Display,Wyoming (State),2024,6,Jun,223,0,0,0,0,0,,1.7900000000000007
Central Washington University,UG,UG,Display,Maine (State),2024,6,Jun,196,0,0,0,0,0,,1.6600000000000006
Central Washington University,UG,UG,Display,South Dakota (State),2024,6,Jun,174,0,0,0,0,0,,1.3900000000000003
Central Washington University,UG,UG,Display,Rhode Island (State),2024,6,Jun,169,0,0,0,0,0,,1.1900000000000004
Central Washington University,UG,UG,Display,West Virginia (State),2024,6,Jun,167,0,0,0,0,0,,1.4300000000000006
Central Washington University,UG,UG,Display,North Dakota (State),2024,6,Jun,138,0,0,0,0,0,,1.1700000000000004
Central Washington University,UG,UG,Display,Vermont (State),2024,6,Jun,100,0,0,0,0,0,,0.8600000000000001
Central Washington University,UG,UG,Display,Delaware (State),2024,6,Jun,71,0,0,0,0,0,,0.53
Central Washington University,UG + TRN,UG + TRN,Display,Washington (State),2024,7,Jul,137990,43,0,37,0,37,,621.43000000000006
Central Washington University,UG,Adult Learner,Meta,,2024,7,Jul,108583,456,0,0,34,34,,1888.8799999999999
Central Washington University,UG,Parent,Meta,,2024,7,Jul,101616,381,0,0,3,3,,1638.1399999999971
Central Washington University,TRN,Transfer,Meta,,2024,7,Jul,49056,105,0,0,0,0,,748.41999999999939
Central Washington University,UG,UG,Meta,,2024,7,Jul,48543,99,0,0,3,3,,720.08999999999992
Central Washington University,UG + TRN,UG + TRN,PPC,Washington,2024,7,Jul,21399,3410,189.8,0,0,189.8,,7486.39
Central Washington University,UG + TRN,UG + TRN,Display,California (State),2024,7,Jul,18706,3,0,0,0,0,,77.749999999999972
Central Washington University,UG + TRN,UG + TRN,Display,Texas (State),2024,7,Jul,8601,3,0,0,0,0,,42.210000000000015
Central Washington University,UG + TRN,UG + TRN,Display,Oregon (State),2024,7,Jul,7688,4,0,3,0,3,,31.920000000000009
Central Washington University,UG + TRN,UG + TRN,Display,Florida (State),2024,7,Jul,6206,0,0,0,0,0,,31.940000000000008
Central Washington University,UG + TRN,UG + TRN,Display,New York (State),2024,7,Jul,6071,4,0,2,0,2,,30.190000000000012
Central Washington University,UG + TRN,UG + TRN,Display,Illinois (State),2024,7,Jul,3964,0,0,0,0,0,,17.500000000000004
Central Washington University,UG + TRN,UG + TRN,Display,Virginia (State),2024,7,Jul,3516,0,0,0,0,0,,17.43
Central Washington University,UG + TRN,UG + TRN,Display,Colorado (State),2024,7,Jul,3477,0,0,0,0,0,,16.750000000000004
Central Washington University,UG + TRN,UG + TRN,Display,Pennsylvania (State),2024,7,Jul,3400,1,0,0,0,0,,17.19
Central Washington University,UG + TRN,UG + TRN,Display,Arizona (State),2024,7,Jul,3216,0,0,0,0,0,,14.14
Central Washington University,UG + TRN,UG + TRN,Display,Georgia (State),2024,7,Jul,3060,0,0,0,0,0,,16.200000000000003
Central Washington University,UG + TRN,UG + TRN,Display,Ohio (State),2024,7,Jul,2878,3,0,0,0,0,,15.870000000000005
Central Washington University,UG + TRN,UG + TRN,Display,North Carolina (State),2024,7,Jul,2741,0,0,0,0,0,,14.450000000000003
Central Washington University,UG + TRN,UG + TRN,Display,Idaho (State),2024,7,Jul,2713,1,0,0,0,0,,10.859999999999998
Central Washington University,UG + TRN,UG + TRN,Display,Maryland (State),2024,7,Jul,2277,0,0,0,0,0,,13
Central Washington University,UG + TRN,UG + TRN,Display,Massachusetts (State),2024,7,Jul,2242,0,0,0,0,0,,11.830000000000004
Central Washington University,UG + TRN,UG + TRN,Display,Michigan (State),2024,7,Jul,2042,1,0,0,0,0,,10.030000000000003
Central Washington University,UG + TRN,UG + TRN,Display,Wisconsin (State),2024,7,Jul,1853,0,0,0,0,0,,8.6700000000000017
Central Washington University,UG + TRN,UG + TRN,Display,Minnesota (State),2024,7,Jul,1747,0,0,0,0,0,,8.2900000000000027
Central Washington University,UG + TRN,UG + TRN,Display,New Jersey (State),2024,7,Jul,1719,0,0,0,0,0,,9.1600000000000019
Central Washington University,UG + TRN,UG + TRN,Display,Missouri (State),2024,7,Jul,1680,1,0,1,0,1,,7.7400000000000011
Central Washington University,UG + TRN,UG + TRN,Display,Hawaii (State),2024,7,Jul,1560,0,0,1,0,1,,6.6500000000000021
Central Washington University,UG + TRN,UG + TRN,Display,Nevada (State),2024,7,Jul,1478,1,0,0,0,0,,6.53
Central Washington University,UG + TRN,UG + TRN,Display,Tennessee (State),2024,7,Jul,1437,0,0,0,0,0,,7.3900000000000015
Central Washington University,UG + TRN,UG + TRN,Display,Utah (State),2024,7,Jul,1406,1,0,0,0,0,,6.4100000000000028
Central Washington University,UG + TRN,UG + TRN,Display,Alaska (State),2024,7,Jul,1190,0,0,0,0,0,,5.04
Central Washington University,UG + TRN,UG + TRN,Display,Kentucky (State),2024,7,Jul,925,0,0,0,0,0,,4.92
Central Washington University,UG + TRN,UG + TRN,Display,Alabama (State),2024,7,Jul,920,0,0,0,0,0,,4.25
Central Washington University,UG + TRN,UG + TRN,Display,Indiana (State),2024,7,Jul,906,0,0,0,0,0,,4.55
Central Washington University,UG + TRN,UG + TRN,Display,Montana (State),2024,7,Jul,853,0,0,0,0,0,,3.3099999999999996
Central Washington University,UG + TRN,UG + TRN,PPC,Oregon,2024,7,Jul,710,62,0,0,0,0,,163.39000000000001
Central Washington University,UG + TRN,UG + TRN,Display,South Carolina (State),2024,7,Jul,680,0,0,0,0,0,,2.6600000000000006
Central Washington University,UG + TRN,UG + TRN,Display,Iowa (State),2024,7,Jul,666,0,0,0,0,0,,2.73
Central Washington University,UG + TRN,UG + TRN,Display,Louisiana (State),2024,7,Jul,628,0,0,0,0,0,,2.6199999999999992
Central Washington University,UG + TRN,UG + TRN,Display,Kansas (State),2024,7,Jul,599,0,0,0,0,0,,3.1400000000000006
Central Washington University,UG + TRN,UG + TRN,Display,Nebraska (State),2024,7,Jul,544,0,0,0,0,0,,2.16
Central Washington University,UG + TRN,UG + TRN,Display,Connecticut (State),2024,7,Jul,534,1,0,0,0,0,,3.03
Central Washington University,UG + TRN,UG + TRN,Display,New Mexico (State),2024,7,Jul,532,0,0,0,0,0,,1.9900000000000007
Central Washington University,UG + TRN,UG + TRN,Display,Oklahoma (State),2024,7,Jul,512,0,0,0,0,0,,2.3600000000000003
Central Washington University,UG + TRN,UG + TRN,Display,New Hampshire (State),2024,7,Jul,470,0,0,0,0,0,,2.1600000000000006
Central Washington University,UG + TRN,UG + TRN,Display,Arkansas (State),2024,7,Jul,456,0,0,0,0,0,,1.7700000000000007
Central Washington University,UG + TRN,UG + TRN,Display,North Dakota (State),2024,7,Jul,439,0,0,0,0,0,,1.6700000000000006
Central Washington University,UG + TRN,UG + TRN,Display,District of Columbia,2024,7,Jul,430,0,0,0,0,0,,2.69
Central Washington University,UG + TRN,UG + TRN,Display,Mississippi (State),2024,7,Jul,371,0,0,0,0,0,,2.18
Central Washington University,UG + TRN,UG + TRN,Display,Maine (State),2024,7,Jul,326,0,0,0,0,0,,1.4600000000000004
Central Washington University,UG + TRN,UG + TRN,Display,Wyoming (State),2024,7,Jul,324,0,0,0,0,0,,1.4500000000000006
Central Washington University,UG + TRN,UG + TRN,Display,Rhode Island (State),2024,7,Jul,276,0,0,0,0,0,,1.4600000000000004
Central Washington University,UG + TRN,UG + TRN,Display,West Virginia (State),2024,7,Jul,194,0,0,0,0,0,,0.94000000000000017
Central Washington University,UG + TRN,UG + TRN,PPC,Idaho,2024,7,Jul,122,9,0,0,0,0,,11.030000000000001
Central Washington University,UG + TRN,UG + TRN,Display,Delaware (State),2024,7,Jul,117,0,0,0,0,0,,0.53000000000000014
Central Washington University,UG + TRN,UG + TRN,Display,South Dakota (State),2024,7,Jul,109,0,0,0,0,0,,0.41000000000000014
Central Washington University,UG + TRN,UG + TRN,Display,Vermont (State),2024,7,Jul,76,0,0,0,0,0,,0.33000000000000007
Central Washington University,UG,UG,Display,Washington (State),2024,8,Aug,2369860,1516,0,0,0,0,,2035.2100000000003
Central Washington University,UG,UG,TikTok,,2024,8,Aug,766983,14370,0,0,0,0,,8000.09
Central Washington University,UG,UG,Display,Oregon (State),2024,8,Aug,745608,529,0,0,0,0,,648.33000000000015
Central Washington University,UG,UG,Meta,,2024,8,Aug,264346,516,0,0,10,10,,3063.96
Central Washington University,TRN,Transfer,Meta,,2024,8,Aug,236323,842,0,0,20,20,,2961.0200000000018
Central Washington University,UG,Parent,Meta,,2024,8,Aug,225679,1023,0,0,21,21,,2991.0000000000045
Central Washington University,UG,Adult Learner,Meta,,2024,8,Aug,132134,582,0,0,31,31,,2120.7
Central Washington University,UG + TRN,UG + TRN,Display,Washington (State),2024,8,Aug,119436,29,0,34,0,34,,636.85
Central Washington University,UG,UG,YouTube,Washington (State),2024,8,Aug,92824,18,0,0,0,0,,1441.0400000000009
Central Washington University,UG,UG,Display,Idaho (State),2024,8,Aug,82095,44,0,0,0,0,,68.72
Central Washington University,UG + TRN,UG + TRN,PPC,Washington,2024,8,Aug,20531,3100,219.36,0,0,219.36,,7243.4999999999991
Central Washington University,UG,UG,YouTube,Oregon (State),2024,8,Aug,16263,6,0,0,0,0,,243.02000000000004
Central Washington University,UG + TRN,UG + TRN,Display,California (State),2024,8,Aug,15463,4,0,1,0,1,,85.039999999999964
Central Washington University,UG + TRN,UG + TRN,Display,Texas (State),2024,8,Aug,7692,2,0,1,0,1,,45.360000000000021
Central Washington University,UG + TRN,UG + TRN,Display,Oregon (State),2024,8,Aug,6708,1,0,0,0,0,,35.160000000000011
Central Washington University,UG + TRN,UG + TRN,Display,Florida (State),2024,8,Aug,5139,1,0,0,0,0,,31.27000000000001
Central Washington University,UG + TRN,UG + TRN,Display,New York (State),2024,8,Aug,4314,2,0,0,0,0,,24.789999999999996
Central Washington University,UG + TRN,UG + TRN,Display,Arizona (State),2024,8,Aug,3274,0,0,1,0,1,,17.51
Central Washington University,UG + TRN,UG + TRN,Display,Idaho (State),2024,8,Aug,2846,0,0,0,0,0,,14.710000000000004
Central Washington University,UG + TRN,UG + TRN,Display,Illinois (State),2024,8,Aug,2723,0,0,0,0,0,,15.320000000000002
Central Washington University,UG + TRN,UG + TRN,Display,Colorado (State),2024,8,Aug,2681,0,0,0,0,0,,17.020000000000003
Central Washington University,UG + TRN,UG + TRN,Display,Virginia (State),2024,8,Aug,2649,1,0,0,0,0,,15.250000000000002
Central Washington University,UG + TRN,UG + TRN,Display,Georgia (State),2024,8,Aug,2306,0,0,0,0,0,,14.09
Central Washington University,UG + TRN,UG + TRN,Display,Pennsylvania (State),2024,8,Aug,2158,0,0,0,0,0,,13.16
Central Washington University,UG + TRN,UG + TRN,Display,North Carolina (State),2024,8,Aug,2132,0,0,0,0,0,,13.930000000000007
Central Washington University,UG + TRN,UG + TRN,Display,Ohio (State),2024,8,Aug,2067,0,0,0,0,0,,12.810000000000006
Central Washington University,UG + TRN,UG + TRN,Display,Maryland (State),2024,8,Aug,1519,0,0,0,0,0,,9.72
Central Washington University,UG + TRN,UG + TRN,Display,Massachusetts (State),2024,8,Aug,1497,0,0,0,0,0,,9.2400000000000038
Central Washington University,UG + TRN,UG + TRN,Display,Michigan (State),2024,8,Aug,1490,1,0,0,0,0,,9.8400000000000034
Central Washington University,UG + TRN,UG + TRN,Display,Minnesota (State),2024,8,Aug,1363,0,0,0,0,0,,9.0800000000000018
Central Washington University,UG + TRN,UG + TRN,Display,Missouri (State),2024,8,Aug,1313,0,0,0,0,0,,7.07
Central Washington University,UG + TRN,UG + TRN,Display,Hawaii (State),2024,8,Aug,1255,0,0,0,0,0,,6.2
Central Washington University,UG + TRN,UG + TRN,Display,Utah (State),2024,8,Aug,1243,1,0,0,0,0,,7.2799999999999985
Central Washington University,UG,UG,YouTube,Idaho (State),2024,8,Aug,1180,0,0,0,0,0,,18.25
Central Washington University,UG + TRN,UG + TRN,Display,Alaska (State),2024,8,Aug,1145,1,0,0,0,0,,5.78
Central Washington University,UG + TRN,UG + TRN,Display,Nevada (State),2024,8,Aug,1119,0,0,0,0,0,,6.4099999999999993
Central Washington University,UG + TRN,UG + TRN,Display,New Jersey (State),2024,8,Aug,1075,0,0,0,0,0,,7.1100000000000012
Central Washington University,UG + TRN,UG + TRN,Display,Tennessee (State),2024,8,Aug,1073,1,0,0,0,0,,6.46
Central Washington University,UG + TRN,UG + TRN,Display,Wisconsin (State),2024,8,Aug,927,1,0,0,0,0,,5.4899999999999993
Central Washington University,UG + TRN,UG + TRN,Display,Montana (State),2024,8,Aug,852,0,0,0,0,0,,4.2900000000000009
Central Washington University,UG + TRN,UG + TRN,Display,Indiana (State),2024,8,Aug,822,0,0,0,0,0,,4.9700000000000006
Central Washington University,UG + TRN,UG + TRN,PPC,Oregon,2024,8,Aug,821,75,2,0,0,2,,165.45
Central Washington University,UG + TRN,UG + TRN,Display,Alabama (State),2024,8,Aug,773,1,0,0,0,0,,4.3900000000000006
Central Washington University,UG + TRN,UG + TRN,Display,Kansas (State),2024,8,Aug,599,0,0,0,0,0,,3.2400000000000007
Central Washington University,UG + TRN,UG + TRN,Display,Arkansas (State),2024,8,Aug,565,0,0,0,0,0,,3.3700000000000006
Central Washington University,UG + TRN,UG + TRN,Display,Kentucky (State),2024,8,Aug,558,0,0,0,0,0,,3.5800000000000005
Central Washington University,UG + TRN,UG + TRN,Display,New Mexico (State),2024,8,Aug,536,0,0,0,0,0,,2.6000000000000005
Central Washington University,UG + TRN,UG + TRN,Display,Nebraska (State),2024,8,Aug,527,0,0,0,0,0,,2.9199999999999995
Central Washington University,UG + TRN,UG + TRN,Display,South Carolina (State),2024,8,Aug,487,1,0,0,0,0,,3.2900000000000009
Central Washington University,UG + TRN,UG + TRN,Display,North Dakota (State),2024,8,Aug,484,0,0,0,0,0,,2.8599999999999985
Central Washington University,UG + TRN,UG + TRN,Display,Iowa (State),2024,8,Aug,447,0,0,0,0,0,,2.0000000000000009
Central Washington University,UG + TRN,UG + TRN,Display,Oklahoma (State),2024,8,Aug,441,0,0,0,0,0,,3.07
Central Washington University,UG + TRN,UG + TRN,Display,Louisiana (State),2024,8,Aug,396,0,0,0,0,0,,2.2699999999999996
Central Washington University,UG + TRN,UG + TRN,Display,Connecticut (State),2024,8,Aug,395,0,0,0,0,0,,2.3000000000000003
Central Washington University,UG + TRN,UG + TRN,Display,Wyoming (State),2024,8,Aug,353,0,0,0,0,0,,1.9500000000000006
Central Washington University,UG + TRN,UG + TRN,Display,Mississippi (State),2024,8,Aug,345,1,0,0,0,0,,1.8600000000000005
Central Washington University,UG + TRN,UG + TRN,Display,District of Columbia,2024,8,Aug,325,0,0,0,0,0,,2.1700000000000004
Central Washington University,UG + TRN,UG + TRN,Display,New Hampshire (State),2024,8,Aug,303,0,0,0,0,0,,1.9900000000000007
Central Washington University,UG + TRN,UG + TRN,Display,Maine (State),2024,8,Aug,202,0,0,0,0,0,,1.2600000000000002
Central Washington University,UG + TRN,UG + TRN,Display,West Virginia (State),2024,8,Aug,158,0,0,0,0,0,,1.1
Central Washington University,UG + TRN,UG + TRN,Display,Delaware (State),2024,8,Aug,138,0,0,0,0,0,,0.97000000000000008
Central Washington University,UG + TRN,UG + TRN,Display,South Dakota (State),2024,8,Aug,124,0,0,0,0,0,,0.7200000000000002
Central Washington University,UG + TRN,UG + TRN,PPC,Idaho,2024,8,Aug,116,7,0,0,0,0,,19.15
Central Washington University,UG + TRN,UG + TRN,Display,Vermont (State),2024,8,Aug,111,0,0,0,0,0,,0.6100000000000001
Central Washington University,UG + TRN,UG + TRN,Display,Rhode Island (State),2024,8,Aug,55,0,0,0,0,0,,0.37
Central Washington University,UG,UG,Display,Washington (State),2024,9,Sep,2915134,1405,0,4,0,4,,2101.4900000000011
Central Washington University,UG,UG,TikTok,,2024,9,Sep,903411,12783,0,0,0,0,,8000.02
Central Washington University,UG,UG,Display,Oregon (State),2024,9,Sep,851223,489,0,0,0,0,,619.52000000000032
Central Washington University,TRN,Transfer,Meta,,2024,9,Sep,229169,803,0,0,21,21,,2861.7600000000043
Central Washington University,UG,Parent,Meta,,2024,9,Sep,206335,929,0,0,16,16,,2991.7000000000044
Central Washington University,UG,UG,Meta,,2024,9,Sep,176037,424,0,0,5,5,,2961.9700000000003
Central Washington University,UG,UG,YouTube,Washington (State),2024,9,Sep,129308,27,0,0,0,0,,2172.3600000000038
Central Washington University,UG,UG,Snapchat Snap Ads,or,2024,9,Sep,121196,387,0,0,0,0,,3252.1600000000003
Central Washington University,UG + TRN,UG + TRN,Display,Washington (State),2024,9,Sep,88786,27,1,35,0,36,,671.76999999999964
Central Washington University,UG,UG,Display,Idaho (State),2024,9,Sep,87239,52,0,0,0,0,,63.020000000000017
Central Washington University,UG,UG,Snapchat Snap Ads,id,2024,9,Sep,61764,175,0,0,0,0,,1395.9800000000002
Central Washington University,UG,UG,YouTube,Oregon (State),2024,9,Sep,36391,11,0,0,0,0,,601.32000000000016
Central Washington University,UG + TRN,UG + TRN,PPC,Washington,2024,9,Sep,21815,3356,249.73,0,0,249.73,,7483.2799999999979
Central Washington University,UG + TRN,UG + TRN,Display,California (State),2024,9,Sep,11639,2,0,3,0,3,,88.649999999999991
Central Washington University,UG + TRN,UG + TRN,Display,Texas (State),2024,9,Sep,7097,4,0,1,0,1,,53.77000000000001
Central Washington University,UG + TRN,UG + TRN,Display,Oregon (State),2024,9,Sep,5140,2,0,1,0,1,,39.210000000000015
Central Washington University,UG + TRN,UG + TRN,Display,New York (State),2024,9,Sep,3544,1,0,0,0,0,,29.240000000000002
Central Washington University,UG + TRN,UG + TRN,Display,Florida (State),2024,9,Sep,2996,1,0,0,0,0,,24.750000000000004
Central Washington University,UG + TRN,UG + TRN,Display,Arizona (State),2024,9,Sep,2982,1,0,0,0,0,,19.700000000000006
Central Washington University,UG,UG,YouTube,Idaho (State),2024,9,Sep,2565,0,0,0,0,0,,43.650000000000013
Central Washington University,UG + TRN,UG + TRN,Display,Idaho (State),2024,9,Sep,2363,1,0,0,0,0,,15.020000000000001
Central Washington University,UG + TRN,UG + TRN,Display,Illinois (State),2024,9,Sep,1617,0,0,0,0,0,,13.320000000000006
Central Washington University,UG + TRN,UG + TRN,Display,Georgia (State),2024,9,Sep,1578,2,0,0,0,0,,14.06
Central Washington University,UG + TRN,UG + TRN,Display,Massachusetts (State),2024,9,Sep,1545,0,0,0,0,0,,11.520000000000001
Central Washington University,UG + TRN,UG + TRN,Display,Pennsylvania (State),2024,9,Sep,1536,0,0,0,0,0,,13.58
Central Washington University,UG + TRN,UG + TRN,Display,Colorado (State),2024,9,Sep,1519,1,0,0,0,0,,14.06
Central Washington University,UG + TRN,UG + TRN,Display,Virginia (State),2024,9,Sep,1497,0,0,0,0,0,,13.039999999999997
Central Washington University,UG + TRN,UG + TRN,Display,Ohio (State),2024,9,Sep,1397,0,0,0,0,0,,11.61
Central Washington University,UG + TRN,UG + TRN,Display,Utah (State),2024,9,Sep,1330,1,0,0,0,0,,10.990000000000002
Central Washington University,UG + TRN,UG + TRN,Display,North Carolina (State),2024,9,Sep,1228,1,0,0,0,0,,10.99
Central Washington University,UG + TRN,UG + TRN,Display,Nevada (State),2024,9,Sep,1192,0,0,1,0,1,,8.57
Central Washington University,UG + TRN,UG + TRN,Display,Maryland (State),2024,9,Sep,1144,0,0,0,0,0,,11.51
Central Washington University,UG + TRN,UG + TRN,Display,Minnesota (State),2024,9,Sep,1067,0,0,0,0,0,,8.7199999999999989
Central Washington University,UG + TRN,UG + TRN,Display,Michigan (State),2024,9,Sep,1035,0,0,0,0,0,,10.49
Central Washington University,UG + TRN,UG + TRN,PPC,Oregon,2024,9,Sep,891,77,5,0,0,5,,138.96
Central Washington University,UG + TRN,UG + TRN,Display,Missouri (State),2024,9,Sep,860,1,0,0,0,0,,6.5500000000000007
Central Washington University,UG + TRN,UG + TRN,Display,New Jersey (State),2024,9,Sep,831,0,0,0,0,0,,7.9399999999999995
Central Washington University,UG + TRN,UG + TRN,Display,Indiana (State),2024,9,Sep,779,0,0,0,0,0,,6.2600000000000007
Central Washington University,UG + TRN,UG + TRN,Display,Alaska (State),2024,9,Sep,745,0,0,0,0,0,,5.1400000000000015
Central Washington University,UG + TRN,UG + TRN,Display,Tennessee (State),2024,9,Sep,734,0,0,2,0,2,,7.08
Central Washington University,UG + TRN,UG + TRN,Display,Iowa (State),2024,9,Sep,730,0,0,0,0,0,,5.2700000000000005
Central Washington University,UG + TRN,UG + TRN,Display,Hawaii (State),2024,9,Sep,710,0,0,0,0,0,,4.97
Central Washington University,UG + TRN,UG + TRN,Display,Montana (State),2024,9,Sep,693,0,0,0,0,0,,4.5799999999999992
Central Washington University,UG + TRN,UG + TRN,Display,New Mexico (State),2024,9,Sep,661,0,0,0,0,0,,4.8100000000000005
Central Washington University,UG + TRN,UG + TRN,Display,Wisconsin (State),2024,9,Sep,653,0,0,0,0,0,,5.36
Central Washington University,UG + TRN,UG + TRN,Display,Alabama (State),2024,9,Sep,599,1,0,1,0,1,,5.1899999999999995
Central Washington University,UG + TRN,UG + TRN,Display,Oklahoma (State),2024,9,Sep,547,0,0,0,0,0,,3.74
Central Washington University,UG + TRN,UG + TRN,Display,Arkansas (State),2024,9,Sep,444,0,0,0,0,0,,3.0300000000000007
Central Washington University,UG + TRN,UG + TRN,Display,South Carolina (State),2024,9,Sep,405,0,0,0,0,0,,3.31
Central Washington University,UG + TRN,UG + TRN,Display,Nebraska (State),2024,9,Sep,398,0,0,0,0,0,,2.41
Central Washington University,UG + TRN,UG + TRN,Display,District of Columbia,2024,9,Sep,398,0,0,0,0,0,,2.9799999999999995
Central Washington University,UG + TRN,UG + TRN,Display,"San Francisco Bay Area,California,United States",2024,9,Sep,392,2,0,0,0,0,,3.0500000000000003
Central Washington University,UG + TRN,UG + TRN,Display,Kansas (State),2024,9,Sep,383,0,0,0,0,0,,3.7200000000000006
Central Washington University,UG + TRN,UG + TRN,Display,Mississippi (State),2024,9,Sep,383,0,0,0,0,0,,3.2400000000000007
Central Washington University,UG + TRN,UG + TRN,Display,Kentucky (State),2024,9,Sep,372,0,0,0,0,0,,2.96
Central Washington University,UG + TRN,UG + TRN,Display,Connecticut (State),2024,9,Sep,367,0,0,0,0,0,,2.9499999999999993
Central Washington University,UG + TRN,UG + TRN,Display,North Dakota (State),2024,9,Sep,350,0,0,0,0,0,,2.4900000000000007
Central Washington University,UG + TRN,UG + TRN,Display,Wyoming (State),2024,9,Sep,349,0,0,0,0,0,,3.0099999999999993
Central Washington University,UG + TRN,UG + TRN,Display,Louisiana (State),2024,9,Sep,278,0,0,0,0,0,,2.14
Central Washington University,UG + TRN,UG + TRN,Display,Maine (State),2024,9,Sep,223,0,0,0,0,0,,2.0100000000000007
Central Washington University,UG + TRN,UG + TRN,Display,New Hampshire (State),2024,9,Sep,177,0,0,0,0,0,,1.9800000000000006
Central Washington University,UG + TRN,UG + TRN,Display,South Dakota (State),2024,9,Sep,152,0,0,0,0,0,,1.2700000000000005
Central Washington University,UG + TRN,UG + TRN,Display,West Virginia (State),2024,9,Sep,151,0,0,0,0,0,,1.0200000000000002
Central Washington University,UG + TRN,UG + TRN,PPC,Idaho,2024,9,Sep,142,25,1,0,0,1,,38.899999999999991
Central Washington University,UG + TRN,UG + TRN,Display,Rhode Island (State),2024,9,Sep,97,0,0,0,0,0,,0.88000000000000034
Central Washington University,UG + TRN,UG + TRN,Display,Delaware (State),2024,9,Sep,73,0,0,0,0,0,,0.88000000000000023
Central Washington University,UG + TRN,UG + TRN,Display,Vermont (State),2024,9,Sep,67,0,0,0,0,0,,0.5
Central Washington University,UG,UG,Display,Washington (State),2024,10,Oct,2895479,1510,0,14,0,14,,2385.0099999999998
Central Washington University,UG,UG,TikTok,,2024,10,Oct,1330349,15150,0,0,0,0,,7999.8900000000012
Central Washington University,UG,UG,Display,Oregon (State),2024,10,Oct,423177,259,0,0,0,0,,334.28000000000014
Central Washington University,UG,UG,Meta,,2024,10,Oct,252789,709,0,0,5,5,,3064.0099999999998
Central Washington University,UG,Parent,Meta,,2024,10,Oct,199079,747,0,0,6,6,,2992.6600000000049
Central Washington University,TRN,Transfer,Meta,,2024,10,Oct,187761,840,0,0,54,54,,2318.9000000000037
Central Washington University,UG,UG,Snapchat Snap Ads,or,2024,10,Oct,154121,417,0,0,0,0,,2488.0899999999997
Central Washington University,UG,UG,YouTube,Washington (State),2024,10,Oct,125975,29,0,2,0,2,,2216.6900000000028
Central Washington University,UG + TRN,UG + TRN,Display,Washington (State),2024,10,Oct,115134,65,0,56,0,56,,742.45999999999992
Central Washington University,UG,UG,Snapchat Snap Ads,id,2024,10,Oct,87343,181,0,0,0,0,,1182.3200000000002
Central Washington University,UG,UG,Display,Idaho (State),2024,10,Oct,42497,15,0,0,0,0,,32.53
Central Washington University,UG,UG,YouTube,Oregon (State),2024,10,Oct,31062,12,0,0,0,0,,531.1
Central Washington University,UG + TRN,UG + TRN,PPC,Washington,2024,10,Oct,25112,3784,546.8900000000001,0,0,546.8900000000001,,7428.17
Central Washington University,UG + TRN,UG + TRN,Display,California (State),2024,10,Oct,11273,5,0,2,0,2,,65.830000000000013
Central Washington University,UG + TRN,UG + TRN,Display,Texas (State),2024,10,Oct,8290,5,0,1,0,1,,52.340000000000018
Central Washington University,UG + TRN,UG + TRN,Display,Oregon (State),2024,10,Oct,7299,6,1,2,0,3,,44.65
Central Washington University,UG + TRN,UG + TRN,Display,Arizona (State),2024,10,Oct,3379,0,0,3,0,3,,19.419999999999998
Central Washington University,UG + TRN,UG + TRN,Display,Idaho (State),2024,10,Oct,3104,0,0,0,0,0,,17.770000000000003
Central Washington University,UG + TRN,UG + TRN,Display,"San Francisco Bay Area,California,United States",2024,10,Oct,2944,2,0,1,0,1,,18.880000000000003
Central Washington University,UG,UG,YouTube,Idaho (State),2024,10,Oct,2803,2,0,0,0,0,,50.88000000000001
Central Washington University,UG + TRN,UG + TRN,Display,New York (State),2024,10,Oct,2776,3,0,0,0,0,,18.110000000000003
Central Washington University,UG + TRN,UG + TRN,Display,Florida (State),2024,10,Oct,2471,1,0,0,0,0,,17.05
Central Washington University,UG + TRN,UG + TRN,Display,Utah (State),2024,10,Oct,1840,0,0,0,0,0,,11.370000000000003
Central Washington University,UG + TRN,UG + TRN,Display,Massachusetts (State),2024,10,Oct,1722,1,0,1,0,1,,11.64
Central Washington University,UG + TRN,UG + TRN,Display,Georgia (State),2024,10,Oct,1585,2,0,3,0,3,,10.7
Central Washington University,UG + TRN,UG + TRN,Display,Pennsylvania (State),2024,10,Oct,1474,0,0,1,0,1,,9.29
Central Washington University,UG + TRN,UG + TRN,Display,Hawaii (State),2024,10,Oct,1406,1,0,0,0,0,,7.8500000000000005
Central Washington University,UG + TRN,UG + TRN,Display,North Carolina (State),2024,10,Oct,1399,0,0,0,0,0,,9.93
Central Washington University,UG + TRN,UG + TRN,Display,Illinois (State),2024,10,Oct,1382,2,0,0,0,0,,8.9200000000000017
Central Washington University,UG + TRN,UG + TRN,Display,Nevada (State),2024,10,Oct,1319,0,0,0,0,0,,7.629999999999999
Central Washington University,UG + TRN,UG + TRN,Display,Colorado (State),2024,10,Oct,1269,1,0,0,0,0,,10.419999999999998
Central Washington University,UG + TRN,UG + TRN,Display,Virginia (State),2024,10,Oct,1251,1,0,0,0,0,,8.69
Central Washington University,UG + TRN,UG + TRN,Display,Montana (State),2024,10,Oct,1175,0,0,0,0,0,,7.25
Central Washington University,UG + TRN,UG + TRN,Display,Ohio (State),2024,10,Oct,1120,1,0,0,0,0,,7.9699999999999989
Central Washington University,UG + TRN,UG + TRN,PPC,Oregon,2024,10,Oct,1098,101,14,0,0,14,,232.28
Central Washington University,UG + TRN,UG + TRN,Display,Minnesota (State),2024,10,Oct,1087,1,0,0,0,0,,7.0500000000000007
Central Washington University,UG + TRN,UG + TRN,Display,Indiana (State),2024,10,Oct,899,0,0,0,0,0,,5.27
Central Washington University,UG + TRN,UG + TRN,Display,Iowa (State),2024,10,Oct,883,0,0,0,0,0,,5.9799999999999995
Central Washington University,UG + TRN,UG + TRN,Display,Missouri (State),2024,10,Oct,880,1,0,0,0,0,,5.4000000000000012
Central Washington University,UG + TRN,UG + TRN,Display,Michigan (State),2024,10,Oct,841,0,0,0,0,0,,6.2200000000000006
Central Washington University,UG + TRN,UG + TRN,Display,New Mexico (State),2024,10,Oct,811,1,0,0,0,0,,4.38
Central Washington University,UG + TRN,UG + TRN,Display,Alaska (State),2024,10,Oct,806,0,0,0,0,0,,4.8
Central Washington University,UG + TRN,UG + TRN,Display,Nebraska (State),2024,10,Oct,802,1,0,0,0,0,,4.3299999999999992
Central Washington University,UG + TRN,UG + TRN,Display,Oklahoma (State),2024,10,Oct,671,1,0,1,0,1,,4
Central Washington University,UG + TRN,UG + TRN,Display,Maryland (State),2024,10,Oct,649,0,0,0,0,0,,4.7900000000000009
Central Washington University,UG + TRN,UG + TRN,Display,Tennessee (State),2024,10,Oct,636,0,0,0,0,0,,4.2999999999999989
Central Washington University,UG + TRN,UG + TRN,Display,Wisconsin (State),2024,10,Oct,624,0,0,0,0,0,,4.4900000000000011
Central Washington University,UG + TRN,UG + TRN,Display,Arkansas (State),2024,10,Oct,585,0,0,0,0,0,,3.6199999999999997
Central Washington University,UG + TRN,UG + TRN,Display,South Carolina (State),2024,10,Oct,572,1,0,0,0,0,,4.08
Central Washington University,UG + TRN,UG + TRN,Display,New Jersey (State),2024,10,Oct,557,0,0,0,0,0,,4.65
Central Washington University,UG + TRN,UG + TRN,Display,Mississippi (State),2024,10,Oct,528,0,0,0,0,0,,4.25
Central Washington University,UG + TRN,UG + TRN,Display,Kentucky (State),2024,10,Oct,493,0,0,0,0,0,,2.9099999999999997
Central Washington University,UG + TRN,UG + TRN,Display,Louisiana (State),2024,10,Oct,444,0,0,0,0,0,,2.9
Central Washington University,UG + TRN,UG + TRN,Display,North Dakota (State),2024,10,Oct,393,0,0,0,0,0,,2.4100000000000006
Central Washington University,UG + TRN,UG + TRN,Display,Alabama (State),2024,10,Oct,367,3,0,0,0,0,,2.6300000000000008
Central Washington University,UG + TRN,UG + TRN,Display,Kansas (State),2024,10,Oct,352,0,0,0,0,0,,2.7800000000000002
Central Washington University,UG + TRN,UG + TRN,Display,Connecticut (State),2024,10,Oct,324,0,0,2,0,2,,2.2200000000000006
Central Washington University,UG + TRN,UG + TRN,Display,District of Columbia,2024,10,Oct,254,0,0,0,0,0,,1.5600000000000005
Central Washington University,UG + TRN,UG + TRN,Display,Maine (State),2024,10,Oct,249,0,0,0,0,0,,1.5200000000000005
Central Washington University,UG + TRN,UG + TRN,Display,Wyoming (State),2024,10,Oct,184,0,0,0,0,0,,1.3800000000000001
Central Washington University,UG + TRN,UG + TRN,Display,South Dakota (State),2024,10,Oct,182,0,0,0,0,0,,1.0300000000000005
Central Washington University,UG + TRN,UG + TRN,PPC,Idaho,2024,10,Oct,172,10,2,0,0,2,,18.47
Central Washington University,UG + TRN,UG + TRN,Display,Rhode Island (State),2024,10,Oct,108,0,0,0,0,0,,0.80000000000000027
Central Washington University,UG + TRN,UG + TRN,Display,New Hampshire (State),2024,10,Oct,107,0,0,0,0,0,,1.03
Central Washington University,UG + TRN,UG + TRN,Display,West Virginia (State),2024,10,Oct,87,0,0,0,0,0,,0.58000000000000007
Central Washington University,UG + TRN,UG + TRN,Display,Vermont (State),2024,10,Oct,77,0,0,0,0,0,,0.49999999999999994
Central Washington University,UG + TRN,UG + TRN,Display,Delaware (State),2024,10,Oct,14,0,0,0,0,0,,0.1
Central Washington University,UG + TRN,UG + TRN,Display,British Columbia,2024,10,Oct,2,0,0,0,0,0,,0
Central Washington University,UG,UG,Display,Washington (State),2024,11,Nov,3084238,1715,0,15,0,15,,2773.0100000000007
Central Washington University,UG,UG,Meta,,2024,11,Nov,326651,900,0,0,11,11,,2961.91
Central Washington University,UG,Parent,Meta,,2024,11,Nov,206861,658,0,0,0,0,,2991.3800000000042
Central Washington University,UG + TRN,UG + TRN,Display,Washington (State),2024,11,Nov,166422,83,0,97,0,97,,848.34
Central Washington University,UG,UG,Snapchat Snap Ads,or,2024,11,Nov,143972,442,0,0,0,0,,2378.85
Central Washington University,UG,UG,YouTube,Washington (State),2024,11,Nov,125004,19,0,1,0,1,,2287.8000000000043
Central Washington University,UG,UG,Snapchat Snap Ads,id,2024,11,Nov,82764,201,0,0,0,0,,1161.83
Central Washington University,UG + TRN,UG + TRN,PPC,Washington,2024,11,Nov,34983,5151,1269.8300000000002,0,0,1269.8300000000002,,7373.6599999999989
Central Washington University,UG,UG,YouTube,Oregon (State),2024,11,Nov,32646,7,0,0,0,0,,588.25
Central Washington University,UG + TRN,UG + TRN,Display,California (State),2024,11,Nov,10105,6,0,2,0,2,,47.720000000000013
Central Washington University,UG + TRN,UG + TRN,Display,Oregon (State),2024,11,Nov,8901,2,0,2,0,2,,44.890000000000015
Central Washington University,UG + TRN,UG + TRN,Display,Texas (State),2024,11,Nov,6040,1,0,0,0,0,,29.100000000000009
Central Washington University,UG + TRN,UG + TRN,Display,Idaho (State),2024,11,Nov,3112,0,0,0,0,0,,15.179999999999996
Central Washington University,UG + TRN,UG + TRN,Display,Arizona (State),2024,11,Nov,3043,0,0,0,0,0,,15.170000000000003
Central Washington University,UG + TRN,UG + TRN,Display,"San Francisco Bay Area,California,United States",2024,11,Nov,2917,2,0,0,0,0,,14.989999999999997
Central Washington University,UG + TRN,UG + TRN,Display,New York (State),2024,11,Nov,2872,3,0,1,0,1,,14.329999999999997
Central Washington University,UG,UG,YouTube,Idaho (State),2024,11,Nov,2430,0,0,0,0,0,,45.470000000000006
Central Washington University,UG + TRN,UG + TRN,Display,Colorado (State),2024,11,Nov,1945,3,0,0,0,0,,12.31
Central Washington University,UG + TRN,UG + TRN,Display,Florida (State),2024,11,Nov,1929,0,0,0,0,0,,11.530000000000001
Central Washington University,UG + TRN,UG + TRN,Display,Utah (State),2024,11,Nov,1865,1,0,1,0,1,,9.610000000000003
Central Washington University,UG + TRN,UG + TRN,Display,Illinois (State),2024,11,Nov,1637,0,0,1,0,1,,8.88
Central Washington University,UG + TRN,UG + TRN,PPC,Oregon,2024,11,Nov,1610,141,32,0,0,32,,205.31999999999994
Central Washington University,UG + TRN,UG + TRN,Display,Nevada (State),2024,11,Nov,1375,0,0,0,0,0,,6.9399999999999995
Central Washington University,UG + TRN,UG + TRN,Display,Georgia (State),2024,11,Nov,1373,0,0,0,0,0,,7.5300000000000011
Central Washington University,UG + TRN,UG + TRN,Display,Massachusetts (State),2024,11,Nov,1361,0,0,2,0,2,,7.08
Central Washington University,UG + TRN,UG + TRN,Display,Hawaii (State),2024,11,Nov,1324,0,0,0,0,0,,6.4699999999999989
Central Washington University,UG + TRN,UG + TRN,Display,North Carolina (State),2024,11,Nov,1250,1,0,0,0,0,,7.1999999999999993
Central Washington University,UG + TRN,UG + TRN,Display,Minnesota (State),2024,11,Nov,1176,1,0,0,0,0,,6.4499999999999984
Central Washington University,UG + TRN,UG + TRN,Display,Ohio (State),2024,11,Nov,1174,0,0,0,0,0,,5.830000000000001
Central Washington University,UG + TRN,UG + TRN,Display,Virginia (State),2024,11,Nov,1166,1,0,0,0,0,,6.4700000000000006
Central Washington University,UG + TRN,UG + TRN,Display,Pennsylvania (State),2024,11,Nov,1022,0,0,0,0,0,,5.4400000000000013
Central Washington University,UG + TRN,UG + TRN,Display,Missouri (State),2024,11,Nov,950,0,0,0,0,0,,5.63
Central Washington University,UG + TRN,UG + TRN,Display,Montana (State),2024,11,Nov,905,0,0,0,0,0,,4.8099999999999987
Central Washington University,UG + TRN,UG + TRN,Display,Wisconsin (State),2024,11,Nov,892,0,0,0,0,0,,4.64
Central Washington University,UG + TRN,UG + TRN,Display,Tennessee (State),2024,11,Nov,856,0,0,0,0,0,,5.8000000000000007
Central Washington University,UG + TRN,UG + TRN,Display,Alaska (State),2024,11,Nov,801,0,0,0,0,0,,3.97
Central Washington University,UG + TRN,UG + TRN,Display,Michigan (State),2024,11,Nov,694,1,0,0,0,0,,3.6499999999999995
Central Washington University,UG + TRN,UG + TRN,Display,Maryland (State),2024,11,Nov,687,1,0,0,0,0,,4.17
Central Washington University,UG + TRN,UG + TRN,Display,Connecticut (State),2024,11,Nov,573,0,0,0,0,0,,3.2499999999999996
Central Washington University,UG + TRN,UG + TRN,Display,Nebraska (State),2024,11,Nov,561,1,0,0,0,0,,2.5300000000000011
Central Washington University,UG + TRN,UG + TRN,Display,South Carolina (State),2024,11,Nov,545,1,0,0,0,0,,2.99
Central Washington University,UG + TRN,UG + TRN,Display,Indiana (State),2024,11,Nov,543,0,0,0,0,0,,2.49
Central Washington University,UG + TRN,UG + TRN,Display,New Mexico (State),2024,11,Nov,542,0,0,0,0,0,,2.28
Central Washington University,UG + TRN,UG + TRN,Display,Iowa (State),2024,11,Nov,495,1,0,0,0,0,,2.46
Central Washington University,UG + TRN,UG + TRN,Display,New Jersey (State),2024,11,Nov,491,1,0,0,0,0,,2.99
Central Washington University,UG + TRN,UG + TRN,Display,Louisiana (State),2024,11,Nov,417,0,0,0,0,0,,2.0700000000000007
Central Washington University,UG + TRN,UG + TRN,Display,Kansas (State),2024,11,Nov,385,0,0,0,0,0,,2.0100000000000007
Central Washington University,UG + TRN,UG + TRN,Display,Oklahoma (State),2024,11,Nov,379,0,0,0,0,0,,1.9100000000000006
Central Washington University,UG + TRN,UG + TRN,Display,Arkansas (State),2024,11,Nov,356,0,0,0,0,0,,1.600000000000001
Central Washington University,UG + TRN,UG + TRN,Display,Maine (State),2024,11,Nov,350,0,0,1,0,1,,2.1100000000000008
Central Washington University,UG + TRN,UG + TRN,Display,District of Columbia,2024,11,Nov,346,0,0,0,0,0,,1.7500000000000007
Central Washington University,UG + TRN,UG + TRN,Display,Kentucky (State),2024,11,Nov,336,0,0,0,0,0,,1.6400000000000006
Central Washington University,UG + TRN,UG + TRN,Display,North Dakota (State),2024,11,Nov,289,0,0,0,0,0,,1.3200000000000003
Central Washington University,UG + TRN,UG + TRN,Display,Mississippi (State),2024,11,Nov,280,0,0,0,0,0,,1.4000000000000006
Central Washington University,UG + TRN,UG + TRN,Display,Alabama (State),2024,11,Nov,231,0,0,0,0,0,,1.3800000000000006
Central Washington University,UG + TRN,UG + TRN,PPC,Idaho,2024,11,Nov,231,29,9,0,0,9,,49.099999999999994
Central Washington University,UG + TRN,UG + TRN,Display,Delaware (State),2024,11,Nov,216,0,0,0,0,0,,1.8900000000000006
Central Washington University,UG + TRN,UG + TRN,Display,Wyoming (State),2024,11,Nov,208,0,0,0,0,0,,1.2100000000000002
Central Washington University,UG + TRN,UG + TRN,Display,New Hampshire (State),2024,11,Nov,184,0,0,0,0,0,,1.1500000000000001
Central Washington University,UG + TRN,UG + TRN,Display,South Dakota (State),2024,11,Nov,180,0,0,0,0,0,,0.79000000000000015
Central Washington University,UG + TRN,UG + TRN,Display,West Virginia (State),2024,11,Nov,89,0,0,0,0,0,,0.47000000000000003
Central Washington University,UG + TRN,UG + TRN,Display,Vermont (State),2024,11,Nov,82,0,0,0,0,0,,0.47000000000000008
Central Washington University,UG + TRN,UG + TRN,Display,Rhode Island (State),2024,11,Nov,72,0,0,0,0,0,,0.40000000000000008
Central Washington University,UG,UG,Display,Washington (State),2024,12,Dec,2443915,1696,0,8,0,8,,2711.2200000000007
Central Washington University,UG,UG,Meta,,2024,12,Dec,285536,748,0,0,11,11,,3064.02
Central Washington University,UG,Parent,Meta,,2024,12,Dec,221221,863,0,0,0,0,,2991.3600000000042
Central Washington University,UG + TRN,UG + TRN,Display,Washington (State),2024,12,Dec,149381,59,5,109,0,114,,866.93000000000006
Central Washington University,UG,UG,YouTube,Washington (State),2024,12,Dec,142921,22,0,1,0,1,,2324.2600000000052
Central Washington University,UG,UG,Snapchat Snap Ads,or,2024,12,Dec,132664,419,0,0,0,0,,2489.92
Central Washington University,UG,UG,Snapchat Snap Ads,id,2024,12,Dec,68670,211,0,0,0,0,,1178.1299999999999
Central Washington University,UG,UG,YouTube,Oregon (State),2024,12,Dec,36833,5,0,1,0,1,,587.90000000000009
Central Washington University,UG + TRN,UG + TRN,PPC,Washington,2024,12,Dec,35709,4726,1094.31,0,0,1094.31,,7248.7699999999995
Central Washington University,UG + TRN,UG + TRN,Display,Oregon (State),2024,12,Dec,8111,6,0,2,0,2,,46.950000000000017
Central Washington University,UG + TRN,UG + TRN,Display,California (State),2024,12,Dec,7101,4,0,0,0,0,,43.04000000000002
Central Washington University,UG + TRN,UG + TRN,Display,Texas (State),2024,12,Dec,4008,4,0,5,0,5,,23.180000000000003
Central Washington University,UG,UG,YouTube,Idaho (State),2024,12,Dec,2743,0,0,0,0,0,,47.02
Central Washington University,UG + TRN,UG + TRN,Display,New York (State),2024,12,Dec,2528,3,0,0,0,0,,17.39
Central Washington University,UG + TRN,UG + TRN,Display,"San Francisco Bay Area,California,United States",2024,12,Dec,2487,0,0,1,0,1,,15.299999999999999
Central Washington University,UG + TRN,UG + TRN,Display,Idaho (State),2024,12,Dec,2401,1,0,0,0,0,,15.010000000000003
Central Washington University,UG + TRN,UG + TRN,Display,Arizona (State),2024,12,Dec,2250,1,0,0,0,0,,14.110000000000005
Central Washington University,UG + TRN,UG + TRN,Display,Florida (State),2024,12,Dec,2068,0,0,1,0,1,,13.82
Central Washington University,UG + TRN,UG + TRN,PPC,Oregon,2024,12,Dec,1780,159,33,0,0,33,,294.57000000000005
Central Washington University,UG + TRN,UG + TRN,Display,Colorado (State),2024,12,Dec,1615,0,0,0,0,0,,11.650000000000002
Central Washington University,UG + TRN,UG + TRN,Display,Illinois (State),2024,12,Dec,1419,1,0,1,0,1,,9.99
Central Washington University,UG + TRN,UG + TRN,Display,Hawaii (State),2024,12,Dec,1254,0,0,0,0,0,,7.3900000000000015
Central Washington University,UG + TRN,UG + TRN,Display,Montana (State),2024,12,Dec,1169,1,0,1,0,1,,7.63
Central Washington University,UG + TRN,UG + TRN,Display,Utah (State),2024,12,Dec,1139,0,0,1,0,1,,7.13
Central Washington University,UG + TRN,UG + TRN,Display,Georgia (State),2024,12,Dec,1074,0,0,0,0,0,,7.3100000000000005
Central Washington University,UG + TRN,UG + TRN,Display,Virginia (State),2024,12,Dec,1062,1,0,0,0,0,,6.49
Central Washington University,UG + TRN,UG + TRN,Display,Nevada (State),2024,12,Dec,1054,0,0,1,0,1,,6.6300000000000008
Central Washington University,UG + TRN,UG + TRN,Display,Ohio (State),2024,12,Dec,985,1,0,0,0,0,,6.3800000000000008
Central Washington University,UG + TRN,UG + TRN,Display,Pennsylvania (State),2024,12,Dec,795,0,0,0,0,0,,6.4099999999999993
Central Washington University,UG + TRN,UG + TRN,Display,Massachusetts (State),2024,12,Dec,793,0,0,0,0,0,,5.4799999999999995
Central Washington University,UG + TRN,UG + TRN,Display,Maryland (State),2024,12,Dec,741,2,0,0,0,0,,4.5200000000000005
Central Washington University,UG + TRN,UG + TRN,Display,Missouri (State),2024,12,Dec,713,0,0,0,0,0,,4.4
Central Washington University,UG + TRN,UG + TRN,Display,North Carolina (State),2024,12,Dec,701,0,0,0,0,0,,4.62
Central Washington University,UG + TRN,UG + TRN,Display,New Jersey (State),2024,12,Dec,671,0,0,1,0,1,,3.95
Central Washington University,UG + TRN,UG + TRN,Display,Minnesota (State),2024,12,Dec,649,0,0,0,0,0,,3.9400000000000004
Central Washington University,UG + TRN,UG + TRN,Display,Alaska (State),2024,12,Dec,633,0,0,0,0,0,,4.07
Central Washington University,UG + TRN,UG + TRN,Display,Michigan (State),2024,12,Dec,605,0,0,0,0,0,,4.76
Central Washington University,UG + TRN,UG + TRN,Display,Kansas (State),2024,12,Dec,602,0,0,0,0,0,,3.3100000000000005
Central Washington University,UG + TRN,UG + TRN,Display,Connecticut (State),2024,12,Dec,546,0,0,1,0,1,,3.1199999999999992
Central Washington University,UG + TRN,UG + TRN,Display,Wisconsin (State),2024,12,Dec,508,0,0,0,0,0,,2.8499999999999996
Central Washington University,UG + TRN,UG + TRN,Display,Tennessee (State),2024,12,Dec,438,0,0,0,0,0,,3.1099999999999994
Central Washington University,UG + TRN,UG + TRN,Display,South Carolina (State),2024,12,Dec,369,0,0,0,0,0,,2.8699999999999997
Central Washington University,UG + TRN,UG + TRN,Display,New Mexico (State),2024,12,Dec,303,0,0,0,0,0,,1.820000000000001
Central Washington University,UG + TRN,UG + TRN,Display,Louisiana (State),2024,12,Dec,298,0,0,0,0,0,,2.0900000000000003
Central Washington University,UG + TRN,UG + TRN,Display,Iowa (State),2024,12,Dec,286,0,0,0,0,0,,1.6600000000000006
Central Washington University,UG + TRN,UG + TRN,Display,North Dakota (State),2024,12,Dec,273,0,0,0,0,0,,1.4300000000000002
Central Washington University,UG + TRN,UG + TRN,Display,Alabama (State),2024,12,Dec,257,0,0,0,0,0,,1.9700000000000004
Central Washington University,UG + TRN,UG + TRN,PPC,Idaho,2024,12,Dec,250,26,9,0,0,9,,52.580000000000005
Central Washington University,UG + TRN,UG + TRN,Display,Oklahoma (State),2024,12,Dec,249,0,0,0,0,0,,1.3300000000000005
Central Washington University,UG + TRN,UG + TRN,Display,Kentucky (State),2024,12,Dec,247,0,0,0,0,0,,1.4800000000000006
Central Washington University,UG + TRN,UG + TRN,Display,Mississippi (State),2024,12,Dec,226,0,0,0,0,0,,1.4000000000000006
Central Washington University,UG + TRN,UG + TRN,Display,Indiana (State),2024,12,Dec,216,0,0,0,0,0,,1.6200000000000003
Central Washington University,UG + TRN,UG + TRN,Display,District of Columbia,2024,12,Dec,216,0,0,0,0,0,,1.2200000000000002
Central Washington University,UG + TRN,UG + TRN,Display,South Dakota (State),2024,12,Dec,206,0,0,0,0,0,,1.3200000000000003
Central Washington University,UG + TRN,UG + TRN,Display,New Hampshire (State),2024,12,Dec,195,0,0,0,0,0,,1.1200000000000003
Central Washington University,UG + TRN,UG + TRN,Display,Arkansas (State),2024,12,Dec,181,0,0,0,0,0,,1.0700000000000003
Central Washington University,UG + TRN,UG + TRN,Display,Nebraska (State),2024,12,Dec,180,0,0,1,0,1,,0.97000000000000031
Central Washington University,UG + TRN,UG + TRN,Display,Maine (State),2024,12,Dec,178,0,0,0,0,0,,1.0700000000000003
Central Washington University,UG + TRN,UG + TRN,Display,Wyoming (State),2024,12,Dec,155,0,0,0,0,0,,0.81000000000000016
Central Washington University,UG + TRN,UG + TRN,Display,Rhode Island (State),2024,12,Dec,126,0,0,0,0,0,,1.1500000000000001
Central Washington University,UG + TRN,UG + TRN,Display,Delaware (State),2024,12,Dec,120,0,0,0,0,0,,1.0400000000000005
Central Washington University,UG + TRN,UG + TRN,Display,Vermont (State),2024,12,Dec,98,0,0,0,0,0,,0.67
Central Washington University,UG + TRN,UG + TRN,Display,West Virginia (State),2024,12,Dec,76,0,0,0,0,0,,0.2
Central Washington University,UG,UG,Display,Oregon (State),2024,12,Dec,0,0,0,1,0,1,,0
Central Washington University,UG,UG,Display,Washington (State),2025,1,Jan,1382005,5993,1,5,0,6,1813.6899999999996,2706.7300000000005
Central Washington University,UG,UG,Meta,,2025,1,Jan,476944,1389,0,0,20,20,3623.8900000000003,4921.2599999999984
Central Washington University,UG,Parent,Meta,,2025,1,Jan,295312,1151,0,0,0,0,2206.6600000000012,2991.0200000000032
Central Washington University,UG,UG,YouTube,Washington (State),2025,1,Jan,198437,21,0,4,0,4,1697.0300000000016,2374.5700000000093
Central Washington University,UG + TRN,UG + TRN,Display,Washington (State),2025,1,Jan,186457,59,1,156,0,157,576.61999999999989,880.32000000000028
Central Washington University,UG,UG,Snapchat Snap Ads,or,2025,1,Jan,94087,325,0,0,0,0,598.84,1197.67
Central Washington University,UG,UG,Snapchat Snap Ads,id,2025,1,Jan,51677,140,0,0,0,0,307.84999999999991,615.71
Central Washington University,UG,UG,YouTube,Oregon (State),2025,1,Jan,45262,5,0,1,0,1,383.77999999999975,536.96000000000026
Central Washington University,UG + TRN,UG + TRN,PPC,Washington,2025,1,Jan,38935,5406,1330.99,0,0,1330.99,7341.659999999998,7341.659999999998
Central Washington University,UG + TRN,UG + TRN,Display,Oregon (State),2025,1,Jan,9561,4,0,4,0,4,27.750000000000004,44.500000000000014
Central Washington University,UG + TRN,UG + TRN,Display,California (State),2025,1,Jan,7353,2,0,3,0,3,22.350000000000005,37.200000000000017
Central Washington University,UG + TRN,UG + TRN,Display,Texas (State),2025,1,Jan,3972,3,0,1,0,1,11.700000000000001,20
Central Washington University,UG,UG,YouTube,Idaho (State),2025,1,Jan,3928,0,0,0,0,0,34.22,47.92
Central Washington University,UG + TRN,UG + TRN,Display,"San Francisco Bay Area,California,United States",2025,1,Jan,2956,1,0,0,0,0,7.95,13.660000000000004
Central Washington University,UG + TRN,UG + TRN,Display,New York (State),2025,1,Jan,2797,1,0,1,0,1,9.29,15.3
Central Washington University,UG + TRN,UG + TRN,Display,Arizona (State),2025,1,Jan,2401,1,0,1,0,1,7.6800000000000006,12.610000000000005
Central Washington University,UG + TRN,UG + TRN,Display,Idaho (State),2025,1,Jan,2338,2,0,1,0,1,7.2700000000000014,12.140000000000002
Central Washington University,UG + TRN,UG + TRN,Display,Florida (State),2025,1,Jan,2312,4,0,1,0,1,7.6400000000000023,13.119999999999997
Central Washington University,UG + TRN,UG + TRN,Display,Colorado (State),2025,1,Jan,2040,2,0,2,0,2,7.3100000000000023,12.270000000000001
Central Washington University,UG + TRN,UG + TRN,Display,Illinois (State),2025,1,Jan,1952,0,0,0,0,0,6.200000000000002,10.67
Central Washington University,UG + TRN,UG + TRN,PPC,Oregon,2025,1,Jan,1668,160,36,0,0,36,215.59000000000006,215.59000000000006
Central Washington University,UG + TRN,UG + TRN,Display,Utah (State),2025,1,Jan,1646,0,0,0,0,0,4.79,8.26
Central Washington University,UG + TRN,UG + TRN,Display,Virginia (State),2025,1,Jan,1518,0,0,0,0,0,4.5500000000000007,7.8900000000000023
Central Washington University,UG + TRN,UG + TRN,Display,Hawaii (State),2025,1,Jan,1482,0,0,0,0,0,3.3600000000000003,5.580000000000001
Central Washington University,UG + TRN,UG + TRN,Display,Pennsylvania (State),2025,1,Jan,1418,2,0,0,0,0,5.1400000000000006,8.5900000000000016
Central Washington University,UG + TRN,UG + TRN,Display,Ohio (State),2025,1,Jan,1392,0,0,0,0,0,4.0200000000000005,7
Central Washington University,UG + TRN,UG + TRN,Display,Massachusetts (State),2025,1,Jan,1270,1,0,0,0,0,4.05,6.9200000000000026
Central Washington University,UG + TRN,UG + TRN,Display,Nevada (State),2025,1,Jan,1070,0,0,0,0,0,3.4400000000000008,5.4899999999999993
Central Washington University,UG + TRN,UG + TRN,Display,New Jersey (State),2025,1,Jan,1052,0,0,0,0,0,2.5800000000000005,4.8099999999999987
Central Washington University,UG + TRN,UG + TRN,Display,Georgia (State),2025,1,Jan,1013,1,0,0,0,0,3.2100000000000009,5.7199999999999989
Central Washington University,UG + TRN,UG + TRN,Display,Michigan (State),2025,1,Jan,950,0,0,0,0,0,3.24,5.7300000000000013
Central Washington University,UG + TRN,UG + TRN,Display,Missouri (State),2025,1,Jan,912,0,0,0,0,0,2.82,4.8999999999999995
Central Washington University,UG + TRN,UG + TRN,Display,Montana (State),2025,1,Jan,909,0,0,1,0,1,2.7700000000000005,4.8499999999999988
Central Washington University,UG + TRN,UG + TRN,Display,North Carolina (State),2025,1,Jan,897,2,0,0,0,0,2.4700000000000006,4.6899999999999995
Central Washington University,UG + TRN,UG + TRN,Display,Minnesota (State),2025,1,Jan,888,1,0,1,0,1,2.8,4.82
Central Washington University,UG + TRN,UG + TRN,Display,Maryland (State),2025,1,Jan,783,0,0,0,0,0,2.68,4.58
Central Washington University,UG + TRN,UG + TRN,Display,Kansas (State),2025,1,Jan,728,0,0,0,0,0,1.6400000000000006,3.1300000000000003
Central Washington University,UG + TRN,UG + TRN,Display,Alaska (State),2025,1,Jan,585,1,0,0,0,0,1.6800000000000006,2.8800000000000008
Central Washington University,UG + TRN,UG + TRN,Display,Connecticut (State),2025,1,Jan,571,0,0,0,0,0,1.1400000000000003,2.2700000000000005
Central Washington University,UG + TRN,UG + TRN,Display,Wisconsin (State),2025,1,Jan,540,0,0,0,0,0,1.6300000000000001,2.9499999999999993
Central Washington University,UG + TRN,UG + TRN,Display,Nebraska (State),2025,1,Jan,468,0,0,0,0,0,1.4100000000000004,2.44
Central Washington University,UG + TRN,UG + TRN,Display,Tennessee (State),2025,1,Jan,436,1,0,0,0,0,1.2700000000000002,2.3800000000000003
Central Washington University,UG + TRN,UG + TRN,Display,Oklahoma (State),2025,1,Jan,426,0,0,0,0,0,1.3900000000000006,2.42
Central Washington University,UG + TRN,UG + TRN,Display,New Mexico (State),2025,1,Jan,388,0,0,0,0,0,0.89000000000000035,1.5600000000000003
Central Washington University,UG + TRN,UG + TRN,Display,Indiana (State),2025,1,Jan,381,0,0,0,0,0,1.3900000000000003,2.47
Central Washington University,UG + TRN,UG + TRN,Display,Alabama (State),2025,1,Jan,367,0,0,0,0,0,0.76000000000000023,1.4700000000000006
Central Washington University,UG + TRN,UG + TRN,Display,Iowa (State),2025,1,Jan,321,0,0,0,0,0,0.81000000000000016,1.5500000000000007
Central Washington University,UG + TRN,UG + TRN,Display,Mississippi (State),2025,1,Jan,314,1,0,0,0,0,0.80000000000000027,1.4100000000000004
Central Washington University,UG + TRN,UG + TRN,Display,Louisiana (State),2025,1,Jan,308,0,0,0,0,0,0.8400000000000003,1.4900000000000007
Central Washington University,UG + TRN,UG + TRN,PPC,Idaho,2025,1,Jan,299,25,7,0,0,7,56.53,56.53
Central Washington University,UG + TRN,UG + TRN,Display,South Carolina (State),2025,1,Jan,267,0,0,0,0,0,0.74000000000000032,1.4600000000000006
Central Washington University,UG + TRN,UG + TRN,Display,District of Columbia,2025,1,Jan,250,0,0,1,0,1,0.89000000000000024,1.3800000000000003
Central Washington University,UG + TRN,UG + TRN,Display,New Hampshire (State),2025,1,Jan,245,0,0,0,0,0,0.70000000000000018,1.2900000000000005
Central Washington University,UG + TRN,UG + TRN,Display,Arkansas (State),2025,1,Jan,239,0,0,0,0,0,0.49,0.92000000000000026
Central Washington University,UG + TRN,UG + TRN,Display,Maine (State),2025,1,Jan,238,1,0,0,0,0,0.55000000000000016,1.0700000000000003
Central Washington University,UG + TRN,UG + TRN,Display,South Dakota (State),2025,1,Jan,197,0,0,0,0,0,0.54000000000000015,1.0000000000000002
Central Washington University,UG + TRN,UG + TRN,Display,Kentucky (State),2025,1,Jan,174,0,0,0,0,0,0.44000000000000017,0.90000000000000036
Central Washington University,UG + TRN,UG + TRN,Display,Rhode Island (State),2025,1,Jan,171,0,0,0,0,0,0.8200000000000004,1.4000000000000006
Central Washington University,UG + TRN,UG + TRN,Display,Wyoming (State),2025,1,Jan,126,0,0,0,0,0,0.34000000000000008,0.65000000000000024
Central Washington University,UG + TRN,UG + TRN,Display,Delaware (State),2025,1,Jan,107,0,0,0,0,0,0.46000000000000019,0.79000000000000026
Central Washington University,UG + TRN,UG + TRN,Display,North Dakota (State),2025,1,Jan,106,0,0,0,0,0,0.32000000000000012,0.59000000000000008
Central Washington University,UG + TRN,UG + TRN,Display,Vermont (State),2025,1,Jan,92,0,0,0,0,0,0.41000000000000003,0.73000000000000009
Central Washington University,UG + TRN,UG + TRN,Display,West Virginia (State),2025,1,Jan,56,0,0,0,0,0,0.25,0.41000000000000003
Central Washington University,UG + TRN,UG + TRN,Display,"Santo Domingo Province,Dominican Republic",2025,1,Jan,1,0,0,0,0,0,0,0
Central Washington University,UG + TRN,UG + TRN,Display,Washington (State),2025,2,Feb,177770,74,0,8,0,8,528.39,782.10000000000082
Central Washington University,UG,Parent,Meta,,2025,2,Feb,134724,482,0,0,0,0,1242.170000000001,1687.7100000000016
Central Washington University,UG + TRN,UG + TRN,PPC,Washington,2025,2,Feb,27900,3323,90.5,0,0,90.5,7493.98,7493.98
Central Washington University,UG + TRN,UG + TRN,Display,Oregon (State),2025,2,Feb,9003,3,0,1,0,1,27.320000000000014,39.480000000000004
Central Washington University,UG + TRN,UG + TRN,Display,California (State),2025,2,Feb,7459,5,0,2,0,2,21.990000000000002,31.970000000000013
Central Washington University,UG + TRN,UG + TRN,Display,Texas (State),2025,2,Feb,4650,2,0,0,0,0,13.620000000000001,19.530000000000005
Central Washington University,UG + TRN,UG + TRN,Display,Idaho (State),2025,2,Feb,2673,1,0,0,0,0,7.4300000000000015,10.580000000000002
Central Washington University,UG + TRN,UG + TRN,Display,Florida (State),2025,2,Feb,2645,2,0,0,0,0,10.570000000000002,15.230000000000004
Central Washington University,UG + TRN,UG + TRN,Display,Arizona (State),2025,2,Feb,2366,1,0,0,0,0,7.4300000000000006,10.540000000000001
Central Washington University,UG + TRN,UG + TRN,Display,New York (State),2025,2,Feb,2274,3,0,0,0,0,7.41,10.670000000000002
Central Washington University,UG + TRN,UG + TRN,Display,"San Francisco Bay Area,California,United States",2025,2,Feb,2101,0,0,0,0,0,6.2499999999999991,8.9500000000000028
Central Washington University,UG + TRN,UG + TRN,Display,Pennsylvania (State),2025,2,Feb,1592,0,0,0,0,0,5.6000000000000005,8.0400000000000027
Central Washington University,UG + TRN,UG + TRN,Display,Colorado (State),2025,2,Feb,1568,0,0,0,0,0,5.66,7.9300000000000015
Central Washington University,UG + TRN,UG + TRN,Display,Illinois (State),2025,2,Feb,1483,1,0,0,0,0,4.8900000000000006,7.0800000000000018
Central Washington University,UG + TRN,UG + TRN,Display,Ohio (State),2025,2,Feb,1480,0,0,0,0,0,4.73,6.7700000000000005
Central Washington University,UG + TRN,UG + TRN,Display,Montana (State),2025,2,Feb,1325,1,0,0,0,0,4.2200000000000006,5.88
Central Washington University,UG + TRN,UG + TRN,Display,Hawaii (State),2025,2,Feb,1251,0,0,0,0,0,2.96,4.26
Central Washington University,UG + TRN,UG + TRN,Display,Michigan (State),2025,2,Feb,1223,0,0,0,0,0,3.9400000000000013,5.4
Central Washington University,UG + TRN,UG + TRN,Display,Massachusetts (State),2025,2,Feb,1133,0,0,0,0,0,3.7000000000000006,5.14
Central Washington University,UG + TRN,UG + TRN,PPC,Oregon,2025,2,Feb,1096,96,3,0,0,3,168.4,168.4
Central Washington University,UG + TRN,UG + TRN,Display,Utah (State),2025,2,Feb,1052,0,0,0,0,0,3.1400000000000006,4.54
Central Washington University,UG + TRN,UG + TRN,Display,Virginia (State),2025,2,Feb,1047,0,0,0,0,0,3.46,5
Central Washington University,UG + TRN,UG + TRN,Display,Missouri (State),2025,2,Feb,1005,1,0,0,0,0,3.1299999999999994,4.3500000000000005
Central Washington University,UG + TRN,UG + TRN,Display,Nevada (State),2025,2,Feb,877,1,0,0,0,0,2.5700000000000003,3.6800000000000006
Central Washington University,UG + TRN,UG + TRN,Display,Maryland (State),2025,2,Feb,853,0,0,0,0,0,3.0200000000000005,4.43
Central Washington University,UG + TRN,UG + TRN,Display,Kansas (State),2025,2,Feb,834,0,0,0,0,0,2.1000000000000005,2.86
Central Washington University,UG + TRN,UG + TRN,Display,Minnesota (State),2025,2,Feb,784,0,0,0,0,0,2.2200000000000006,3.120000000000001
Central Washington University,UG + TRN,UG + TRN,Display,Georgia (State),2025,2,Feb,777,0,0,0,0,0,2.2600000000000002,3.1999999999999997
Central Washington University,UG + TRN,UG + TRN,Display,Wisconsin (State),2025,2,Feb,735,0,0,0,0,0,2.3700000000000006,3.4000000000000004
Central Washington University,UG + TRN,UG + TRN,Display,North Carolina (State),2025,2,Feb,708,1,0,0,0,0,2.0400000000000005,2.9399999999999995
Central Washington University,UG + TRN,UG + TRN,Display,Alaska (State),2025,2,Feb,651,0,0,0,0,0,1.7900000000000007,2.5100000000000007
Central Washington University,UG + TRN,UG + TRN,Display,New Jersey (State),2025,2,Feb,641,0,0,0,0,0,1.8900000000000008,2.65
Central Washington University,UG + TRN,UG + TRN,Display,Indiana (State),2025,2,Feb,595,0,0,0,0,0,2.0000000000000004,2.8700000000000006
Central Washington University,UG + TRN,UG + TRN,Display,New Mexico (State),2025,2,Feb,540,0,0,0,0,0,1.5500000000000005,2.0900000000000007
Central Washington University,UG + TRN,UG + TRN,Display,Iowa (State),2025,2,Feb,488,0,0,0,0,0,0.97000000000000042,1.2700000000000005
Central Washington University,UG + TRN,UG + TRN,Display,Tennessee (State),2025,2,Feb,397,0,0,0,0,0,1.1600000000000004,1.6600000000000008
Central Washington University,UG + TRN,UG + TRN,Display,Alabama (State),2025,2,Feb,382,0,0,0,0,0,1.0600000000000003,1.4600000000000006
Central Washington University,UG + TRN,UG + TRN,Display,Oklahoma (State),2025,2,Feb,352,0,0,0,0,0,0.82000000000000028,1.2300000000000004
Central Washington University,UG + TRN,UG + TRN,Display,Arkansas (State),2025,2,Feb,350,0,0,0,0,0,1.0300000000000002,1.5300000000000002
Central Washington University,UG + TRN,UG + TRN,Display,North Dakota (State),2025,2,Feb,324,0,0,0,0,0,0.90000000000000024,1.3400000000000005
Central Washington University,UG + TRN,UG + TRN,Display,Connecticut (State),2025,2,Feb,284,0,0,0,0,0,0.63000000000000012,0.89000000000000035
Central Washington University,UG + TRN,UG + TRN,Display,Wyoming (State),2025,2,Feb,281,0,0,0,0,0,1.3100000000000003,1.8400000000000005
Central Washington University,UG + TRN,UG + TRN,Display,District of Columbia,2025,2,Feb,278,0,0,0,0,0,0.74000000000000021,1.0300000000000002
Central Washington University,UG + TRN,UG + TRN,Display,South Carolina (State),2025,2,Feb,262,1,0,0,0,0,0.74000000000000021,0.99000000000000021
Central Washington University,UG + TRN,UG + TRN,PPC,Idaho,2025,2,Feb,230,24,2,0,0,2,42.460000000000008,42.460000000000008
Central Washington University,UG + TRN,UG + TRN,Display,Louisiana (State),2025,2,Feb,230,0,0,0,0,0,0.6100000000000001,0.89000000000000024
Central Washington University,UG + TRN,UG + TRN,Display,Maine (State),2025,2,Feb,213,1,0,0,0,0,0.53,0.82000000000000006
Central Washington University,UG + TRN,UG + TRN,Display,Mississippi (State),2025,2,Feb,204,0,0,0,0,0,0.55,0.81
Central Washington University,UG + TRN,UG + TRN,Display,Nebraska (State),2025,2,Feb,196,0,0,0,0,0,0.32000000000000006,0.5
Central Washington University,UG + TRN,UG + TRN,Display,Kentucky (State),2025,2,Feb,184,0,0,0,0,0,0.61000000000000021,0.94000000000000028
Central Washington University,UG + TRN,UG + TRN,Display,New Hampshire (State),2025,2,Feb,172,0,0,0,0,0,0.63000000000000023,0.94000000000000028
Central Washington University,UG + TRN,UG + TRN,Display,South Dakota (State),2025,2,Feb,168,0,0,0,0,0,0.39000000000000012,0.57000000000000017
Central Washington University,UG + TRN,UG + TRN,Display,Rhode Island (State),2025,2,Feb,135,0,0,0,0,0,0.63000000000000012,0.89000000000000024
Central Washington University,UG + TRN,UG + TRN,Display,Delaware (State),2025,2,Feb,92,0,0,0,0,0,0.45000000000000007,0.65999999999999992
Central Washington University,UG + TRN,UG + TRN,Display,Vermont (State),2025,2,Feb,87,0,0,0,0,0,0.24999999999999997,0.37
Central Washington University,UG + TRN,UG + TRN,Display,West Virginia (State),2025,2,Feb,86,0,0,0,0,0,0.34000000000000008,0.46000000000000013
Central Washington University,UG,UG,Display,Washington (State),2025,2,Feb,17,2,0,0,0,0,0.04,0
Central Washington University,TRN,Transfer,Mobile Location Targeting,,2025,3,Mar,298439,177,0,0,0,0,1453.19,4152.77
Central Washington University,TRN,Transfer,TikTok,,2025,3,Mar,242180,1211,0,0,0,0,1619.16,3238.0899999999997
Central Washington University,TRN,Transfer,Meta,,2025,3,Mar,228679,982,0,0,43,43,1881.25,2544.660000000003
Central Washington University,UG + TRN,UG + TRN,Display,Washington (State),2025,3,Mar,162243,69,0,15,0,15,555.47999999999968,821.70000000000061
Central Washington University,UG,UG,IP Targeting,,2025,3,Mar,114457,173,0,2,0,2,674.24000000000046,1931.1400000000033
Central Washington University,TRN,Transfer,Snapchat Snap Ads,wa,2025,3,Mar,51529,103,0,0,0,0,1520.18,3041.09
Central Washington University,TRN,Computer Science,Mobile Location Targeting,,2025,3,Mar,26149,33,0,0,0,0,145.13,414.84000000000009
Central Washington University,UG + TRN,UG + TRN,PPC,Washington,2025,3,Mar,25146,2704,2,0,0,2,7540.9800000000014,7540.9800000000014
Central Washington University,TRN,Transfer,Snapchat Snap Ads,or,2025,3,Mar,11432,22,0,0,0,0,404.01,808.32
Central Washington University,UG + TRN,UG + TRN,Display,California (State),2025,3,Mar,8773,6,0,0,0,0,27.400000000000006,39.720000000000006
Central Washington University,UG + TRN,UG + TRN,Display,Oregon (State),2025,3,Mar,8478,0,0,0,0,0,29.610000000000007,43.090000000000018
Central Washington University,UG + TRN,UG + TRN,Display,Texas (State),2025,3,Mar,4702,0,0,0,0,0,14.160000000000004,20.290000000000003
Central Washington University,TRN,Transfer,Snapchat Snap Ads,id,2025,3,Mar,3130,7,0,0,0,0,75.27,150.54
Central Washington University,UG + TRN,UG + TRN,Display,Idaho (State),2025,3,Mar,2754,3,1,0,0,1,8.2000000000000011,11.800000000000004
Central Washington University,UG + TRN,UG + TRN,Display,Florida (State),2025,3,Mar,2272,0,0,1,0,1,9.21,13.280000000000001
Central Washington University,UG + TRN,UG + TRN,Display,Arizona (State),2025,3,Mar,2263,1,0,0,0,0,7.8200000000000021,11.150000000000004
Central Washington University,UG + TRN,UG + TRN,Display,"San Francisco Bay Area,California,United States",2025,3,Mar,1922,2,0,0,0,0,6.9799999999999995,9.9
Central Washington University,UG + TRN,UG + TRN,Display,New York (State),2025,3,Mar,1894,3,0,0,0,0,6.7500000000000009,9.7500000000000018
Central Washington University,UG + TRN,UG + TRN,Display,Pennsylvania (State),2025,3,Mar,1651,0,0,0,0,0,5.8100000000000005,8.1700000000000017
Central Washington University,UG + TRN,UG + TRN,Display,Montana (State),2025,3,Mar,1429,1,0,0,0,0,4.5400000000000009,6.44
Central Washington University,UG + TRN,UG + TRN,Display,Colorado (State),2025,3,Mar,1350,4,0,0,0,0,5.65,7.9500000000000011
Central Washington University,UG + TRN,UG + TRN,Display,Illinois (State),2025,3,Mar,1327,1,0,0,0,0,5.0100000000000016,7.160000000000001
Central Washington University,UG + TRN,UG + TRN,Display,Utah (State),2025,3,Mar,1213,0,0,0,0,0,4.23,6.0000000000000018
Central Washington University,UG + TRN,UG + TRN,Display,Ohio (State),2025,3,Mar,1170,0,0,0,0,0,3.7400000000000011,5.3100000000000005
Central Washington University,UG + TRN,UG + TRN,Display,Missouri (State),2025,3,Mar,1162,0,0,0,0,0,3.2300000000000009,4.66
Central Washington University,UG + TRN,UG + TRN,Display,Virginia (State),2025,3,Mar,1103,2,0,0,0,0,4.0100000000000007,5.7399999999999993
Central Washington University,UG + TRN,UG + TRN,Display,Georgia (State),2025,3,Mar,1097,0,0,0,0,0,3.71,5.1100000000000021
Central Washington University,UG + TRN,UG + TRN,Display,Michigan (State),2025,3,Mar,1083,0,0,0,0,0,3.7,5.05
Central Washington University,UG + TRN,UG + TRN,Display,Nevada (State),2025,3,Mar,1073,0,0,0,0,0,3.42,4.96
Central Washington University,UG + TRN,UG + TRN,Display,Hawaii (State),2025,3,Mar,1012,0,0,0,0,0,2.9699999999999998,4.17
Central Washington University,UG + TRN,UG + TRN,Display,Massachusetts (State),2025,3,Mar,1011,2,0,0,0,0,3.5900000000000007,5.03
Central Washington University,UG + TRN,UG + TRN,PPC,Oregon,2025,3,Mar,792,68,0,0,0,0,140.93,140.93
Central Washington University,UG + TRN,UG + TRN,Display,Wisconsin (State),2025,3,Mar,772,0,0,0,0,0,2.9699999999999993,4.1499999999999995
Central Washington University,UG + TRN,UG + TRN,Display,Kansas (State),2025,3,Mar,772,0,0,0,0,0,2.12,2.93
Central Washington University,UG + TRN,UG + TRN,Display,Maryland (State),2025,3,Mar,748,0,0,0,0,0,3.06,4.3500000000000014
Central Washington University,UG + TRN,UG + TRN,Display,Minnesota (State),2025,3,Mar,728,2,0,0,0,0,2.37,3.39
Central Washington University,UG + TRN,UG + TRN,Display,North Carolina (State),2025,3,Mar,676,0,0,0,0,0,2.37,3.3099999999999992
Central Washington University,UG + TRN,UG + TRN,Display,Alaska (State),2025,3,Mar,652,0,0,0,0,0,2.350000000000001,3.4199999999999995
Central Washington University,UG + TRN,UG + TRN,Display,New Jersey (State),2025,3,Mar,639,0,0,0,0,0,2.1700000000000008,3.0900000000000012
Central Washington University,UG + TRN,UG + TRN,Display,Indiana (State),2025,3,Mar,551,0,0,0,0,0,2.2900000000000009,3.16
Central Washington University,UG + TRN,UG + TRN,Display,Oklahoma (State),2025,3,Mar,531,0,0,0,0,0,1.6600000000000004,2.4099999999999993
Central Washington University,UG + TRN,UG + TRN,Display,Tennessee (State),2025,3,Mar,493,0,0,0,0,0,1.7600000000000007,2.53
Central Washington University,UG + TRN,UG + TRN,Display,Iowa (State),2025,3,Mar,446,0,0,0,0,0,1.0600000000000005,1.5000000000000007
Central Washington University,UG + TRN,UG + TRN,Display,New Mexico (State),2025,3,Mar,446,0,0,0,0,0,1.2500000000000002,1.6900000000000006
Central Washington University,UG + TRN,UG + TRN,Display,Maine (State),2025,3,Mar,367,0,0,0,0,0,1.3500000000000005,2.0100000000000007
Central Washington University,UG + TRN,UG + TRN,Display,Louisiana (State),2025,3,Mar,364,0,0,0,0,0,1.1900000000000004,1.6800000000000006
Central Washington University,UG + TRN,UG + TRN,Display,Alabama (State),2025,3,Mar,350,0,0,0,0,0,1.1100000000000003,1.5100000000000002
Central Washington University,UG + TRN,UG + TRN,Display,South Carolina (State),2025,3,Mar,347,1,0,0,0,0,1.0900000000000003,1.6100000000000005
Central Washington University,UG + TRN,UG + TRN,Display,Nebraska (State),2025,3,Mar,324,0,0,0,0,0,0.88000000000000034,1.2600000000000002
Central Washington University,UG + TRN,UG + TRN,Display,Wyoming (State),2025,3,Mar,303,0,0,0,0,0,1.1500000000000001,1.6500000000000004
Central Washington University,UG + TRN,UG + TRN,Display,Arkansas (State),2025,3,Mar,263,0,0,0,0,0,0.7000000000000004,0.98000000000000032
Central Washington University,UG + TRN,UG + TRN,Display,District of Columbia,2025,3,Mar,210,0,0,0,0,0,0.6100000000000001,0.8500000000000002
Central Washington University,UG + TRN,UG + TRN,Display,South Dakota (State),2025,3,Mar,180,0,0,0,0,0,0.62000000000000011,0.90000000000000013
Central Washington University,UG + TRN,UG + TRN,PPC,Idaho,2025,3,Mar,172,16,0,0,0,0,23.700000000000003,23.700000000000003
Central Washington University,UG + TRN,UG + TRN,Display,Connecticut (State),2025,3,Mar,163,0,0,0,0,0,0.4900000000000001,0.76000000000000012
Central Washington University,UG + TRN,UG + TRN,Display,Kentucky (State),2025,3,Mar,163,0,0,0,0,0,0.51,0.78000000000000025
Central Washington University,UG + TRN,UG + TRN,Display,North Dakota (State),2025,3,Mar,162,0,0,0,0,0,0.41000000000000009,0.55
Central Washington University,UG + TRN,UG + TRN,Display,New Hampshire (State),2025,3,Mar,152,0,0,1,0,1,0.57000000000000017,0.82000000000000006
Central Washington University,UG + TRN,UG + TRN,Display,Mississippi (State),2025,3,Mar,147,0,0,0,0,0,0.55000000000000016,0.79
Central Washington University,UG + TRN,UG + TRN,Display,West Virginia (State),2025,3,Mar,124,0,0,0,0,0,0.49000000000000021,0.69000000000000017
Central Washington University,UG + TRN,UG + TRN,Display,Rhode Island (State),2025,3,Mar,111,0,0,0,0,0,0.46999999999999992,0.70000000000000018
Central Washington University,UG + TRN,UG + TRN,Display,Vermont (State),2025,3,Mar,80,0,0,0,0,0,0.34000000000000008,0.46000000000000008
Central Washington University,UG + TRN,UG + TRN,Display,Delaware (State),2025,3,Mar,22,0,0,0,0,0,0.08,0.14
Central Washington University,UG,UG,Display,Washington (State),2025,3,Mar,0,0,0,1,0,1,0,0
Central Washington University,TRN,Transfer,TikTok,,2025,4,Apr,152355,1036,0,0,0,0,787.85,1575.7
Central Washington University,TRN,Transfer,Mobile Location Targeting,,2025,4,Apr,133259,113,0,0,0,0,519.7900000000003,1485.37
Central Washington University,TRN,Transfer,Meta,,2025,4,Apr,65429,267,0,0,4,4,519.17000000000019,700.99000000000115
Central Washington University,TRN,Computer Science,Mobile Location Targeting,,2025,4,Apr,50866,27,0,0,0,0,344.75,985.18000000000029
Central Washington University,TRN,Computer Science,Meta,,2025,4,Apr,39699,128,0,0,4,4,495.50000000000006,669.58
Central Washington University,UG + TRN,UG + TRN,Display,Washington (State),2025,4,Apr,39134,18,1,27,0,28,160.52000000000024,239.82000000000022
Central Washington University,UG,UG,IP Targeting,,2025,4,Apr,22178,9,0,0,0,0,136.71000000000024,391.65000000000111
Central Washington University,TRN,Transfer,Snapchat Snap Ads,wa,2025,4,Apr,20141,30,0,0,0,0,411.25,822.51
Central Washington University,UG + TRN,UG + TRN,PPC,Washington,2025,4,Apr,6015,701,0,0,0,0,2106.36,2106.36
Central Washington University,TRN,Transfer,Snapchat Snap Ads,or,2025,4,Apr,4385,9,0,0,0,0,104.54,209.1
Central Washington University,UG + TRN,UG + TRN,Display,Oregon (State),2025,4,Apr,2050,1,0,1,0,1,8.7100000000000026,12.930000000000001
Central Washington University,UG + TRN,UG + TRN,Display,California (State),2025,4,Apr,1547,2,0,0,0,0,5.1300000000000008,7.8900000000000015
Central Washington University,TRN,Transfer,Snapchat Snap Ads,id,2025,4,Apr,1028,1,0,0,0,0,17.47,34.97
Central Washington University,UG + TRN,UG + TRN,Display,Texas (State),2025,4,Apr,934,1,0,0,0,0,3.62,5.4600000000000009
Central Washington University,UG + TRN,UG + TRN,Display,Idaho (State),2025,4,Apr,613,1,0,0,0,0,2.6400000000000006,4.07
Central Washington University,UG + TRN,UG + TRN,Display,Arizona (State),2025,4,Apr,568,0,0,0,0,0,2.67,3.92
Central Washington University,UG + TRN,UG + TRN,Display,Florida (State),2025,4,Apr,512,0,0,0,0,0,2.08,3.17
Central Washington University,UG + TRN,UG + TRN,Display,New York (State),2025,4,Apr,461,0,0,0,0,0,1.8299999999999998,2.75
Central Washington University,UG + TRN,UG + TRN,Display,Illinois (State),2025,4,Apr,437,1,0,0,0,0,2.0100000000000002,3.1100000000000003
Central Washington University,UG + TRN,UG + TRN,Display,"San Francisco Bay Area,California,United States",2025,4,Apr,422,0,0,0,0,0,1.7099999999999997,2.5500000000000003
Central Washington University,UG + TRN,UG + TRN,Display,Colorado (State),2025,4,Apr,322,0,0,0,0,0,1.24,1.9
Central Washington University,UG + TRN,UG + TRN,Display,Georgia (State),2025,4,Apr,319,2,0,0,0,0,1.17,1.7899999999999998
Central Washington University,UG + TRN,UG + TRN,Display,Pennsylvania (State),2025,4,Apr,313,1,0,0,0,0,0.92000000000000015,1.4200000000000002
Central Washington University,UG + TRN,UG + TRN,Display,Montana (State),2025,4,Apr,281,0,0,0,0,0,0.8500000000000002,1.29
Central Washington University,UG + TRN,UG + TRN,Display,Ohio (State),2025,4,Apr,277,0,0,0,0,0,1.1,1.67
Central Washington University,UG + TRN,UG + TRN,Display,Utah (State),2025,4,Apr,267,0,0,0,0,0,0.95,1.46
Central Washington University,UG + TRN,UG + TRN,Display,Nevada (State),2025,4,Apr,245,0,0,0,0,0,0.76,1.2100000000000002
Central Washington University,UG + TRN,UG + TRN,Display,Missouri (State),2025,4,Apr,232,0,0,0,0,0,0.87999999999999989,1.2599999999999998
Central Washington University,UG + TRN,UG + TRN,Display,Minnesota (State),2025,4,Apr,212,0,0,0,0,0,0.94000000000000006,1.42
Central Washington University,UG + TRN,UG + TRN,Display,Michigan (State),2025,4,Apr,189,0,0,0,0,0,0.59,0.95
Central Washington University,UG + TRN,UG + TRN,Display,Hawaii (State),2025,4,Apr,188,0,0,0,0,0,0.57,0.86
Central Washington University,UG + TRN,UG + TRN,PPC,Oregon,2025,4,Apr,176,14,0,0,0,0,56.190000000000005,56.190000000000005
Central Washington University,UG + TRN,UG + TRN,Display,Kansas (State),2025,4,Apr,171,0,0,0,0,0,0.49999999999999994,0.74
Central Washington University,UG + TRN,UG + TRN,Display,Alaska (State),2025,4,Apr,161,0,0,0,0,0,0.69000000000000006,1.05
Central Washington University,UG + TRN,UG + TRN,Display,Massachusetts (State),2025,4,Apr,152,0,0,0,0,0,0.48,0.77
Central Washington University,UG + TRN,UG + TRN,Display,Virginia (State),2025,4,Apr,152,0,0,0,0,0,0.48000000000000004,0.71
Central Washington University,UG + TRN,UG + TRN,Display,North Carolina (State),2025,4,Apr,145,0,0,0,0,0,0.43999999999999995,0.74
Central Washington University,UG + TRN,UG + TRN,Display,Maryland (State),2025,4,Apr,141,1,0,0,0,0,0.48000000000000004,0.71
Central Washington University,UG + TRN,UG + TRN,Display,Wisconsin (State),2025,4,Apr,136,0,0,0,0,0,0.54999999999999982,0.85000000000000009
Central Washington University,UG + TRN,UG + TRN,Display,Tennessee (State),2025,4,Apr,125,0,0,0,0,0,0.58,0.9
Central Washington University,UG + TRN,UG + TRN,Display,New Jersey (State),2025,4,Apr,115,0,0,0,0,0,0.54,0.86999999999999988
Central Washington University,UG + TRN,UG + TRN,Display,Iowa (State),2025,4,Apr,113,0,0,0,0,0,0.25,0.33
Central Washington University,UG + TRN,UG + TRN,Display,Indiana (State),2025,4,Apr,106,0,0,0,0,0,0.31999999999999995,0.51
Central Washington University,UG + TRN,UG + TRN,Display,Maine (State),2025,4,Apr,95,0,0,0,0,0,0.22,0.39
Central Washington University,UG + TRN,UG + TRN,Display,Oklahoma (State),2025,4,Apr,95,0,0,0,0,0,0.31,0.46
Central Washington University,UG + TRN,UG + TRN,Display,District of Columbia,2025,4,Apr,87,0,0,0,0,0,0.37,0.56
Central Washington University,UG + TRN,UG + TRN,Display,Arkansas (State),2025,4,Apr,77,0,0,0,0,0,0.22,0.33
Central Washington University,UG + TRN,UG + TRN,Display,New Mexico (State),2025,4,Apr,73,0,0,0,0,0,0.19999999999999998,0.33
Central Washington University,UG + TRN,UG + TRN,Display,South Carolina (State),2025,4,Apr,68,0,0,0,0,0,0.17,0.24000000000000002
Central Washington University,UG + TRN,UG + TRN,Display,Kentucky (State),2025,4,Apr,66,0,0,0,0,0,0.31000000000000005,0.47
Central Washington University,UG + TRN,UG + TRN,Display,Wyoming (State),2025,4,Apr,63,0,0,0,0,0,0.23,0.41000000000000003
Central Washington University,UG + TRN,UG + TRN,Display,Louisiana (State),2025,4,Apr,59,0,0,0,0,0,0.16,0.23
Central Washington University,UG + TRN,UG + TRN,Display,Alabama (State),2025,4,Apr,56,0,0,0,0,0,0.27,0.42000000000000004
Central Washington University,UG + TRN,UG + TRN,Display,Nebraska (State),2025,4,Apr,39,0,0,0,0,0,0.060000000000000005,0.10999999999999999
Central Washington University,UG + TRN,UG + TRN,Display,Connecticut (State),2025,4,Apr,36,0,0,0,0,0,0.06,0.11
Central Washington University,UG + TRN,UG + TRN,Display,Rhode Island (State),2025,4,Apr,35,0,0,0,0,0,0.11000000000000001,0.16
Central Washington University,UG + TRN,UG + TRN,PPC,Idaho,2025,4,Apr,34,5,0,0,0,0,17.779999999999998,17.779999999999998
Central Washington University,UG + TRN,UG + TRN,Display,Vermont (State),2025,4,Apr,32,0,0,0,0,0,0.22,0.32
Central Washington University,UG + TRN,UG + TRN,Display,New Hampshire (State),2025,4,Apr,27,0,0,0,0,0,0.07,0.13
Central Washington University,UG + TRN,UG + TRN,Display,Mississippi (State),2025,4,Apr,24,0,0,0,0,0,0.12,0.18
Central Washington University,UG + TRN,UG + TRN,Display,Delaware (State),2025,4,Apr,13,0,0,0,0,0,0.05,0.06
Central Washington University,UG + TRN,UG + TRN,Display,North Dakota (State),2025,4,Apr,13,0,0,0,0,0,0.04,0.07
Central Washington University,UG + TRN,UG + TRN,Display,West Virginia (State),2025,4,Apr,11,0,0,0,0,0,0.02,0.05
Central Washington University,UG + TRN,UG + TRN,Display,South Dakota (State),2025,4,Apr,3,0,0,0,0,0,0,0.01
Central Washington University,UG,UG,YouTube,Washington (State),2025,4,Apr,0,0,0,1,0,1,0,0
Central Washington University,TRN,Transfer,Mobile Location Targeting,,2025,5,May,692676,474,2,28,0,30,2303.9300000000003,6582.8
Central Washington University,TRN,Transfer,TikTok,,2025,5,May,535215,2128,0,0,0,0,2951.2399999999993,5904.6799999999994
Central Washington University,TRN,Transfer,Meta,,2025,5,May,476760,1821,0,0,61,61,1996.9600000000009,2719.9100000000017
Central Washington University,TRN,Computer Science,Mobile Location Targeting,,2025,5,May,244545,87,0,4,0,4,1452.7399999999998,4151.7600000000011
Central Washington University,TRN,Computer Science,Meta,,2025,5,May,220752,750,0,0,27,27,2345.9999999999995,3170.2899999999995
Central Washington University,UG + TRN,UG + TRN,Display,Washington (State),2025,5,May,159068,89,0,95,0,95,607.40000000000043,925.80000000000018
Central Washington University,TRN,Transfer,Snapchat Snap Ads,wa,2025,5,May,83451,160,0,0,0,0,1537.84,3075.68
Central Washington University,UG + TRN,UG + TRN,PPC,Washington,2025,5,May,30788,3696,889.19999999999993,0,0,889.19999999999993,7459.6500000000005,7459.6500000000005
Central Washington University,TRN,Transfer,Snapchat Snap Ads,or,2025,5,May,19558,31,0,0,0,0,393.46000000000009,786.92000000000019
Central Washington University,UG + TRN,UG + TRN,Display,California (State),2025,5,May,7790,2,0,3,0,3,28.150000000000009,47.210000000000015
Central Washington University,UG + TRN,UG + TRN,Display,Oregon (State),2025,5,May,6755,2,0,6,0,6,24.120000000000005,39.230000000000011
Central Washington University,TRN,Transfer,Snapchat Snap Ads,id,2025,5,May,4294,9,0,0,0,0,68.679999999999993,137.35999999999999
Central Washington University,UG + TRN,UG + TRN,Display,Texas (State),2025,5,May,3320,2,0,1,0,1,12.080000000000004,20.92
Central Washington University,UG + TRN,UG + TRN,Display,"San Francisco Bay Area,California,United States",2025,5,May,2607,0,0,0,0,0,9.15,15.569999999999999
Central Washington University,UG + TRN,UG + TRN,Display,Idaho (State),2025,5,May,2582,0,0,1,0,1,9.0200000000000014,14.970000000000004
Central Washington University,UG + TRN,UG + TRN,Display,Arizona (State),2025,5,May,2105,3,0,0,0,0,8.84,14.530000000000001
Central Washington University,UG + TRN,UG + TRN,Display,Florida (State),2025,5,May,2068,0,0,2,0,2,8.64,14.729999999999999
Central Washington University,UG + TRN,UG + TRN,Display,Illinois (State),2025,5,May,1722,0,0,0,0,0,6.78,11.309999999999999
Central Washington University,UG + TRN,UG + TRN,Display,New York (State),2025,5,May,1714,3,0,0,0,0,7.1800000000000015,11.730000000000002
Central Washington University,UG + TRN,UG + TRN,Display,Colorado (State),2025,5,May,1443,2,0,1,0,1,5.5199999999999978,9.3600000000000012
Central Washington University,UG + TRN,UG + TRN,PPC,Oregon,2025,5,May,1251,104,18,0,0,18,221.28,221.28
Central Washington University,UG + TRN,UG + TRN,Display,Pennsylvania (State),2025,5,May,1040,0,0,0,0,0,3.7299999999999995,6.7899999999999991
Central Washington University,UG + TRN,UG + TRN,Display,North Carolina (State),2025,5,May,1025,2,0,2,0,2,4.3000000000000007,7.4900000000000011
Central Washington University,UG + TRN,UG + TRN,Display,Georgia (State),2025,5,May,999,1,0,0,0,0,3.9200000000000004,6.92
Central Washington University,UG + TRN,UG + TRN,Display,New Jersey (State),2025,5,May,965,1,0,0,0,0,3.95,7.0600000000000005
Central Washington University,UG + TRN,UG + TRN,Display,Nevada (State),2025,5,May,964,0,0,0,0,0,3.4200000000000004,5.6199999999999992
Central Washington University,UG + TRN,UG + TRN,Display,Virginia (State),2025,5,May,870,1,0,0,0,0,3.8000000000000003,6.75
Central Washington University,UG + TRN,UG + TRN,Display,Utah (State),2025,5,May,783,2,0,1,0,1,2.9899999999999998,5.1000000000000014
Central Washington University,UG + TRN,UG + TRN,Display,Ohio (State),2025,5,May,734,0,0,0,0,0,2.7699999999999991,5.11
Central Washington University,UG + TRN,UG + TRN,Display,Montana (State),2025,5,May,706,0,0,0,0,0,3.2700000000000005,5.4700000000000006
Central Washington University,UG + TRN,UG + TRN,Display,Maryland (State),2025,5,May,699,0,0,0,0,0,2.87,5.16
Central Washington University,UG + TRN,UG + TRN,Display,Minnesota (State),2025,5,May,689,1,0,0,0,0,2.8499999999999996,4.8199999999999985
Central Washington University,UG + TRN,UG + TRN,Display,Massachusetts (State),2025,5,May,635,1,0,0,0,0,2.4599999999999995,4.52
Central Washington University,UG + TRN,UG + TRN,Display,Wisconsin (State),2025,5,May,599,0,0,0,0,0,2.1900000000000004,3.9500000000000011
Central Washington University,UG + TRN,UG + TRN,Display,Alaska (State),2025,5,May,582,0,0,0,0,0,2.0500000000000003,3.51
Central Washington University,UG + TRN,UG + TRN,Display,Missouri (State),2025,5,May,561,1,0,0,0,0,1.9800000000000006,3.5600000000000005
Central Washington University,UG + TRN,UG + TRN,Display,Michigan (State),2025,5,May,523,0,0,0,0,0,1.8500000000000005,3.4099999999999993
Central Washington University,UG + TRN,UG + TRN,Display,Hawaii (State),2025,5,May,486,1,0,0,0,0,1.7000000000000004,2.9899999999999993
Central Washington University,UG + TRN,UG + TRN,Display,Iowa (State),2025,5,May,465,0,0,0,0,0,1.5200000000000007,2.63
Central Washington University,UG + TRN,UG + TRN,Display,Tennessee (State),2025,5,May,417,0,0,0,0,0,1.4900000000000007,2.78
Central Washington University,UG + TRN,UG + TRN,Display,Indiana (State),2025,5,May,378,2,0,0,0,0,1.7300000000000004,3.0599999999999996
Central Washington University,UG + TRN,UG + TRN,Display,Connecticut (State),2025,5,May,360,0,0,0,0,0,1.3400000000000005,2.4600000000000004
Central Washington University,UG + TRN,UG + TRN,Display,District of Columbia,2025,5,May,350,2,0,0,0,0,1.6600000000000004,2.5999999999999996
Central Washington University,UG + TRN,UG + TRN,Display,Kansas (State),2025,5,May,338,0,0,0,0,0,1.4600000000000004,2.63
Central Washington University,UG + TRN,UG + TRN,Display,Oklahoma (State),2025,5,May,328,0,0,0,0,0,1.4700000000000002,2.6399999999999997
Central Washington University,UG + TRN,UG + TRN,PPC,Idaho,2025,5,May,282,25,5,0,0,5,35.79,35.79
Central Washington University,UG + TRN,UG + TRN,Display,Alabama (State),2025,5,May,229,0,0,0,0,0,0.9700000000000002,1.7600000000000007
Central Washington University,UG + TRN,UG + TRN,Display,New Mexico (State),2025,5,May,219,0,0,0,0,0,0.7100000000000003,1.3000000000000005
Central Washington University,UG + TRN,UG + TRN,Display,Louisiana (State),2025,5,May,214,0,0,1,0,1,0.8400000000000003,1.5600000000000005
Central Washington University,UG + TRN,UG + TRN,Display,South Carolina (State),2025,5,May,194,0,0,0,0,0,0.52999999999999992,1.0700000000000003
Central Washington University,UG + TRN,UG + TRN,Display,Maine (State),2025,5,May,181,0,0,0,0,0,0.54,0.9900000000000001
Central Washington University,UG + TRN,UG + TRN,Display,Kentucky (State),2025,5,May,176,0,0,0,0,0,0.88000000000000034,1.5400000000000007
Central Washington University,UG + TRN,UG + TRN,Display,Arkansas (State),2025,5,May,171,0,0,0,0,0,0.60000000000000009,1.1
Central Washington University,UG + TRN,UG + TRN,Display,Nebraska (State),2025,5,May,152,0,0,0,0,0,0.63000000000000012,1.1600000000000004
Central Washington University,UG + TRN,UG + TRN,Display,Wyoming (State),2025,5,May,145,2,0,0,0,0,0.52000000000000013,0.99000000000000021
Central Washington University,UG + TRN,UG + TRN,Display,North Dakota (State),2025,5,May,128,0,0,0,0,0,0.39000000000000012,0.72000000000000008
Central Washington University,UG + TRN,UG + TRN,Display,Mississippi (State),2025,5,May,104,0,0,0,0,0,0.57000000000000006,0.99
Central Washington University,UG + TRN,UG + TRN,Display,New Hampshire (State),2025,5,May,101,0,0,1,0,1,0.44000000000000006,0.85000000000000009
Central Washington University,UG + TRN,UG + TRN,Display,South Dakota (State),2025,5,May,54,0,0,0,0,0,0.28,0.5
Central Washington University,UG + TRN,UG + TRN,Display,West Virginia (State),2025,5,May,50,0,0,0,0,0,0.17,0.39000000000000007
Central Washington University,UG + TRN,UG + TRN,Display,Delaware (State),2025,5,May,49,0,0,0,0,0,0.22000000000000003,0.39
Central Washington University,UG + TRN,UG + TRN,Display,Vermont (State),2025,5,May,31,0,0,0,0,0,0.11,0.22
Central Washington University,UG + TRN,UG + TRN,Display,Rhode Island (State),2025,5,May,14,0,0,0,0,0,0.07,0.12000000000000001
Central Washington University,UG,UG,IP Targeting,,2025,5,May,0,0,0,14,0,14,0,0
Central Washington University,TRN,Transfer,TikTok,,2025,6,Jun,247106,976,0,0,0,0,1476.22,2952.44
Central Washington University,TRN,Computer Science,Meta,,2025,6,Jun,209416,1023,0,0,48,48,2151.4200000000005,2907.3300000000004
Central Washington University,UG + TRN,UG + TRN,Display,Washington (State),2025,6,Jun,166876,51,1,99,0,100,601.22000000000048,918.45
Central Washington University,TRN,Computer Science,Mobile Location Targeting,,2025,6,Jun,100001,37,0,2,0,2,526.86000000000024,1406.0000000000011
Central Washington University,UG + TRN,UG + TRN,PPC,Washington,2025,6,Jun,33456,4290,764.00999999999988,0,0,764.00999999999988,7419.5099999999993,7433.79
Central Washington University,UG + TRN,UG + TRN,Display,Oregon (State),2025,6,Jun,8940,1,0,1,0,1,31.710000000000015,50.71
Central Washington University,UG + TRN,UG + TRN,Display,California (State),2025,6,Jun,7768,3,0,4,0,4,23.920000000000009,40.740000000000016
Central Washington University,UG + TRN,UG + TRN,Display,Texas (State),2025,6,Jun,3808,3,0,1,0,1,13.720000000000002,23.230000000000008
Central Washington University,UG + TRN,UG + TRN,Display,"San Francisco Bay Area,California,United States",2025,6,Jun,3250,1,0,0,0,0,10.5,17.630000000000003
Central Washington University,UG + TRN,UG + TRN,Display,Idaho (State),2025,6,Jun,2733,1,0,0,0,0,8.6500000000000021,14.410000000000004
Central Washington University,UG + TRN,UG + TRN,Display,Arizona (State),2025,6,Jun,2222,1,0,0,0,0,9,14.649999999999997
Central Washington University,UG + TRN,UG + TRN,Display,Florida (State),2025,6,Jun,2081,1,0,4,0,4,8.1500000000000021,14.120000000000003
Central Washington University,UG + TRN,UG + TRN,Display,New York (State),2025,6,Jun,1861,0,0,0,0,0,6.9500000000000011,11.450000000000001
Central Washington University,UG + TRN,UG + TRN,Display,Illinois (State),2025,6,Jun,1852,1,0,0,0,0,6.1500000000000021,10.489999999999998
Central Washington University,UG + TRN,UG + TRN,PPC,Oregon,2025,6,Jun,1249,118,9,0,0,9,195.32999999999998,195.59
Central Washington University,UG + TRN,UG + TRN,Display,Colorado (State),2025,6,Jun,1163,0,0,3,0,3,4.1700000000000008,7.09
Central Washington University,UG + TRN,UG + TRN,Display,Nevada (State),2025,6,Jun,1009,0,0,0,0,0,3.22,5.1700000000000008
Central Washington University,UG + TRN,UG + TRN,Display,Utah (State),2025,6,Jun,1008,1,0,0,0,0,3.5899999999999994,6.2500000000000018
Central Washington University,UG + TRN,UG + TRN,Display,Georgia (State),2025,6,Jun,984,0,0,0,0,0,3.49,6.3000000000000016
Central Washington University,UG + TRN,UG + TRN,Display,Pennsylvania (State),2025,6,Jun,976,1,0,0,0,0,3.2,5.78
Central Washington University,UG + TRN,UG + TRN,Display,New Jersey (State),2025,6,Jun,952,0,0,0,0,0,3.569999999999999,6.41
Central Washington University,UG + TRN,UG + TRN,Display,Montana (State),2025,6,Jun,845,0,0,0,0,0,2.8899999999999997,5.02
Central Washington University,UG + TRN,UG + TRN,Display,Virginia (State),2025,6,Jun,828,0,0,1,0,1,3.54,6.1700000000000008
Central Washington University,UG + TRN,UG + TRN,Display,Alaska (State),2025,6,Jun,793,1,0,1,0,1,2.350000000000001,4.08
Central Washington University,UG + TRN,UG + TRN,Display,Massachusetts (State),2025,6,Jun,775,0,0,1,0,1,3.39,5.92
Central Washington University,UG + TRN,UG + TRN,Display,Hawaii (State),2025,6,Jun,774,0,0,0,0,0,2.3300000000000005,3.9200000000000004
Central Washington University,UG + TRN,UG + TRN,Display,Wisconsin (State),2025,6,Jun,772,0,0,0,0,0,2.3000000000000003,4.17
Central Washington University,UG + TRN,UG + TRN,Display,North Carolina (State),2025,6,Jun,761,1,0,0,0,0,2.49,4.4399999999999995
Central Washington University,UG + TRN,UG + TRN,Display,Minnesota (State),2025,6,Jun,740,0,0,0,0,0,3.0900000000000003,5.2499999999999991
Central Washington University,UG + TRN,UG + TRN,Display,Maryland (State),2025,6,Jun,731,0,0,0,0,0,2.3300000000000005,4.2499999999999991
Central Washington University,UG + TRN,UG + TRN,Display,Missouri (State),2025,6,Jun,726,0,0,0,0,0,2.4000000000000008,4.3800000000000008
Central Washington University,UG + TRN,UG + TRN,Display,Ohio (State),2025,6,Jun,711,0,0,1,0,1,2.100000000000001,3.9500000000000006
Central Washington University,UG + TRN,UG + TRN,Display,Michigan (State),2025,6,Jun,561,0,0,0,0,0,1.8900000000000006,3.6100000000000003
Central Washington University,UG + TRN,UG + TRN,Display,Tennessee (State),2025,6,Jun,462,0,0,0,0,0,1.9600000000000006,3.5500000000000003
Central Washington University,UG + TRN,UG + TRN,Display,Oklahoma (State),2025,6,Jun,447,0,0,0,0,0,1.5700000000000003,2.7699999999999996
Central Washington University,UG + TRN,UG + TRN,Display,New Mexico (State),2025,6,Jun,435,0,0,0,0,0,1.3300000000000005,2.3100000000000005
Central Washington University,UG + TRN,UG + TRN,Display,Kansas (State),2025,6,Jun,400,0,0,0,0,0,1.0200000000000002,1.8900000000000003
Central Washington University,UG + TRN,UG + TRN,Display,Indiana (State),2025,6,Jun,384,0,0,0,0,0,1.2900000000000003,2.4799999999999995
Central Washington University,UG + TRN,UG + TRN,Display,Arkansas (State),2025,6,Jun,360,0,0,0,0,0,1.2800000000000005,2.1900000000000004
Central Washington University,UG + TRN,UG + TRN,Display,District of Columbia,2025,6,Jun,331,0,0,0,0,0,1.4800000000000004,2.330000000000001
Central Washington University,UG + TRN,UG + TRN,Display,Connecticut (State),2025,6,Jun,329,0,0,0,0,0,1.2700000000000005,2.4100000000000006
Central Washington University,UG + TRN,UG + TRN,Display,Alabama (State),2025,6,Jun,314,0,0,0,0,0,1.3600000000000005,2.3600000000000003
Central Washington University,UG + TRN,UG + TRN,Display,South Carolina (State),2025,6,Jun,300,0,0,0,0,0,0.99000000000000021,1.9700000000000009
Central Washington University,UG + TRN,UG + TRN,Display,Iowa (State),2025,6,Jun,292,0,0,0,0,0,0.96000000000000019,1.7400000000000009
Central Washington University,UG + TRN,UG + TRN,Display,Wyoming (State),2025,6,Jun,285,0,0,0,0,0,1.3400000000000003,2.2199999999999998
Central Washington University,UG + TRN,UG + TRN,Display,Maine (State),2025,6,Jun,266,0,0,0,0,0,0.80000000000000016,1.5100000000000007
Central Washington University,UG + TRN,UG + TRN,PPC,Idaho,2025,6,Jun,236,17,0,0,0,0,21.31,21.380000000000003
Central Washington University,UG + TRN,UG + TRN,Display,Nebraska (State),2025,6,Jun,153,0,0,0,0,0,0.44000000000000006,0.8600000000000001
Central Washington University,UG + TRN,UG + TRN,Display,New Hampshire (State),2025,6,Jun,150,0,0,0,0,0,0.3600000000000001,0.78000000000000025
Central Washington University,UG + TRN,UG + TRN,Display,Mississippi (State),2025,6,Jun,138,0,0,0,0,0,0.55000000000000016,0.96000000000000008
Central Washington University,UG + TRN,UG + TRN,Display,Kentucky (State),2025,6,Jun,138,0,0,0,0,0,0.44000000000000006,0.84000000000000019
Central Washington University,UG + TRN,UG + TRN,Display,North Dakota (State),2025,6,Jun,107,0,0,0,0,0,0.28,0.52
Central Washington University,UG + TRN,UG + TRN,Display,Delaware (State),2025,6,Jun,101,0,0,0,0,0,0.48000000000000004,0.91000000000000025
Central Washington University,UG + TRN,UG + TRN,Display,Louisiana (State),2025,6,Jun,96,0,0,0,0,0,0.42000000000000004,0.84000000000000019
Central Washington University,UG + TRN,UG + TRN,Display,South Dakota (State),2025,6,Jun,71,0,0,0,0,0,0.18000000000000002,0.36000000000000004
Central Washington University,UG + TRN,UG + TRN,Display,West Virginia (State),2025,6,Jun,59,0,0,0,0,0,0.18,0.35
Central Washington University,UG + TRN,UG + TRN,Display,Vermont (State),2025,6,Jun,24,0,0,0,0,0,0.12999999999999998,0.26
Central Washington University,UG + TRN,UG + TRN,Display,Rhode Island (State),2025,6,Jun,17,0,0,0,0,0,0.05,0.12000000000000001
Central Washington University,TRN,Transfer,Mobile Location Targeting,,2025,6,Jun,0,0,0,19,0,19,0,0
Central Washington University,UG,UG,IP Targeting,,2025,6,Jun,0,0,0,7,0,7,0,0
Central Washington University,UG,CMGT & SHM,Meta,,2025,7,Jul,255795,1167,0,0,45,45,2417.5900000000006,3266.72
Central Washington University,UG + TRN,UG + TRN,Display,Washington (State),2025,7,Jul,195569,66,0,88,0,88,622.39000000000055,956.16000000000008
Central Washington University,UG + TRN,UG + TRN,PPC,Washington,2025,7,Jul,30581,3716,218.99,0,0,218.99,8309.130000000001,8309.130000000001
Central Washington University,UG + TRN,UG + TRN,Display,Oregon (State),2025,7,Jul,10929,4,0,4,0,4,32.20000000000001,52.330000000000027
Central Washington University,UG + TRN,UG + TRN,Display,California (State),2025,7,Jul,10835,7,0,4,0,4,30.530000000000015,51.550000000000026
Central Washington University,UG + TRN,UG + TRN,Display,Texas (State),2025,7,Jul,4946,3,0,1,0,1,14.720000000000002,25.480000000000008
Central Washington University,UG + TRN,UG + TRN,Display,"San Francisco Bay Area,California,United States",2025,7,Jul,4146,0,0,2,0,2,11.890000000000002,20.330000000000002
Central Washington University,UG + TRN,UG + TRN,Display,Idaho (State),2025,7,Jul,3893,1,0,0,0,0,11.09,18.47
Central Washington University,UG + TRN,UG + TRN,Display,New York (State),2025,7,Jul,2830,1,0,1,0,1,9.85,15.950000000000003
Central Washington University,UG + TRN,UG + TRN,Display,Florida (State),2025,7,Jul,2758,1,0,1,0,1,9.8600000000000012,16.830000000000002
Central Washington University,UG + TRN,UG + TRN,Display,Arizona (State),2025,7,Jul,2418,1,0,0,0,0,8.06,13.450000000000001
Central Washington University,UG + TRN,UG + TRN,Display,Illinois (State),2025,7,Jul,2158,2,0,0,0,0,6.83,11.839999999999996
Central Washington University,UG + TRN,UG + TRN,Display,Colorado (State),2025,7,Jul,1826,1,0,1,0,1,5.88,10.089999999999998
Central Washington University,UG + TRN,UG + TRN,Display,Utah (State),2025,7,Jul,1763,1,0,1,0,1,5.0300000000000011,8.7800000000000029
Central Washington University,UG + TRN,UG + TRN,Display,Nevada (State),2025,7,Jul,1676,0,0,0,0,0,4.4500000000000011,7.2100000000000009
Central Washington University,UG + TRN,UG + TRN,Display,Georgia (State),2025,7,Jul,1501,1,0,0,0,0,5.29,9.110000000000003
Central Washington University,UG + TRN,UG + TRN,Display,Michigan (State),2025,7,Jul,1449,2,0,0,0,0,5.4300000000000015,9.3200000000000038
Central Washington University,UG + TRN,UG + TRN,Display,Hawaii (State),2025,7,Jul,1423,2,0,1,0,1,3.37,5.91
Central Washington University,UG + TRN,UG + TRN,Display,New Jersey (State),2025,7,Jul,1379,2,0,0,0,0,4.370000000000001,7.9700000000000006
Central Washington University,UG + TRN,UG + TRN,Display,Pennsylvania (State),2025,7,Jul,1312,0,0,0,0,0,4.36,7.57
Central Washington University,UG + TRN,UG + TRN,PPC,Oregon,2025,7,Jul,1288,121,7,0,0,7,217.21999999999997,217.21999999999997
Central Washington University,UG + TRN,UG + TRN,Display,Minnesota (State),2025,7,Jul,1253,1,0,0,0,0,3.7999999999999994,6.7300000000000022
Central Washington University,UG + TRN,UG + TRN,Display,North Carolina (State),2025,7,Jul,1240,1,0,0,0,0,4.39,7.78
Central Washington University,UG + TRN,UG + TRN,Display,Massachusetts (State),2025,7,Jul,1211,0,0,1,0,1,4.0200000000000005,6.77
Central Washington University,UG,UG,TikTok,,2025,7,Jul,1199,10,0,0,0,0,1.36,2.72
Central Washington University,UG + TRN,UG + TRN,Display,Virginia (State),2025,7,Jul,1161,1,0,0,0,0,3.8400000000000003,6.7700000000000005
Central Washington University,UG + TRN,UG + TRN,Display,Montana (State),2025,7,Jul,1015,0,0,0,0,0,3.12,5.48
Central Washington University,UG + TRN,UG + TRN,Display,Ohio (State),2025,7,Jul,1011,0,0,0,0,0,2.8800000000000003,5.17
Central Washington University,UG + TRN,UG + TRN,Display,Alaska (State),2025,7,Jul,1001,0,0,1,0,1,2.3300000000000005,4.1
Central Washington University,UG + TRN,UG + TRN,Display,Missouri (State),2025,7,Jul,987,0,0,0,0,0,2.910000000000001,5.12
Central Washington University,UG + TRN,UG + TRN,Display,Maryland (State),2025,7,Jul,894,1,0,0,0,0,2.8800000000000003,5.1400000000000006
Central Washington University,UG + TRN,UG + TRN,Display,Wisconsin (State),2025,7,Jul,818,1,0,0,0,0,2.2500000000000004,4.0400000000000009
Central Washington University,UG + TRN,UG + TRN,Display,Indiana (State),2025,7,Jul,684,0,0,0,0,0,2.3800000000000008,4.2100000000000009
Central Washington University,UG + TRN,UG + TRN,Display,Connecticut (State),2025,7,Jul,670,0,0,0,0,0,2.7200000000000006,4.68
Central Washington University,UG + TRN,UG + TRN,Display,Tennessee (State),2025,7,Jul,625,0,0,0,0,0,1.8100000000000009,3.3500000000000005
Central Washington University,UG + TRN,UG + TRN,Display,Alabama (State),2025,7,Jul,558,0,0,0,0,0,1.7400000000000004,3.0300000000000002
Central Washington University,UG + TRN,UG + TRN,Display,New Mexico (State),2025,7,Jul,545,0,0,0,0,0,1.4900000000000007,2.6199999999999997
Central Washington University,UG + TRN,UG + TRN,Display,Iowa (State),2025,7,Jul,543,0,0,0,0,0,1.4200000000000004,2.5300000000000002
Central Washington University,UG + TRN,UG + TRN,Display,Arkansas (State),2025,7,Jul,481,0,0,0,0,0,1.4400000000000004,2.5
Central Washington University,UG + TRN,UG + TRN,Display,Maine (State),2025,7,Jul,448,1,0,0,0,0,1.5700000000000005,2.8
Central Washington University,UG + TRN,UG + TRN,Display,District of Columbia,2025,7,Jul,438,0,0,0,0,0,1.5000000000000002,2.3400000000000007
Central Washington University,UG + TRN,UG + TRN,Display,Kansas (State),2025,7,Jul,436,0,0,0,0,0,1.31,2.31
Central Washington University,UG + TRN,UG + TRN,Display,Oklahoma (State),2025,7,Jul,400,0,0,0,0,0,1.3200000000000005,2.31
Central Washington University,UG + TRN,UG + TRN,Display,Wyoming (State),2025,7,Jul,379,0,0,0,0,0,1.4300000000000006,2.4900000000000007
Central Washington University,UG + TRN,UG + TRN,Display,South Carolina (State),2025,7,Jul,379,0,0,0,0,0,1.35,2.4400000000000008
Central Washington University,UG + TRN,UG + TRN,PPC,Idaho,2025,7,Jul,308,30,0,0,0,0,47.35,47.35
Central Washington University,UG + TRN,UG + TRN,Display,Nebraska (State),2025,7,Jul,287,0,0,0,0,0,0.76000000000000023,1.4200000000000004
Central Washington University,UG + TRN,UG + TRN,Display,Kentucky (State),2025,7,Jul,273,0,0,0,0,0,1.0000000000000002,1.7600000000000009
Central Washington University,UG + TRN,UG + TRN,Display,New Hampshire (State),2025,7,Jul,268,0,0,0,0,0,0.95000000000000018,1.7000000000000006
Central Washington University,UG + TRN,UG + TRN,Display,Delaware (State),2025,7,Jul,244,0,0,0,0,0,1.11,1.8699999999999999
Central Washington University,UG + TRN,UG + TRN,Display,Louisiana (State),2025,7,Jul,188,0,0,0,0,0,0.53000000000000014,1.0300000000000002
Central Washington University,UG + TRN,UG + TRN,Display,North Dakota (State),2025,7,Jul,172,0,0,0,0,0,0.71000000000000019,1.2500000000000004
Central Washington University,UG + TRN,UG + TRN,Display,Mississippi (State),2025,7,Jul,166,0,0,0,0,0,0.6000000000000002,1.0800000000000005
Central Washington University,UG + TRN,UG + TRN,Display,Vermont (State),2025,7,Jul,121,0,0,0,0,0,0.46000000000000008,0.81
Central Washington University,UG + TRN,UG + TRN,Display,West Virginia (State),2025,7,Jul,95,0,0,0,0,0,0.25000000000000006,0.48000000000000009
Central Washington University,UG + TRN,UG + TRN,Display,South Dakota (State),2025,7,Jul,81,0,0,0,0,0,0.23,0.44000000000000006
Central Washington University,UG + TRN,UG + TRN,Display,Rhode Island (State),2025,7,Jul,32,0,0,0,0,0,0.15,0.25
Central Washington University,UG,UG,IP Targeting,,2025,7,Jul,0,0,0,2,0,2,0,0
Central Washington University,TRN,Computer Science,Mobile Location Targeting,,2025,7,Jul,0,0,0,1,0,1,0,0
Central Washington University,TRN,Transfer,Mobile Location Targeting,,2025,7,Jul,0,0,0,17,0,17,0,0
Central Washington University,UG,UG,TikTok,,2025,8,Aug,1631210,12321,0,0,0,0,4068.35,8085.1
Central Washington University,UG,UG,Meta,,2025,8,Aug,626463,2310,0,0,44,44,2783.5499999999993,3704.9100000000008
Central Washington University,UG,UG,YouTube,Washington (State),2025,8,Aug,404187,114,0,3,0,3,1727.9899999999991,2397.6900000000151
Central Washington University,UG,CMGT & SHM,Meta,,2025,8,Aug,401276,1835,0,0,99,99,3558.0800000000013,4807.3799999999974
Central Washington University,UG,Parent,Meta,,2025,8,Aug,257481,1319,0,0,0,0,2397.1500000000015,3238.4500000000025
Central Washington University,TRN,Transfer,Meta,,2025,8,Aug,215142,1090,0,0,56,56,2005.6900000000007,2709.3100000000022
Central Washington University,UG + TRN,UG + TRN,Display,Washington (State),2025,8,Aug,174955,61,0,57,0,57,640.63000000000045,978.1400000000001
Central Washington University,UG,UG,YouTube,Oregon (State),2025,8,Aug,115501,35,0,1,0,1,476.52999999999952,661.02000000000089
Central Washington University,UG + TRN,UG + TRN,PPC,Washington,2025,8,Aug,33799,4120,149.36999999999998,0,0,149.36999999999998,8524.239999999998,8524.239999999998
Central Washington University,UG,UG,YouTube,Idaho (State),2025,8,Aug,13831,4,0,0,0,0,61.940000000000005,85.909999999999968
Central Washington University,UG + TRN,UG + TRN,Display,Oregon (State),2025,8,Aug,9869,0,0,1,0,1,34.140000000000008,54.750000000000021
Central Washington University,UG + TRN,UG + TRN,Display,California (State),2025,8,Aug,8943,4,0,1,0,1,30.320000000000007,50.740000000000016
Central Washington University,UG + TRN,UG + TRN,Display,Texas (State),2025,8,Aug,4369,1,0,1,0,1,14.440000000000001,25.050000000000008
Central Washington University,UG + TRN,UG + TRN,Display,"San Francisco Bay Area,California,United States",2025,8,Aug,3984,1,0,0,0,0,14.270000000000003,23.70000000000001
Central Washington University,UG + TRN,UG + TRN,Display,New York (State),2025,8,Aug,2842,1,0,0,0,0,11.369999999999997,18.109999999999996
Central Washington University,UG + TRN,UG + TRN,Display,Idaho (State),2025,8,Aug,2645,1,0,0,0,0,8.4500000000000011,14.000000000000002
Central Washington University,UG + TRN,UG + TRN,Display,Arizona (State),2025,8,Aug,2274,1,0,0,0,0,9.31,15.140000000000004
Central Washington University,UG + TRN,UG + TRN,Display,Colorado (State),2025,8,Aug,2273,1,0,0,0,0,8.2700000000000014,14.100000000000001
Central Washington University,UG + TRN,UG + TRN,Display,Illinois (State),2025,8,Aug,2061,1,0,0,0,0,7.16,12.250000000000002
Central Washington University,UG + TRN,UG + TRN,Display,Florida (State),2025,8,Aug,1980,1,0,0,0,0,7.4499999999999984,13.05
Central Washington University,UG + TRN,UG + TRN,Display,Utah (State),2025,8,Aug,1663,2,0,0,0,0,4.5,7.93
Central Washington University,UG + TRN,UG + TRN,Display,Georgia (State),2025,8,Aug,1368,0,0,0,0,0,4.6700000000000017,8.27
Central Washington University,UG + TRN,UG + TRN,PPC,Oregon,2025,8,Aug,1278,109,6,0,0,6,198.45,198.45
Central Washington University,UG + TRN,UG + TRN,Display,Nevada (State),2025,8,Aug,1265,2,0,0,0,0,3.6999999999999993,6.04
Central Washington University,UG + TRN,UG + TRN,Display,Pennsylvania (State),2025,8,Aug,1090,0,0,0,0,0,4.2,7.4600000000000017
Central Washington University,UG + TRN,UG + TRN,Display,Hawaii (State),2025,8,Aug,1071,0,0,0,0,0,3.1099999999999994,5.1800000000000006
Central Washington University,UG + TRN,UG + TRN,Display,Virginia (State),2025,8,Aug,1037,0,0,0,0,0,3.7300000000000004,6.57
Central Washington University,UG + TRN,UG + TRN,Display,Ohio (State),2025,8,Aug,1008,0,0,4,0,4,3.88,6.910000000000001
Central Washington University,UG + TRN,UG + TRN,Display,Michigan (State),2025,8,Aug,998,0,0,0,0,0,3.4800000000000009,6.38
Central Washington University,UG + TRN,UG + TRN,Display,New Jersey (State),2025,8,Aug,969,0,0,0,0,0,3.67,6.6199999999999983
Central Washington University,UG + TRN,UG + TRN,Display,North Carolina (State),2025,8,Aug,968,1,0,0,0,0,2.9,5.339999999999999
Central Washington University,UG + TRN,UG + TRN,Display,Tennessee (State),2025,8,Aug,952,1,0,0,0,0,3.7000000000000006,6.23
Central Washington University,UG + TRN,UG + TRN,Display,Montana (State),2025,8,Aug,937,0,0,0,0,0,2.8800000000000003,5.0399999999999991
Central Washington University,UG + TRN,UG + TRN,Display,Alaska (State),2025,8,Aug,897,0,0,0,0,0,3.0300000000000002,4.9600000000000009
Central Washington University,UG + TRN,UG + TRN,Display,Massachusetts (State),2025,8,Aug,854,0,0,1,0,1,3.3099999999999996,5.57
Central Washington University,UG + TRN,UG + TRN,Display,Maryland (State),2025,8,Aug,845,0,0,0,0,0,3.2699999999999991,5.55
Central Washington University,UG + TRN,UG + TRN,Display,Minnesota (State),2025,8,Aug,843,1,0,0,0,0,2.5599999999999996,4.5700000000000012
Central Washington University,UG + TRN,UG + TRN,Display,Indiana (State),2025,8,Aug,797,0,0,0,0,0,2.7300000000000004,4.77
Central Washington University,UG + TRN,UG + TRN,Display,Missouri (State),2025,8,Aug,749,0,0,2,0,2,2.6400000000000006,4.62
Central Washington University,UG + TRN,UG + TRN,Display,Arkansas (State),2025,8,Aug,732,1,0,0,0,0,2.1700000000000004,3.76
Central Washington University,UG + TRN,UG + TRN,Display,Wisconsin (State),2025,8,Aug,726,0,0,0,0,0,2.1100000000000008,3.7499999999999996
Central Washington University,UG + TRN,UG + TRN,Display,Oklahoma (State),2025,8,Aug,539,2,0,0,0,0,1.8200000000000007,3.2899999999999996
Central Washington University,UG + TRN,UG + TRN,Display,Alabama (State),2025,8,Aug,510,0,0,0,0,0,2.0200000000000005,3.6500000000000008
Central Washington University,UG + TRN,UG + TRN,Display,Connecticut (State),2025,8,Aug,435,0,0,0,0,0,1.5100000000000007,2.6100000000000003
Central Washington University,UG + TRN,UG + TRN,Display,Louisiana (State),2025,8,Aug,386,2,0,0,0,0,1.3900000000000006,2.4200000000000004
Central Washington University,UG + TRN,UG + TRN,Display,Kentucky (State),2025,8,Aug,384,0,0,1,0,1,1.4300000000000006,2.4800000000000004
Central Washington University,UG + TRN,UG + TRN,Display,Iowa (State),2025,8,Aug,382,0,0,0,0,0,1.0900000000000003,1.9700000000000011
Central Washington University,UG + TRN,UG + TRN,Display,New Mexico (State),2025,8,Aug,358,0,0,0,0,0,0.91000000000000036,1.7000000000000006
Central Washington University,UG + TRN,UG + TRN,Display,Kansas (State),2025,8,Aug,325,0,0,0,0,0,1.2700000000000002,2.2300000000000009
Central Washington University,UG + TRN,UG + TRN,PPC,Idaho,2025,8,Aug,290,31,2,0,0,2,47.699999999999996,47.699999999999996
Central Washington University,UG + TRN,UG + TRN,Display,Wyoming (State),2025,8,Aug,281,0,0,0,0,0,0.85000000000000031,1.5300000000000005
Central Washington University,UG + TRN,UG + TRN,Display,Maine (State),2025,8,Aug,265,1,0,0,0,0,0.79000000000000026,1.4700000000000006
Central Washington University,UG + TRN,UG + TRN,Display,South Carolina (State),2025,8,Aug,253,0,0,0,0,0,0.8500000000000002,1.61
Central Washington University,UG + TRN,UG + TRN,Display,District of Columbia,2025,8,Aug,244,0,0,0,0,0,1.1700000000000002,1.8000000000000003
Central Washington University,UG + TRN,UG + TRN,Display,Nebraska (State),2025,8,Aug,196,0,0,0,0,0,0.56,1.03
Central Washington University,UG + TRN,UG + TRN,Display,Delaware (State),2025,8,Aug,191,0,0,0,0,0,0.64000000000000012,1.1
Central Washington University,UG + TRN,UG + TRN,Display,South Dakota (State),2025,8,Aug,153,0,0,0,0,0,0.49000000000000016,0.91000000000000036
Central Washington University,UG + TRN,UG + TRN,Display,North Dakota (State),2025,8,Aug,125,0,0,0,0,0,0.38000000000000006,0.71000000000000019
Central Washington University,UG + TRN,UG + TRN,Display,New Hampshire (State),2025,8,Aug,112,0,0,0,0,0,0.53,0.96
Central Washington University,UG + TRN,UG + TRN,Display,Mississippi (State),2025,8,Aug,100,0,0,0,0,0,0.31000000000000005,0.65000000000000024
Central Washington University,UG + TRN,UG + TRN,Display,Vermont (State),2025,8,Aug,64,0,0,0,0,0,0.24000000000000002,0.44
Central Washington University,UG + TRN,UG + TRN,Display,Rhode Island (State),2025,8,Aug,48,0,0,0,0,0,0.27,0.47000000000000008
Central Washington University,UG + TRN,UG + TRN,Display,West Virginia (State),2025,8,Aug,27,0,0,0,0,0,0.099999999999999992,0.2
Central Washington University,UG,UG,TikTok,,2025,9,Sep,1600007,13077,0,0,0,0,3954.67,7827.0300000000016
Central Washington University,UG,UG,Meta,,2025,9,Sep,591717,2031,0,0,36,36,2735.61,3704.9599999999996
Central Washington University,UG,UG,YouTube,Washington (State),2025,9,Sep,401666,93,0,3,0,3,1694.1199999999992,2390.1900000000123
Central Washington University,UG,CMGT & SHM,Meta,,2025,9,Sep,370643,1719,0,0,99,99,3366.5400000000004,4534.6399999999985
Central Washington University,TRN,Transfer,Meta,,2025,9,Sep,244266,1069,0,0,59,59,2300.9100000000012,3047.5400000000018
Central Washington University,UG,Parent,Meta,,2025,9,Sep,205500,939,0,0,0,0,2273.9900000000016,3072.0600000000018
Central Washington University,UG + TRN,UG + TRN,Display,Washington (State),2025,9,Sep,175508,50,2,114,0,116,642.92000000000053,988.00999999999988
Central Washington University,UG,UG,YouTube,Oregon (State),2025,9,Sep,118491,28,0,0,0,0,478.61999999999989,674.9600000000006
Central Washington University,UG + TRN,UG + TRN,PPC,Washington,2025,9,Sep,34127,3665,276.04,0,0,276.04,8668.32,8668.32
Central Washington University,UG,UG,YouTube,Idaho (State),2025,9,Sep,12849,2,0,0,0,0,55.940000000000005,78.87
Central Washington University,UG + TRN,UG + TRN,Display,Oregon (State),2025,9,Sep,8932,7,0,5,0,5,31.910000000000007,51.320000000000014
Central Washington University,UG + TRN,UG + TRN,Display,California (State),2025,9,Sep,7558,0,0,3,0,3,25.540000000000006,43.040000000000013
Central Washington University,UG + TRN,UG + TRN,Display,Texas (State),2025,9,Sep,4525,1,0,1,0,1,14.49,24.810000000000006
Central Washington University,UG + TRN,UG + TRN,Display,New York (State),2025,9,Sep,3024,0,0,0,0,0,11.310000000000002,18.349999999999998
Central Washington University,UG + TRN,UG + TRN,Display,Idaho (State),2025,9,Sep,3004,1,0,6,0,6,9.35,15.760000000000003
Central Washington University,UG + TRN,UG + TRN,Display,Arizona (State),2025,9,Sep,2696,0,0,0,0,0,10.260000000000002,16.689999999999998
Central Washington University,UG + TRN,UG + TRN,Display,Colorado (State),2025,9,Sep,2447,0,0,1,0,1,8.96,15.030000000000003
Central Washington University,UG + TRN,UG + TRN,Display,San Francisco Bay Area,2025,9,Sep,2393,0,0,1,0,1,8.1600000000000019,13.600000000000005
Central Washington University,UG + TRN,UG + TRN,Display,"San Francisco Bay Area,California,United States",2025,9,Sep,2057,0,0,1,0,1,7.03,11.880000000000003
Central Washington University,UG + TRN,UG + TRN,Display,Florida (State),2025,9,Sep,1899,1,0,0,0,0,7.120000000000001,12.63
Central Washington University,UG + TRN,UG + TRN,Display,Georgia (State),2025,9,Sep,1648,0,0,0,0,0,5.5300000000000011,9.31
Central Washington University,UG + TRN,UG + TRN,Display,Illinois (State),2025,9,Sep,1566,0,0,1,0,1,5.4500000000000011,9.58
Central Washington University,UG + TRN,UG + TRN,Display,Utah (State),2025,9,Sep,1546,0,0,2,0,2,4.87,8.2800000000000011
Central Washington University,UG + TRN,UG + TRN,Display,Massachusetts (State),2025,9,Sep,1267,0,0,0,0,0,3.6400000000000006,6.3899999999999988
Central Washington University,UG + TRN,UG + TRN,Display,Montana (State),2025,9,Sep,1218,0,0,0,0,0,4.3500000000000005,7.2999999999999989
Central Washington University,UG + TRN,UG + TRN,Display,Virginia (State),2025,9,Sep,1047,1,0,0,0,0,3.95,6.96
Central Washington University,UG + TRN,UG + TRN,Display,Hawaii (State),2025,9,Sep,1042,0,0,1,0,1,3.4000000000000004,5.7400000000000011
Central Washington University,UG + TRN,UG + TRN,PPC,Oregon,2025,9,Sep,1001,86,5.75,0,0,5.75,179.45,179.45
Central Washington University,UG + TRN,UG + TRN,Display,Michigan (State),2025,9,Sep,994,1,0,2,0,2,3.2800000000000002,6.0499999999999989
Central Washington University,UG + TRN,UG + TRN,Display,Missouri (State),2025,9,Sep,988,0,0,0,0,0,3.2600000000000002,5.4299999999999988
Central Washington University,UG + TRN,UG + TRN,Display,Ohio (State),2025,9,Sep,986,0,0,0,0,0,3.34,5.9399999999999995
Central Washington University,UG + TRN,UG + TRN,Display,Tennessee (State),2025,9,Sep,925,0,0,1,0,1,3.2900000000000009,5.65
Central Washington University,UG + TRN,UG + TRN,Display,North Carolina (State),2025,9,Sep,910,0,0,0,0,0,3.1199999999999997,5.5600000000000005
Central Washington University,UG + TRN,UG + TRN,Display,Nevada (State),2025,9,Sep,873,0,0,1,0,1,2.7800000000000002,4.5000000000000009
Central Washington University,UG + TRN,UG + TRN,Display,Maryland (State),2025,9,Sep,864,1,0,0,0,0,3.2199999999999989,5.6099999999999994
Central Washington University,UG + TRN,UG + TRN,Display,Pennsylvania (State),2025,9,Sep,834,0,0,0,0,0,2.88,5.1599999999999993
Central Washington University,UG + TRN,UG + TRN,Display,Minnesota (State),2025,9,Sep,804,0,2,0,0,2,3.0600000000000009,5.2600000000000016
Central Washington University,UG + TRN,UG + TRN,Display,Alaska (State),2025,9,Sep,731,0,0,0,0,0,2.45,4.1400000000000006
Central Washington University,UG + TRN,UG + TRN,Display,Kansas (State),2025,9,Sep,689,0,0,1,0,1,2.2199999999999998,3.9199999999999995
Central Washington University,UG + TRN,UG + TRN,Display,New Jersey (State),2025,9,Sep,604,0,0,0,0,0,2.2600000000000007,4.23
Central Washington University,UG + TRN,UG + TRN,Display,Wisconsin (State),2025,9,Sep,588,0,0,0,0,0,1.5700000000000005,3.04
Central Washington University,UG + TRN,UG + TRN,Display,Indiana (State),2025,9,Sep,575,1,0,0,0,0,2.1500000000000004,3.85
Central Washington University,UG + TRN,UG + TRN,Display,Iowa (State),2025,9,Sep,551,0,0,0,0,0,1.9600000000000004,3.39
Central Washington University,UG + TRN,UG + TRN,Display,Arkansas (State),2025,9,Sep,468,0,0,0,0,0,1.3900000000000006,2.4400000000000004
Central Washington University,UG + TRN,UG + TRN,Display,Alabama (State),2025,9,Sep,423,1,0,0,0,0,1.3900000000000006,2.6399999999999997
Central Washington University,UG + TRN,UG + TRN,Display,Louisiana (State),2025,9,Sep,381,0,0,0,0,0,1.2700000000000005,2.3100000000000009
Central Washington University,UG + TRN,UG + TRN,Display,South Carolina (State),2025,9,Sep,358,0,0,0,0,0,1.1500000000000004,2.23
Central Washington University,UG + TRN,UG + TRN,Display,Connecticut (State),2025,9,Sep,356,0,0,0,0,0,1.1900000000000002,2.3600000000000003
Central Washington University,UG + TRN,UG + TRN,Display,Nebraska (State),2025,9,Sep,307,1,0,0,0,0,1.0200000000000002,1.8300000000000005
Central Washington University,UG + TRN,UG + TRN,Display,Kentucky (State),2025,9,Sep,287,0,0,0,0,0,1.0400000000000003,1.8800000000000003
Central Washington University,UG + TRN,UG + TRN,Display,Oklahoma (State),2025,9,Sep,270,0,0,0,0,0,0.83000000000000029,1.5600000000000005
Central Washington University,UG + TRN,UG + TRN,Display,Wyoming (State),2025,9,Sep,238,0,0,0,0,0,0.69000000000000017,1.2600000000000002
Central Washington University,UG + TRN,UG + TRN,Display,New Mexico (State),2025,9,Sep,233,0,0,1,0,1,0.62000000000000022,1.1800000000000004
Central Washington University,UG + TRN,UG + TRN,PPC,Idaho,2025,9,Sep,231,23,1,0,0,1,28.619999999999997,28.619999999999997
Central Washington University,UG + TRN,UG + TRN,Display,Maine (State),2025,9,Sep,211,0,0,0,0,0,0.83000000000000029,1.4400000000000006
Central Washington University,UG + TRN,UG + TRN,Display,New Hampshire (State),2025,9,Sep,176,0,0,0,0,0,0.58000000000000018,1.12
Central Washington University,UG + TRN,UG + TRN,Display,Mississippi (State),2025,9,Sep,174,0,0,0,0,0,0.56000000000000016,0.9800000000000002
Central Washington University,UG + TRN,UG + TRN,Display,South Dakota (State),2025,9,Sep,130,0,0,0,0,0,0.57000000000000006,0.99000000000000021
Central Washington University,UG + TRN,UG + TRN,Display,Vermont (State),2025,9,Sep,120,0,0,0,0,0,0.67,1.1800000000000002
Central Washington University,UG + TRN,UG + TRN,Display,Delaware (State),2025,9,Sep,102,0,0,0,0,0,0.49,0.9
Central Washington University,UG + TRN,UG + TRN,Display,North Dakota (State),2025,9,Sep,91,0,0,0,0,0,0.2,0.47000000000000003
Central Washington University,UG + TRN,UG + TRN,Display,District of Columbia (State),2025,9,Sep,87,0,0,0,0,0,0.41,0.67
Central Washington University,UG + TRN,UG + TRN,Display,District of Columbia,2025,9,Sep,83,0,0,0,0,0,0.3,0.5
Central Washington University,UG + TRN,UG + TRN,Display,Rhode Island (State),2025,9,Sep,70,0,0,0,0,0,0.19,0.39000000000000007
Central Washington University,UG + TRN,UG + TRN,Display,West Virginia (State),2025,9,Sep,27,0,0,0,0,0,0.099999999999999992,0.21999999999999995
Central Washington University,TRN,Computer Science,Mobile Location Targeting,,2025,9,Sep,0,0,0,3,0,3,0,0
Central Washington University,UG,UG,TikTok,,2025,10,Oct,1651458,12884,0,0,0,0,3975.6200000000008,8085.1200000000008
Central Washington University,UG,UG,Meta,,2025,10,Oct,462167,1766,0,0,30,30,2461.7900000000004,3326.7200000000003
Central Washington University,UG,UG,YouTube,Washington (State),2025,10,Oct,458437,96,0,9,0,9,1740.629999999999,2418.4500000000144
Central Washington University,UG,UG,IP Targeting,Washington,2025,10,Oct,415573,1440,0,0,0,0,1478.4499999999996,4231.0400000000081
Central Washington University,TRN,Transfer,Meta,,2025,10,Oct,247856,950,0,0,54,54,2158.0700000000011,2915.4700000000021
Central Washington University,UG,Parent,Meta,,2025,10,Oct,219556,909,0,0,0,0,2184.8400000000015,2951.4700000000025
Central Washington University,UG + TRN,UG + TRN,Display,Washington (State),2025,10,Oct,183949,54,1,165,0,166,665.58000000000141,1016.5400000000004
Central Washington University,UG,CMGT & SHM,Meta,,2025,10,Oct,159957,888,0,0,35,35,1394.7300000000007,1886.1899999999994
Central Washington University,UG,UG,YouTube,Oregon (State),2025,10,Oct,128811,46,0,2,0,2,471.9599999999997,655.75000000000091
Central Washington University,UG,UG,IP Targeting,Oregon,2025,10,Oct,75632,286,0,0,0,0,275.21999999999952,789.78000000000077
Central Washington University,UG,UG,IP Targeting,California,2025,10,Oct,56420,140,0,0,0,0,212.14999999999932,614.61000000000035
Central Washington University,UG,UG,IP Targeting,US:wa,2025,10,Oct,47119,54,0,0,0,0,146.97999999999971,423.97999999999968
Central Washington University,UG + TRN,UG + TRN,PPC,Washington,2025,10,Oct,35915,4287,398.46,0,0,398.46,8430.95,8430.95
Central Washington University,UG,UG,IP Targeting,Idaho,2025,10,Oct,19371,50,0,0,0,0,66.42,191.32999999999987
Central Washington University,UG,UG,IP Targeting,Texas,2025,10,Oct,18475,94,0,0,0,0,68.74,199.63999999999982
Central Washington University,UG,UG,YouTube,Idaho (State),2025,10,Oct,13754,0,0,0,0,0,55.500000000000014,77.12
Central Washington University,UG,UG,IP Targeting,New York,2025,10,Oct,10748,31,0,0,0,0,39.060000000000016,113.75999999999993
Central Washington University,UG,UG,IP Targeting,Florida,2025,10,Oct,10721,61,0,0,0,0,39.030000000000022,113.83999999999997
Central Washington University,UG,UG,IP Targeting,Illinois,2025,10,Oct,10273,53,0,0,0,0,38.170000000000009,111.28999999999999
Central Washington University,UG,UG,IP Targeting,Arizona,2025,10,Oct,8721,32,0,0,0,0,32.180000000000014,92.88000000000001
Central Washington University,UG + TRN,UG + TRN,Display,Oregon (State),2025,10,Oct,8488,4,0,5,0,5,29.580000000000009,47.970000000000006
Central Washington University,UG + TRN,UG + TRN,Display,California (State),2025,10,Oct,8421,1,0,3,0,3,29.04000000000001,49.850000000000023
Central Washington University,UG,UG,IP Targeting,US:or,2025,10,Oct,7816,17,0,0,0,0,24.400000000000006,71.27
Central Washington University,UG,UG,IP Targeting,Ohio,2025,10,Oct,7652,56,0,0,0,0,26.670000000000012,78.190000000000012
Central Washington University,UG,UG,IP Targeting,Pennsylvania,2025,10,Oct,7388,41,0,0,0,0,26.240000000000013,76.9
Central Washington University,UG,UG,IP Targeting,US:ca,2025,10,Oct,6941,6,0,0,0,0,21.760000000000012,64.520000000000024
Central Washington University,UG,UG,IP Targeting,Michigan,2025,10,Oct,6921,49,0,0,0,0,24.110000000000007,70.730000000000032
Central Washington University,UG,UG,IP Targeting,Colorado,2025,10,Oct,6348,24,0,0,0,0,23.500000000000007,68.310000000000045
Central Washington University,UG,UG,IP Targeting,Virginia,2025,10,Oct,6133,34,0,0,0,0,22.930000000000014,66.930000000000021
Central Washington University,UG,UG,IP Targeting,Utah,2025,10,Oct,6068,26,0,0,0,0,22.650000000000002,65.86
Central Washington University,UG,UG,IP Targeting,Nevada,2025,10,Oct,5787,25,0,0,0,0,21.270000000000007,61.199999999999996
Central Washington University,UG,UG,IP Targeting,Wisconsin,2025,10,Oct,5784,35,0,0,0,0,20.730000000000008,60.490000000000038
Central Washington University,UG,UG,IP Targeting,Georgia,2025,10,Oct,5456,27,0,0,0,0,20.160000000000011,58.870000000000012
Central Washington University,UG,UG,IP Targeting,North Carolina,2025,10,Oct,5439,29,0,0,0,0,19.570000000000007,57.230000000000011
Central Washington University,UG,UG,IP Targeting,Minnesota,2025,10,Oct,4660,20,0,0,0,0,17.06,49.700000000000017
Central Washington University,UG,UG,IP Targeting,Tennessee,2025,10,Oct,4356,27,0,0,0,0,15.330000000000002,45.03000000000003
Central Washington University,UG,UG,IP Targeting,New Jersey,2025,10,Oct,4147,11,0,0,0,0,15.340000000000009,45.100000000000016
Central Washington University,UG + TRN,UG + TRN,Display,Texas (State),2025,10,Oct,4032,2,0,3,0,3,14.120000000000001,23.79
Central Washington University,UG,UG,IP Targeting,Missouri,2025,10,Oct,3965,9,0,0,0,0,14.55,42.120000000000005
Central Washington University,UG,UG,IP Targeting,Indiana,2025,10,Oct,3858,12,0,0,0,0,13.940000000000005,40.960000000000022
Central Washington University,UG,UG,IP Targeting,Massachusetts,2025,10,Oct,3815,16,0,0,0,0,13.680000000000003,40.470000000000013
Central Washington University,UG,UG,IP Targeting,Maryland,2025,10,Oct,3364,12,0,0,0,0,12.02,35.420000000000009
Central Washington University,UG + TRN,UG + TRN,Display,New York (State),2025,10,Oct,3343,0,0,1,0,1,13.310000000000004,21.810000000000006
Central Washington University,UG,UG,IP Targeting,Hawaii,2025,10,Oct,3121,7,0,0,0,0,10.76,31.310000000000009
Central Washington University,UG,UG,IP Targeting,Montana,2025,10,Oct,2944,13,0,0,0,0,10.330000000000004,30.1
Central Washington University,UG,UG,IP Targeting,Alabama,2025,10,Oct,2826,8,0,0,0,0,10.59,31.009999999999998
Central Washington University,UG,UG,IP Targeting,South Carolina,2025,10,Oct,2603,8,0,0,0,0,9.18,26.94
Central Washington University,UG + TRN,UG + TRN,Display,Arizona (State),2025,10,Oct,2543,1,0,1,0,1,9.2,15.399999999999997
Central Washington University,UG,UG,IP Targeting,US:tx,2025,10,Oct,2499,5,0,0,0,0,7.6400000000000006,22.760000000000009
Central Washington University,UG,UG,IP Targeting,US:id,2025,10,Oct,2387,1,0,0,0,0,6.9799999999999995,20.54
Central Washington University,UG,UG,IP Targeting,Kansas,2025,10,Oct,2343,9,0,0,0,0,7.9399999999999995,23.530000000000005
Central Washington University,UG + TRN,UG + TRN,Display,Idaho (State),2025,10,Oct,2329,1,1,5,0,6,7.2000000000000028,12.070000000000002
Central Washington University,UG,UG,IP Targeting,Nebraska,2025,10,Oct,2287,22,0,0,0,0,8.3800000000000026,24.460000000000004
Central Washington University,UG,UG,IP Targeting,Iowa,2025,10,Oct,2229,14,0,0,0,0,7.79,22.930000000000003
Central Washington University,UG,UG,IP Targeting,Connecticut,2025,10,Oct,2207,7,0,0,0,0,7.9999999999999973,23.600000000000005
Central Washington University,UG,UG,IP Targeting,Kentucky,2025,10,Oct,2137,13,0,0,0,0,7.55,22.099999999999998
Central Washington University,UG,UG,IP Targeting,Alaska,2025,10,Oct,2076,7,0,0,0,0,6.94,20.180000000000003
Central Washington University,UG + TRN,UG + TRN,Display,Colorado (State),2025,10,Oct,2026,2,0,1,0,1,7.6900000000000031,13.150000000000002
Central Washington University,UG,UG,IP Targeting,Louisiana,2025,10,Oct,2006,3,0,0,0,0,6.9200000000000008,20.400000000000002
Central Washington University,UG + TRN,UG + TRN,Display,Florida (State),2025,10,Oct,1764,0,0,1,0,1,7.370000000000001,12.78
Central Washington University,UG + TRN,UG + TRN,Display,Illinois (State),2025,10,Oct,1703,0,0,0,0,0,7.18,12.090000000000003
Central Washington University,UG,UG,IP Targeting,Oklahoma,2025,10,Oct,1593,6,0,0,0,0,5.82,17.019999999999996
Central Washington University,UG,UG,IP Targeting,US:il,2025,10,Oct,1386,1,0,0,0,0,4.61,13.560000000000002
Central Washington University,UG,UG,IP Targeting,US:oh,2025,10,Oct,1195,1,0,0,0,0,3.350000000000001,9.9500000000000011
Central Washington University,UG,UG,IP Targeting,US:fl,2025,10,Oct,1183,3,0,0,0,0,3.7400000000000011,11.130000000000004
Central Washington University,UG,UG,IP Targeting,Arkansas,2025,10,Oct,1172,1,0,0,0,0,4.18,12.36
Central Washington University,UG + TRN,UG + TRN,PPC,Oregon,2025,10,Oct,1132,104,6.25,0,0,6.25,135.75,135.75
Central Washington University,UG,UG,IP Targeting,US:ny,2025,10,Oct,1112,1,0,0,0,0,3.2700000000000005,9.68
Central Washington University,UG + TRN,UG + TRN,Display,Missouri (State),2025,10,Oct,1106,0,0,0,0,0,3.8600000000000003,6.3299999999999992
Central Washington University,UG + TRN,UG + TRN,Display,Hawaii (State),2025,10,Oct,1105,1,0,0,0,0,3.57,6.03
Central Washington University,UG + TRN,UG + TRN,Display,Virginia (State),2025,10,Oct,1080,1,0,0,0,0,3.9100000000000006,7.0300000000000011
Central Washington University,UG + TRN,UG + TRN,Display,Pennsylvania (State),2025,10,Oct,1072,2,0,1,0,1,4.07,7.38
Central Washington University,UG,UG,IP Targeting,Maine,2025,10,Oct,1070,2,0,0,0,0,3.7100000000000009,11.01
Central Washington University,UG + TRN,UG + TRN,Display,Ohio (State),2025,10,Oct,1064,0,0,0,0,0,4.61,7.88
Central Washington University,UG,UG,IP Targeting,New Hampshire,2025,10,Oct,1064,5,0,0,0,0,3.5300000000000002,10.49
Central Washington University,UG + TRN,UG + TRN,Display,Montana (State),2025,10,Oct,1062,0,0,0,0,0,3.8000000000000003,6.6
Central Washington University,UG,UG,IP Targeting,New Mexico,2025,10,Oct,1036,7,0,0,0,0,3.7799999999999989,11.060000000000002
Central Washington University,UG + TRN,UG + TRN,Display,Georgia (State),2025,10,Oct,1016,0,0,0,0,0,3.3200000000000003,5.8000000000000016
Central Washington University,UG + TRN,UG + TRN,Display,San Francisco Bay Area,2025,10,Oct,1009,0,0,0,0,0,3.16,5.3900000000000015
Central Washington University,UG + TRN,UG + TRN,Display,Massachusetts (State),2025,10,Oct,999,0,0,0,0,0,3.61,6.4299999999999988
Central Washington University,UG + TRN,UG + TRN,Display,Utah (State),2025,10,Oct,983,0,0,0,0,0,3.5899999999999994,6.0300000000000011
Central Washington University,UG + TRN,UG + TRN,Display,Minnesota (State),2025,10,Oct,950,1,0,1,0,1,3.79,6.38
Central Washington University,UG,UG,IP Targeting,Mississippi,2025,10,Oct,947,4,0,0,0,0,3.43,10.190000000000001
Central Washington University,UG + TRN,UG + TRN,Display,Tennessee (State),2025,10,Oct,943,0,0,0,0,0,3.2000000000000006,5.6400000000000015
Central Washington University,UG + TRN,UG + TRN,Display,North Carolina (State),2025,10,Oct,926,0,0,0,0,0,3.22,5.7299999999999995
Central Washington University,UG,UG,IP Targeting,Wyoming,2025,10,Oct,914,3,0,0,0,0,3.27,9.53
Central Washington University,UG + TRN,UG + TRN,Display,Michigan (State),2025,10,Oct,896,0,0,0,0,0,3.2600000000000002,6.0299999999999994
Central Washington University,UG,UG,IP Targeting,US:az,2025,10,Oct,892,4,0,0,0,0,2.7900000000000005,8.2399999999999984
Central Washington University,UG + TRN,UG + TRN,Display,Nevada (State),2025,10,Oct,885,0,0,0,0,0,3.2400000000000011,5.34
Central Washington University,UG + TRN,UG + TRN,Display,Alaska (State),2025,10,Oct,855,0,0,0,0,0,3.0300000000000002,5.0300000000000011
Central Washington University,UG,UG,IP Targeting,US:ut,2025,10,Oct,829,2,0,0,0,0,2.4400000000000004,7.2399999999999993
Central Washington University,UG,UG,IP Targeting,US:pa,2025,10,Oct,827,0,0,0,0,0,2.3300000000000005,6.9399999999999995
Central Washington University,UG,UG,IP Targeting,US:ga,2025,10,Oct,814,0,0,0,0,0,2.6000000000000005,7.7100000000000009
Central Washington University,UG,UG,IP Targeting,US:mi,2025,10,Oct,791,3,0,0,0,0,2.3700000000000006,7.06
Central Washington University,UG + TRN,UG + TRN,Display,Wisconsin (State),2025,10,Oct,695,1,0,0,0,0,2.1900000000000004,3.9599999999999995
Central Washington University,UG,UG,IP Targeting,US:va,2025,10,Oct,682,4,0,0,0,0,2.41,7.17
Central Washington University,UG,UG,IP Targeting,US:co,2025,10,Oct,670,0,0,0,0,0,1.9900000000000002,5.9599999999999991
Central Washington University,UG,UG,IP Targeting,US:wi,2025,10,Oct,656,1,0,0,0,0,2.0500000000000003,6.11
Central Washington University,UG + TRN,UG + TRN,Display,New Jersey (State),2025,10,Oct,652,0,0,0,0,0,2.5500000000000003,4.6700000000000017
Central Washington University,UG,UG,IP Targeting,US:nc,2025,10,Oct,637,1,0,0,0,0,1.9800000000000002,5.9300000000000006
Central Washington University,UG,UG,IP Targeting,US:nj,2025,10,Oct,608,1,0,0,0,0,2.3100000000000009,6.8000000000000007
Central Washington University,UG,UG,IP Targeting,US:tn,2025,10,Oct,561,0,0,0,0,0,1.7500000000000007,5.1800000000000006
Central Washington University,UG,UG,IP Targeting,North Dakota,2025,10,Oct,559,1,0,0,0,0,1.8400000000000003,5.45
Central Washington University,UG + TRN,UG + TRN,Display,Maryland (State),2025,10,Oct,543,0,0,1,0,1,1.9200000000000006,3.5
Central Washington University,UG + TRN,UG + TRN,Display,Indiana (State),2025,10,Oct,511,0,0,1,0,1,1.6700000000000008,3.01
Central Washington University,UG + TRN,UG + TRN,Display,Iowa (State),2025,10,Oct,496,0,0,0,0,0,1.6600000000000008,2.9500000000000011
Central Washington University,UG,UG,IP Targeting,US:mt,2025,10,Oct,486,2,0,0,0,0,1.6100000000000005,4.8
Central Washington University,UG,UG,IP Targeting,US:in,2025,10,Oct,468,1,0,0,0,0,1.2900000000000003,3.8600000000000008
Central Washington University,UG,UG,IP Targeting,Unknown,2025,10,Oct,466,6,0,0,0,0,1.5600000000000007,4.4899999999999993
Central Washington University,UG + TRN,UG + TRN,Display,Connecticut (State),2025,10,Oct,464,0,0,0,0,0,1.6400000000000001,3.02
Central Washington University,UG,UG,IP Targeting,US:nv,2025,10,Oct,454,0,0,0,0,0,1.4900000000000002,4.3899999999999988
Central Washington University,UG,UG,IP Targeting,US:ma,2025,10,Oct,440,3,0,0,0,0,1.4200000000000006,4.24
Central Washington University,UG,UG,IP Targeting,US:hi,2025,10,Oct,419,0,0,0,0,0,1.2600000000000002,3.7300000000000004
Central Washington University,UG,UG,IP Targeting,US:mn,2025,10,Oct,418,0,0,0,0,0,1.2300000000000004,3.6800000000000006
Central Washington University,UG,UG,IP Targeting,Rhode Island,2025,10,Oct,415,0,0,0,0,0,1.4700000000000004,4.3599999999999985
Central Washington University,UG,UG,IP Targeting,West Virginia,2025,10,Oct,412,2,0,0,0,0,1.4700000000000006,4.3999999999999995
Central Washington University,UG,UG,IP Targeting,South Dakota,2025,10,Oct,411,1,0,0,0,0,1.4400000000000006,4.3
Central Washington University,UG,UG,IP Targeting,District of Columbia,2025,10,Oct,400,31,0,0,0,0,1.6000000000000005,4.65
Central Washington University,UG,UG,IP Targeting,Vermont,2025,10,Oct,385,1,0,0,0,0,1.4800000000000004,4.34
Central Washington University,UG,UG,IP Targeting,US:sc,2025,10,Oct,384,0,0,0,0,0,1.0800000000000003,3.2199999999999998
Central Washington University,UG,UG,IP Targeting,US:md,2025,10,Oct,383,0,0,0,0,0,1.1300000000000003,3.3899999999999997
Central Washington University,UG,UG,IP Targeting,Delaware,2025,10,Oct,383,4,0,0,0,0,1.2700000000000005,3.69
Central Washington University,UG,UG,IP Targeting,US:?,2025,10,Oct,367,3,0,0,0,0,1.2600000000000002,3.59
Central Washington University,UG,UG,IP Targeting,US:mo,2025,10,Oct,354,0,0,0,0,0,1.1100000000000003,3.2699999999999991
Central Washington University,UG + TRN,UG + TRN,Display,Kansas (State),2025,10,Oct,350,0,0,1,0,1,0.91000000000000036,1.7300000000000009
Central Washington University,UG + TRN,UG + TRN,Display,South Carolina (State),2025,10,Oct,326,0,0,0,0,0,1.32,2.2800000000000002
Central Washington University,UG + TRN,UG + TRN,Display,Louisiana (State),2025,10,Oct,324,0,0,0,0,0,1.1400000000000003,2.0000000000000004
Central Washington University,UG,UG,IP Targeting,US:ky,2025,10,Oct,321,0,0,0,0,0,1.0400000000000005,3.0999999999999996
Central Washington University,UG,UG,IP Targeting,US:ne,2025,10,Oct,317,1,0,0,0,0,1.0800000000000003,3.2299999999999991
Central Washington University,UG,UG,IP Targeting,US:ak,2025,10,Oct,307,2,0,0,0,0,0.86000000000000032,2.5799999999999992
Central Washington University,UG,UG,IP Targeting,US:al,2025,10,Oct,299,2,0,0,0,0,0.80000000000000027,2.3900000000000006
Central Washington University,UG + TRN,UG + TRN,Display,Alabama (State),2025,10,Oct,293,0,0,0,0,0,0.90000000000000024,1.7700000000000009
Central Washington University,UG,UG,IP Targeting,US:ia,2025,10,Oct,289,0,0,0,0,0,0.89000000000000012,2.65
Central Washington University,UG + TRN,UG + TRN,PPC,Idaho,2025,10,Oct,277,39,7,0,0,7,48.55,48.55
Central Washington University,UG + TRN,UG + TRN,Display,Kentucky (State),2025,10,Oct,267,0,0,1,0,1,1.1000000000000003,1.8800000000000006
Central Washington University,UG,UG,IP Targeting,US:ar,2025,10,Oct,249,1,0,0,0,0,0.77000000000000024,2.26
Central Washington University,UG,UG,IP Targeting,US:la,2025,10,Oct,244,0,0,0,0,0,0.80000000000000027,2.3699999999999997
Central Washington University,UG,UG,IP Targeting,US:ok,2025,10,Oct,237,0,0,0,0,0,0.65000000000000013,1.9400000000000002
Central Washington University,UG,UG,IP Targeting,US:ks,2025,10,Oct,222,0,0,0,0,0,0.63000000000000012,1.8900000000000006
Central Washington University,UG + TRN,UG + TRN,Display,North Dakota (State),2025,10,Oct,218,0,0,0,0,0,0.92000000000000015,1.6100000000000005
Central Washington University,UG + TRN,UG + TRN,Display,Nebraska (State),2025,10,Oct,217,0,0,0,0,0,0.72000000000000031,1.3100000000000005
Central Washington University,UG + TRN,UG + TRN,Display,Arkansas (State),2025,10,Oct,216,0,0,0,0,0,0.63000000000000012,1.1900000000000002
Central Washington University,UG + TRN,UG + TRN,Display,New Mexico (State),2025,10,Oct,202,0,0,0,0,0,0.56000000000000016,1.0400000000000003
Central Washington University,UG + TRN,UG + TRN,Display,Oklahoma (State),2025,10,Oct,201,0,0,0,0,0,0.47000000000000008,1.0100000000000002
Central Washington University,UG,UG,IP Targeting,US:me,2025,10,Oct,198,0,0,0,0,0,0.57000000000000017,1.71
Central Washington University,UG + TRN,UG + TRN,Display,Delaware (State),2025,10,Oct,192,0,0,0,0,0,0.88000000000000023,1.5700000000000005
Central Washington University,UG,UG,IP Targeting,US:ms,2025,10,Oct,190,1,0,0,0,0,0.60000000000000009,1.7700000000000002
Central Washington University,UG,UG,IP Targeting,US:ct,2025,10,Oct,189,0,0,0,0,0,0.52,1.5600000000000005
Central Washington University,UG + TRN,UG + TRN,Display,Vermont (State),2025,10,Oct,172,1,0,0,0,0,0.91,1.5300000000000002
Central Washington University,UG + TRN,UG + TRN,Display,District of Columbia (State),2025,10,Oct,169,0,0,1,0,1,0.64000000000000012,1.0500000000000003
Central Washington University,UG + TRN,UG + TRN,Display,New Hampshire (State),2025,10,Oct,166,0,0,0,0,0,0.53,1.09
Central Washington University,UG,UG,IP Targeting,US:nm,2025,10,Oct,165,0,0,0,0,0,0.47000000000000008,1.4000000000000004
Central Washington University,UG,UG,IP Targeting,US:null,2025,10,Oct,146,0,0,0,0,0,0.49000000000000016,1.4500000000000002
Central Washington University,UG,UG,IP Targeting,US:nh,2025,10,Oct,145,0,0,0,0,0,0.46,1.38
Central Washington University,UG + TRN,UG + TRN,Display,South Dakota (State),2025,10,Oct,142,0,0,0,0,0,0.29000000000000004,0.63
Central Washington University,UG,UG,IP Targeting,US:wy,2025,10,Oct,140,0,0,0,0,0,0.37,1.11
Central Washington University,UG + TRN,UG + TRN,Display,Mississippi (State),2025,10,Oct,112,0,0,0,0,0,0.63000000000000012,1.11
Central Washington University,UG + TRN,UG + TRN,Display,Wyoming (State),2025,10,Oct,111,0,0,0,0,0,0.49,0.89000000000000035
Central Washington University,UG,UG,IP Targeting,US:nd,2025,10,Oct,102,0,0,0,0,0,0.35000000000000009,1.0500000000000003
Central Washington University,UG,UG,IP Targeting,US:de,2025,10,Oct,100,2,0,0,0,0,0.25,0.75
Central Washington University,UG + TRN,UG + TRN,Display,Maine (State),2025,10,Oct,93,0,0,0,0,0,0.35000000000000009,0.68000000000000016
Central Washington University,UG + TRN,UG + TRN,Display,Rhode Island (State),2025,10,Oct,90,0,0,0,0,0,0.32000000000000012,0.60000000000000009
Central Washington University,UG,UG,IP Targeting,US:dc,2025,10,Oct,67,1,0,0,0,0,0.31000000000000005,0.91000000000000014
Central Washington University,UG,UG,IP Targeting,US:sd,2025,10,Oct,55,0,0,0,0,0,0.18000000000000005,0.54000000000000015
Central Washington University,UG,UG,IP Targeting,US:wv,2025,10,Oct,50,0,0,0,0,0,0.15,0.45000000000000012
Central Washington University,UG,UG,IP Targeting,US:ri,2025,10,Oct,32,0,0,0,0,0,0.099999999999999992,0.30000000000000004
Central Washington University,UG,UG,IP Targeting,US:vt,2025,10,Oct,24,0,0,0,0,0,0.07,0.2
Central Washington University,UG + TRN,UG + TRN,Display,West Virginia (State),2025,10,Oct,16,0,0,0,0,0,0,0.02
Central Washington University,UG,UG,IP Targeting,US:California,2025,10,Oct,11,0,0,0,0,0,0.03,0.09
Central Washington University,UG,UG,IP Targeting,US:US,2025,10,Oct,6,0,0,0,0,0,0.02,0.06
Central Washington University,UG,UG,IP Targeting,US:Washington,2025,10,Oct,5,0,0,0,0,0,0.01,0.03
Central Washington University,UG,UG,IP Targeting,US:Missouri,2025,10,Oct,4,0,0,0,0,0,0.01,0.03
Central Washington University,UG,UG,IP Targeting,US:Colorado,2025,10,Oct,3,0,0,0,0,0,0.01,0.03
Central Washington University,UG,UG,IP Targeting,US:North Dakota,2025,10,Oct,3,0,0,0,0,0,0,0
Central Washington University,UG,UG,IP Targeting,US:Georgia,2025,10,Oct,3,1,0,0,0,0,0.01,0.03
Central Washington University,UG,UG,IP Targeting,US:North Carolina,2025,10,Oct,2,0,0,0,0,0,0,0
Central Washington University,UG,UG,IP Targeting,US:US-FL,2025,10,Oct,2,0,0,0,0,0,0,0
Central Washington University,UG,UG,IP Targeting,DE:HE,2025,10,Oct,1,0,0,0,0,0,0,0
Central Washington University,UG,UG,IP Targeting,US:ON,2025,10,Oct,1,0,0,0,0,0,0.01,0.03
Central Washington University,UG,UG,IP Targeting,US:Arizona,2025,10,Oct,1,0,0,0,0,0,0,0
Central Washington University,UG,UG,IP Targeting,US:Wisconsin,2025,10,Oct,1,0,0,0,0,0,0,0
Central Washington University,UG,UG,IP Targeting,US:South Dakota,2025,10,Oct,1,0,0,0,0,0,0,0
Central Washington University,UG,UG,IP Targeting,British Columbia,2025,10,Oct,1,0,0,0,0,0,0,0
Central Washington University,UG,UG,Meta,,2025,11,Nov,442966,1530,0,0,20,20,2668.8200000000006,3606.5099999999998
Central Washington University,UG,UG,YouTube,Washington (State),2025,11,Nov,441588,106,0,10,0,10,1732.71,2425.7800000000138
Central Washington University,UG,UG,IP Targeting,Washington,2025,11,Nov,259592,391,0,4,0,4,1210.610000000001,3466.5000000000095
Central Washington University,TRN,Transfer,Meta,,2025,11,Nov,236166,864,0,0,58,58,2178.5500000000011,2942.8700000000022
Central Washington University,UG + TRN,UG + TRN,Display,Washington (State),2025,11,Nov,162595,59,0,173,0,173,653.7000000000005,1000.0800000000002
Central Washington University,UG,Parent,Meta,,2025,11,Nov,147958,777,0,0,0,0,2178.4900000000002,2942.8800000000024
Central Washington University,UG,UG,YouTube,Oregon (State),2025,11,Nov,115998,31,0,0,0,0,462.32999999999981,647.22000000000082
Central Washington University,UG,UG,IP Targeting,Oregon,2025,11,Nov,68073,101,0,0,0,0,324.6599999999994,931.86000000000058
Central Washington University,UG,UG,IP Targeting,California,2025,11,Nov,55437,70,0,0,0,0,259.22999999999905,750.50999999999976
Central Washington University,UG + TRN,UG + TRN,PPC,Washington,2025,11,Nov,35025,4084,433.35,0,0,433.35,8726.630000000001,8726.630000000001
Central Washington University,UG,UG,IP Targeting,Texas,2025,11,Nov,15126,16,0,0,0,0,73.249999999999986,212.83999999999992
Central Washington University,UG,UG,YouTube,Idaho (State),2025,11,Nov,14068,1,0,0,0,0,57.89,81.109999999999971
Central Washington University,UG,UG,IP Targeting,Idaho,2025,11,Nov,12822,13,0,0,0,0,59.770000000000017,172.2
Central Washington University,UG,UG,IP Targeting,Florida,2025,11,Nov,10858,22,0,0,0,0,52.42000000000003,152.64999999999998
Central Washington University,UG,UG,IP Targeting,US:wa,2025,11,Nov,10600,18,0,0,0,0,47.950000000000017,139.57999999999998
Central Washington University,UG,UG,IP Targeting,Arizona,2025,11,Nov,9548,13,0,0,0,0,47.310000000000016,136.56999999999996
Central Washington University,UG + TRN,UG + TRN,Display,California (State),2025,11,Nov,9019,1,0,6,0,6,34.160000000000018,57.840000000000018
Central Washington University,UG,UG,IP Targeting,New York,2025,11,Nov,9005,16,0,0,0,0,43.910000000000025,128.15999999999994
Central Washington University,UG + TRN,UG + TRN,Display,Oregon (State),2025,11,Nov,7356,3,0,7,0,7,30.330000000000013,49.070000000000007
Central Washington University,UG,UG,IP Targeting,Pennsylvania,2025,11,Nov,7093,15,0,0,0,0,34.680000000000021,101.52999999999997
Central Washington University,UG,UG,IP Targeting,Illinois,2025,11,Nov,6756,12,0,0,0,0,32.730000000000018,95.969999999999985
Central Washington University,UG,UG,IP Targeting,Ohio,2025,11,Nov,6456,8,0,0,0,0,30.68000000000001,89.919999999999987
Central Washington University,UG,UG,IP Targeting,North Carolina,2025,11,Nov,6099,9,0,0,0,0,30.420000000000012,88.730000000000018
Central Washington University,UG,UG,IP Targeting,Colorado,2025,11,Nov,5750,5,0,0,0,0,28.020000000000007,80.969999999999985
Central Washington University,UG,UG,IP Targeting,Michigan,2025,11,Nov,5195,11,0,0,0,0,25.63000000000002,75.32
Central Washington University,UG,UG,IP Targeting,Wisconsin,2025,11,Nov,5127,11,0,0,0,0,24.960000000000008,73.12
Central Washington University,UG,UG,IP Targeting,Utah,2025,11,Nov,5060,7,0,0,0,0,24.200000000000006,70.160000000000011
Central Washington University,UG,UG,IP Targeting,Virginia,2025,11,Nov,4817,8,0,0,0,0,23.750000000000018,69.250000000000014
Central Washington University,UG,UG,IP Targeting,Minnesota,2025,11,Nov,4568,1,0,0,0,0,22.880000000000006,66.77000000000001
Central Washington University,UG + TRN,UG + TRN,Display,Texas (State),2025,11,Nov,4299,2,0,1,0,1,18.560000000000002,30.970000000000002
Central Washington University,UG,UG,IP Targeting,Missouri,2025,11,Nov,4178,8,0,0,0,0,20.87,60.490000000000016
Central Washington University,UG,UG,IP Targeting,Nevada,2025,11,Nov,4151,7,0,0,0,0,18.900000000000002,54.38
Central Washington University,UG,UG,IP Targeting,Indiana,2025,11,Nov,4128,10,0,0,0,0,20.040000000000003,58.350000000000023
Central Washington University,UG,UG,IP Targeting,New Jersey,2025,11,Nov,4083,3,0,0,0,0,20.690000000000008,61.04000000000002
Central Washington University,UG,UG,IP Targeting,Georgia,2025,11,Nov,3880,2,0,0,0,0,19.22000000000001,56.360000000000021
Central Washington University,UG,UG,IP Targeting,Alaska,2025,11,Nov,3877,7,0,0,0,0,18.120000000000005,52.179999999999993
Central Washington University,UG,UG,IP Targeting,Montana,2025,11,Nov,3827,4,0,0,0,0,18.029999999999998,52.240000000000009
Central Washington University,UG,UG,IP Targeting,Massachusetts,2025,11,Nov,3766,6,0,0,0,0,19.300000000000015,56.810000000000009
Central Washington University,UG,UG,IP Targeting,Maryland,2025,11,Nov,3682,2,0,0,0,0,18.550000000000004,54.320000000000022
Central Washington University,UG,UG,IP Targeting,Hawaii,2025,11,Nov,3539,9,0,0,0,0,16.500000000000004,47.850000000000016
Central Washington University,UG,UG,IP Targeting,Tennessee,2025,11,Nov,3112,2,0,0,0,0,15.590000000000003,45.720000000000013
Central Washington University,UG,UG,IP Targeting,US:or,2025,11,Nov,3013,6,0,0,0,0,14.530000000000005,42.530000000000022
Central Washington University,UG,UG,IP Targeting,US:ca,2025,11,Nov,2908,4,0,0,0,0,13.330000000000004,39.650000000000013
Central Washington University,UG + TRN,UG + TRN,Display,New York (State),2025,11,Nov,2830,3,0,0,0,0,12.75,20.79
Central Washington University,UG,UG,IP Targeting,Kansas,2025,11,Nov,2494,6,0,0,0,0,11.92,34.810000000000009
Central Washington University,UG,UG,IP Targeting,Alabama,2025,11,Nov,2239,5,0,0,0,0,10.770000000000003,31.540000000000003
Central Washington University,UG + TRN,UG + TRN,Display,Idaho (State),2025,11,Nov,2220,0,0,3,0,3,7.8100000000000005,12.950000000000006
Central Washington University,UG,UG,IP Targeting,Connecticut,2025,11,Nov,2208,1,0,0,0,0,11.540000000000003,33.910000000000011
Central Washington University,UG,UG,IP Targeting,South Carolina,2025,11,Nov,2158,0,0,0,0,0,10.290000000000003,30.280000000000008
Central Washington University,UG + TRN,UG + TRN,Display,Arizona (State),2025,11,Nov,2054,1,0,0,0,0,9.0499999999999989,14.840000000000003
Central Washington University,UG + TRN,UG + TRN,Display,Colorado (State),2025,11,Nov,2036,0,0,0,0,0,9.5200000000000031,15.560000000000002
Central Washington University,UG,UG,IP Targeting,Iowa,2025,11,Nov,2021,3,0,0,0,0,9.63,28.150000000000006
Central Washington University,UG + TRN,UG + TRN,Display,Florida (State),2025,11,Nov,1899,0,0,0,0,0,8.7299999999999986,14.850000000000001
Central Washington University,UG,UG,IP Targeting,Nebraska,2025,11,Nov,1616,1,0,0,0,0,7.4500000000000011,21.839999999999996
Central Washington University,UG,UG,IP Targeting,Oklahoma,2025,11,Nov,1525,4,0,0,0,0,7.2700000000000005,21.160000000000011
Central Washington University,UG,UG,IP Targeting,Kentucky,2025,11,Nov,1504,3,0,0,0,0,7.3200000000000021,21.520000000000007
Central Washington University,UG,UG,IP Targeting,Louisiana,2025,11,Nov,1440,1,0,0,0,0,6.5500000000000007,19.31
Central Washington University,UG + TRN,UG + TRN,Display,Illinois (State),2025,11,Nov,1372,0,0,0,0,0,5.9200000000000017,10.149999999999999
Central Washington University,UG + TRN,UG + TRN,Display,Minnesota (State),2025,11,Nov,1342,1,0,0,0,0,6.3900000000000006,10.349999999999998
Central Washington University,UG + TRN,UG + TRN,Display,Hawaii (State),2025,11,Nov,1251,0,0,0,0,0,4.2700000000000005,7.0600000000000014
Central Washington University,UG + TRN,UG + TRN,Display,Montana (State),2025,11,Nov,1239,0,0,1,0,1,4.9200000000000008,8.26
Central Washington University,UG,UG,IP Targeting,Maine,2025,11,Nov,1229,2,0,0,0,0,6.3100000000000014,18.509999999999998
Central Washington University,UG + TRN,UG + TRN,PPC,Oregon,2025,11,Nov,1209,92,4,0,0,4,165.08,165.08
Central Washington University,UG + TRN,UG + TRN,Display,Ohio (State),2025,11,Nov,1175,0,0,0,0,0,5.2200000000000006,8.76
Central Washington University,UG,UG,IP Targeting,New Mexico,2025,11,Nov,1042,1,0,0,0,0,5.0000000000000009,14.469999999999999
Central Washington University,UG + TRN,UG + TRN,Display,Utah (State),2025,11,Nov,1013,0,0,0,0,0,3.62,6.3000000000000007
Central Washington University,UG,UG,IP Targeting,New Hampshire,2025,11,Nov,975,1,0,0,0,0,4.9499999999999993,14.620000000000001
Central Washington University,UG,UG,IP Targeting,US:tx,2025,11,Nov,909,1,0,0,0,0,4.6,13.730000000000004
Central Washington University,UG,UG,IP Targeting,Arkansas,2025,11,Nov,890,0,0,0,0,0,4.19,12.33
Central Washington University,UG + TRN,UG + TRN,Display,Massachusetts (State),2025,11,Nov,867,0,0,0,0,0,3.23,5.57
Central Washington University,UG + TRN,UG + TRN,Display,Pennsylvania (State),2025,11,Nov,861,0,0,1,0,1,3.3000000000000003,6.01
Central Washington University,UG + TRN,UG + TRN,Display,Missouri (State),2025,11,Nov,853,0,0,0,0,0,3.64,6.19
Central Washington University,UG + TRN,UG + TRN,Display,Alaska (State),2025,11,Nov,852,0,0,0,0,0,2.5900000000000007,4.330000000000001
Central Washington University,UG + TRN,UG + TRN,Display,North Carolina (State),2025,11,Nov,846,0,0,0,0,0,2.87,5.0699999999999985
Central Washington University,UG,UG,IP Targeting,West Virginia,2025,11,Nov,822,1,0,0,0,0,4.0400000000000009,11.889999999999999
Central Washington University,UG + TRN,UG + TRN,Display,Virginia (State),2025,11,Nov,796,1,0,0,0,0,3.3299999999999996,6.0200000000000014
Central Washington University,UG + TRN,UG + TRN,Display,Michigan (State),2025,11,Nov,780,0,0,0,0,0,3.5400000000000005,6.2899999999999991
Central Washington University,UG + TRN,UG + TRN,Display,Nevada (State),2025,11,Nov,773,0,0,5,0,5,3.36,5.5099999999999989
Central Washington University,UG,UG,IP Targeting,Wyoming,2025,11,Nov,739,1,0,0,0,0,3.3699999999999997,9.879999999999999
Central Washington University,UG + TRN,UG + TRN,Display,New Jersey (State),2025,11,Nov,735,0,0,0,0,0,2.7300000000000009,5.1400000000000006
Central Washington University,UG,UG,IP Targeting,Delaware,2025,11,Nov,730,2,0,0,0,0,3.77,10.99
Central Washington University,UG,UG,IP Targeting,Mississippi,2025,11,Nov,728,0,0,0,0,0,3.4200000000000004,10.17
Central Washington University,UG + TRN,UG + TRN,Display,Tennessee (State),2025,11,Nov,658,1,0,0,0,0,2.4900000000000007,4.31
Central Washington University,UG,UG,IP Targeting,Rhode Island,2025,11,Nov,640,1,0,0,0,0,3.2199999999999998,9.35
Central Washington University,UG + TRN,UG + TRN,Display,Georgia (State),2025,11,Nov,640,0,0,1,0,1,2.4099999999999997,4.1400000000000006
Central Washington University,UG,UG,IP Targeting,Unknown,2025,11,Nov,616,1,0,0,0,0,2.72,7.7900000000000018
Central Washington University,UG + TRN,UG + TRN,Display,Wisconsin (State),2025,11,Nov,614,0,0,2,0,2,2.2000000000000006,3.95
Central Washington University,UG,UG,IP Targeting,US:id,2025,11,Nov,559,0,0,0,0,0,2.49,7.4299999999999988
Central Washington University,UG,UG,IP Targeting,South Dakota,2025,11,Nov,552,0,0,0,0,0,2.4600000000000004,7.28
Central Washington University,UG + TRN,UG + TRN,Display,Connecticut (State),2025,11,Nov,551,0,0,0,0,0,2.2000000000000011,4.02
Central Washington University,UG,UG,IP Targeting,US:fl,2025,11,Nov,539,1,0,0,0,0,2.61,7.8000000000000007
Central Washington University,UG,UG,IP Targeting,North Dakota,2025,11,Nov,495,1,0,0,0,0,2.3100000000000005,6.8500000000000014
Central Washington University,UG + TRN,UG + TRN,Display,Maryland (State),2025,11,Nov,488,0,0,0,0,0,2.42,4.0799999999999992
Central Washington University,UG + TRN,UG + TRN,Display,Indiana (State),2025,11,Nov,487,1,0,0,0,0,1.7900000000000005,3.1999999999999997
Central Washington University,UG,UG,IP Targeting,US:ny,2025,11,Nov,477,0,0,0,0,0,2.4800000000000009,7.4000000000000012
Central Washington University,UG,UG,IP Targeting,US:az,2025,11,Nov,450,0,0,0,0,0,2.37,7.08
Central Washington University,UG + TRN,UG + TRN,Display,Iowa (State),2025,11,Nov,413,0,0,0,0,0,1.3600000000000003,2.5400000000000005
Central Washington University,UG,UG,IP Targeting,District of Columbia,2025,11,Nov,391,0,0,0,0,0,2.0100000000000007,5.7800000000000011
Central Washington University,UG + TRN,UG + TRN,Display,Kansas (State),2025,11,Nov,391,0,0,0,0,0,1.3300000000000007,2.4600000000000009
Central Washington University,UG,UG,IP Targeting,US:nc,2025,11,Nov,384,0,0,0,0,0,2.0400000000000009,6.0600000000000005
Central Washington University,UG,UG,IP Targeting,US:pa,2025,11,Nov,378,0,0,0,0,0,1.870000000000001,5.6
Central Washington University,UG,UG,IP Targeting,US:il,2025,11,Nov,366,2,0,0,0,0,1.7400000000000007,5.17
Central Washington University,UG,UG,IP Targeting,US:oh,2025,11,Nov,353,0,0,0,0,0,1.7700000000000009,5.29
Central Washington University,UG + TRN,UG + TRN,Display,North Dakota (State),2025,11,Nov,325,0,0,0,0,0,1.4500000000000002,2.419999999999999
Central Washington University,UG,UG,IP Targeting,Vermont,2025,11,Nov,302,1,0,0,0,0,1.4600000000000004,4.33
Central Washington University,UG + TRN,UG + TRN,Display,Alabama (State),2025,11,Nov,274,1,0,0,0,0,0.90000000000000036,1.8000000000000007
Central Washington University,UG,UG,IP Targeting,US:va,2025,11,Nov,270,0,0,0,0,0,1.4200000000000002,4.2399999999999993
Central Washington University,UG + TRN,UG + TRN,Display,Nebraska (State),2025,11,Nov,266,0,0,2,0,2,0.78000000000000014,1.4400000000000006
Central Washington University,UG,UG,IP Targeting,US:wi,2025,11,Nov,266,0,0,0,0,0,1.1800000000000004,3.5399999999999991
Central Washington University,UG + TRN,UG + TRN,Display,Oklahoma (State),2025,11,Nov,265,1,0,0,0,0,0.79999999999999993,1.5300000000000002
Central Washington University,UG + TRN,UG + TRN,Display,South Carolina (State),2025,11,Nov,261,0,0,0,0,0,1.2800000000000002,2.3200000000000003
Central Washington University,UG,UG,IP Targeting,US:nj,2025,11,Nov,245,1,0,0,0,0,1.3200000000000005,3.9399999999999991
Central Washington University,UG,UG,IP Targeting,US:mt,2025,11,Nov,244,0,0,0,0,0,1.1000000000000003,3.2899999999999987
Central Washington University,UG,UG,IP Targeting,US:tn,2025,11,Nov,238,0,0,0,0,0,1.2100000000000006,3.609999999999999
Central Washington University,UG + TRN,UG + TRN,Display,Kentucky (State),2025,11,Nov,234,0,0,0,0,0,0.99000000000000044,1.8200000000000007
Central Washington University,UG + TRN,UG + TRN,Display,Louisiana (State),2025,11,Nov,231,0,0,3,0,3,0.73000000000000009,1.4300000000000004
Central Washington University,UG + TRN,UG + TRN,PPC,Idaho,2025,11,Nov,225,26,2,0,0,2,40.689999999999991,40.689999999999991
Central Washington University,UG,UG,IP Targeting,US:ma,2025,11,Nov,224,0,0,0,0,0,1.3400000000000005,4.0200000000000005
Central Washington University,UG,UG,IP Targeting,US:co,2025,11,Nov,224,0,0,0,0,0,1.1900000000000004,3.5499999999999985
Central Washington University,UG + TRN,UG + TRN,Display,New Mexico (State),2025,11,Nov,221,0,0,0,0,0,0.63000000000000023,1.1800000000000002
Central Washington University,UG,UG,IP Targeting,US:mi,2025,11,Nov,215,0,0,0,0,0,1.0100000000000002,3.0299999999999994
Central Washington University,UG,UG,IP Targeting,US:mo,2025,11,Nov,208,0,0,0,0,0,1.1300000000000003,3.3899999999999997
Central Washington University,UG,UG,IP Targeting,US:ga,2025,11,Nov,207,0,0,0,0,0,1.0100000000000002,3.03
Central Washington University,UG,UG,IP Targeting,US:ut,2025,11,Nov,202,1,0,0,0,0,0.89000000000000035,2.6599999999999997
Central Washington University,UG + TRN,UG + TRN,Display,Vermont (State),2025,11,Nov,200,0,0,0,0,0,0.86000000000000021,1.4500000000000004
Central Washington University,UG + TRN,UG + TRN,Display,District of Columbia (State),2025,11,Nov,196,0,0,0,0,0,0.99000000000000021,1.5800000000000005
Central Washington University,UG,UG,IP Targeting,US:ak,2025,11,Nov,195,1,0,0,0,0,0.92000000000000026,2.7299999999999995
Central Washington University,UG,UG,IP Targeting,US:md,2025,11,Nov,189,0,0,0,0,0,1.0000000000000002,2.9899999999999998
Central Washington University,UG,UG,IP Targeting,US:mn,2025,11,Nov,185,0,0,0,0,0,0.90000000000000013,2.6999999999999993
Central Washington University,UG,UG,IP Targeting,US:hi,2025,11,Nov,181,0,0,0,0,0,0.80000000000000049,2.4000000000000004
Central Washington University,UG + TRN,UG + TRN,Display,Arkansas (State),2025,11,Nov,176,1,0,0,0,0,0.68,1.2
Central Washington University,UG,UG,IP Targeting,US:in,2025,11,Nov,172,1,0,0,0,0,0.76000000000000023,2.28
Central Washington University,UG,UG,IP Targeting,US:ct,2025,11,Nov,162,0,0,0,0,0,0.89000000000000024,2.6599999999999993
Central Washington University,UG,UG,IP Targeting,US:ia,2025,11,Nov,149,0,0,0,0,0,0.64000000000000012,1.9200000000000004
Central Washington University,UG + TRN,UG + TRN,Display,Wyoming (State),2025,11,Nov,134,0,0,0,0,0,0.61,1.0700000000000003
Central Washington University,UG,UG,IP Targeting,US:nh,2025,11,Nov,134,0,0,0,0,0,0.79000000000000026,2.36
Central Washington University,UG,UG,IP Targeting,US:sc,2025,11,Nov,131,0,0,0,0,0,0.64000000000000024,1.910000000000001
Central Washington University,UG + TRN,UG + TRN,Display,Mississippi (State),2025,11,Nov,123,0,0,0,0,0,0.54000000000000015,1.0100000000000002
Central Washington University,UG + TRN,UG + TRN,Display,South Dakota (State),2025,11,Nov,117,0,0,0,0,0,0.22,0.52000000000000013
Central Washington University,UG,UG,IP Targeting,US:ks,2025,11,Nov,114,0,0,0,0,0,0.56,1.67
Central Washington University,UG + TRN,UG + TRN,Display,New Hampshire (State),2025,11,Nov,114,0,0,0,0,0,0.35,0.67000000000000015
Central Washington University,UG,UG,IP Targeting,US:al,2025,11,Nov,108,0,0,0,0,0,0.52,1.5500000000000007
Central Washington University,UG,UG,IP Targeting,US:ky,2025,11,Nov,108,0,0,0,0,0,0.51000000000000012,1.5300000000000007
Central Washington University,UG + TRN,UG + TRN,Display,Delaware (State),2025,11,Nov,106,0,0,0,0,0,0.29,0.59000000000000008
Central Washington University,UG,UG,IP Targeting,US:nv,2025,11,Nov,102,0,0,0,0,0,0.39,1.1700000000000006
Central Washington University,UG,UG,IP Targeting,US:ok,2025,11,Nov,83,0,0,0,0,0,0.31000000000000011,0.93000000000000016
Central Washington University,UG,UG,IP Targeting,US:la,2025,11,Nov,74,0,0,0,0,0,0.37000000000000005,1.0899999999999999
Central Washington University,UG,UG,IP Targeting,US:ne,2025,11,Nov,69,0,0,0,0,0,0.30000000000000004,0.90000000000000036
Central Washington University,UG,UG,IP Targeting,US:nm,2025,11,Nov,65,0,0,0,0,0,0.31,0.93000000000000038
Central Washington University,UG,UG,IP Targeting,US:ri,2025,11,Nov,51,0,0,0,0,0,0.30000000000000004,0.89000000000000012
Central Washington University,UG,UG,IP Targeting,US:wy,2025,11,Nov,50,0,0,0,0,0,0.2,0.59
Central Washington University,UG,UG,IP Targeting,US:?,2025,11,Nov,47,0,0,0,0,0,0.17,0.49
Central Washington University,UG,UG,IP Targeting,US:ar,2025,11,Nov,44,0,0,0,0,0,0.19000000000000003,0.57000000000000006
Central Washington University,UG,UG,IP Targeting,US:me,2025,11,Nov,42,0,0,0,0,0,0.19000000000000006,0.57000000000000017
Central Washington University,UG + TRN,UG + TRN,Display,Rhode Island (State),2025,11,Nov,41,0,0,0,0,0,0.14,0.27
Central Washington University,UG + TRN,UG + TRN,Display,Maine (State),2025,11,Nov,38,0,0,0,0,0,0.07,0.18
Central Washington University,UG,UG,IP Targeting,US:wv,2025,11,Nov,36,0,0,0,0,0,0.17,0.51
Central Washington University,UG,UG,IP Targeting,US:ms,2025,11,Nov,34,0,0,0,0,0,0.15000000000000002,0.45000000000000007
Central Washington University,UG + TRN,UG + TRN,Display,West Virginia (State),2025,11,Nov,34,0,0,0,0,0,0.19000000000000003,0.34000000000000008
Central Washington University,UG,UG,IP Targeting,US:de,2025,11,Nov,32,0,0,0,0,0,0.15,0.45000000000000018
Central Washington University,UG,UG,IP Targeting,US:nd,2025,11,Nov,26,0,0,0,0,0,0.11,0.33
Central Washington University,UG,UG,IP Targeting,US:dc,2025,11,Nov,25,0,0,0,0,0,0.15,0.45000000000000018
Central Washington University,UG,UG,IP Targeting,US:sd,2025,11,Nov,23,0,0,0,0,0,0.09,0.27
Central Washington University,UG,UG,IP Targeting,US:null,2025,11,Nov,12,0,0,0,0,0,0.04,0.12
Central Washington University,UG,UG,IP Targeting,US:vt,2025,11,Nov,7,0,0,0,0,0,0.03,0.09
Central Washington University,UG,UG,IP Targeting,US:NA,2025,11,Nov,1,0,0,0,0,0,0.01,0.03
Central Washington University,UG,UG,YouTube,Washington (State),2025,12,Dec,422038,95,0,15,0,15,1732.6899999999994,2407.0500000000138
Central Washington University,UG,UG,Meta,,2025,12,Dec,376678,1179,0,0,15,15,2162.8300000000017,2921.2400000000025
Central Washington University,UG,UG,IP Targeting,Washington,2025,12,Dec,294969,434,0,0,0,0,1325.1799999999989,3796.2900000000081
Central Washington University,UG + TRN,UG + TRN,Display,Washington (State),2025,12,Dec,149089,58,2,137,0,139,640.86000000000115,978.5400000000003
Central Washington University,UG,UG,YouTube,Oregon (State),2025,12,Dec,116834,34,0,2,0,2,478.41999999999967,664.94000000000085
Central Washington University,UG,Parent,Meta,,2025,12,Dec,91395,295,0,0,0,0,1538.4400000000005,2078.7900000000009
Central Washington University,UG,UG,IP Targeting,Oregon,2025,12,Dec,78024,115,0,0,0,0,357.07999999999907,1025.0200000000011
Central Washington University,UG,UG,IP Targeting,California,2025,12,Dec,58037,81,0,0,0,0,260.53999999999888,755.87999999999874
Central Washington University,UG + TRN,UG + TRN,PPC,Washington,2025,12,Dec,28061,3607,343.29,0,0,343.29,8409.31,8409.31
Central Washington University,UG,UG,IP Targeting,Idaho,2025,12,Dec,17054,25,0,0,0,0,77.17999999999995,222.38
Central Washington University,UG,UG,IP Targeting,Texas,2025,12,Dec,14807,30,0,0,0,0,70.000000000000014,203.63999999999973
Central Washington University,UG,UG,YouTube,Idaho (State),2025,12,Dec,14473,0,0,0,0,0,60.800000000000004,84.639999999999958
Central Washington University,UG,UG,IP Targeting,Florida,2025,12,Dec,12153,17,0,0,0,0,57.630000000000038,167.83999999999995
Central Washington University,UG,UG,IP Targeting,Arizona,2025,12,Dec,9922,15,0,0,0,0,46.570000000000022,134.62999999999991
Central Washington University,UG,UG,IP Targeting,New York,2025,12,Dec,9599,20,0,0,0,0,44.90000000000002,131.46999999999997
Central Washington University,UG,UG,IP Targeting,Pennsylvania,2025,12,Dec,8325,20,0,0,0,0,39.480000000000018,115.92000000000002
Central Washington University,UG + TRN,UG + TRN,Display,California (State),2025,12,Dec,8249,4,0,4,0,4,34.760000000000012,58.180000000000042
Central Washington University,UG + TRN,UG + TRN,Display,Oregon (State),2025,12,Dec,8095,1,0,4,0,4,35.180000000000014,56.170000000000037
Central Washington University,UG,UG,IP Targeting,Ohio,2025,12,Dec,7418,12,0,0,0,0,34.620000000000019,101.48000000000002
Central Washington University,UG,UG,IP Targeting,Colorado,2025,12,Dec,7314,11,0,0,0,0,34.050000000000026,98.620000000000019
Central Washington University,UG,UG,IP Targeting,Illinois,2025,12,Dec,7021,6,0,0,0,0,33.290000000000013,97.690000000000026
Central Washington University,UG,UG,IP Targeting,North Carolina,2025,12,Dec,7002,11,0,0,0,0,32.740000000000016,95.78
Central Washington University,UG,UG,IP Targeting,US:wa,2025,12,Dec,6856,10,0,0,0,0,28.080000000000013,82.590000000000032
Central Washington University,UG,UG,IP Targeting,Wisconsin,2025,12,Dec,6279,12,0,0,0,0,29.710000000000015,87.160000000000025
Central Washington University,UG,UG,IP Targeting,Michigan,2025,12,Dec,6271,22,0,0,0,0,29.740000000000027,87.360000000000042
Central Washington University,UG,UG,IP Targeting,Nevada,2025,12,Dec,5318,17,0,0,0,0,23.340000000000011,67.149999999999991
Central Washington University,UG,UG,IP Targeting,Utah,2025,12,Dec,5298,13,0,0,0,0,24.660000000000011,71.65000000000002
Central Washington University,UG,UG,IP Targeting,New Jersey,2025,12,Dec,5211,7,0,0,0,0,25.540000000000013,75.300000000000011
Central Washington University,UG,UG,IP Targeting,Virginia,2025,12,Dec,4983,5,0,0,0,0,23.93000000000001,69.90000000000002
Central Washington University,UG,UG,IP Targeting,Georgia,2025,12,Dec,4853,12,0,0,0,0,22.820000000000014,66.910000000000025
Central Washington University,UG,UG,IP Targeting,Minnesota,2025,12,Dec,4557,7,0,0,0,0,21.630000000000006,63.170000000000037
Central Washington University,UG,UG,IP Targeting,Missouri,2025,12,Dec,4426,7,0,0,0,0,20.980000000000015,61.010000000000019
Central Washington University,UG,UG,IP Targeting,Tennessee,2025,12,Dec,4349,13,0,0,0,0,20.410000000000011,59.880000000000038
Central Washington University,UG,UG,IP Targeting,Massachusetts,2025,12,Dec,4102,6,0,0,0,0,20.420000000000012,60.190000000000026
Central Washington University,UG,UG,IP Targeting,Indiana,2025,12,Dec,4058,10,0,0,0,0,18.91,55.370000000000026
Central Washington University,UG,UG,IP Targeting,Hawaii,2025,12,Dec,3969,6,0,0,0,0,17.790000000000006,51.650000000000027
Central Washington University,UG,UG,IP Targeting,Maryland,2025,12,Dec,3465,2,0,0,0,0,16.240000000000006,47.870000000000019
Central Washington University,UG + TRN,UG + TRN,Display,Texas (State),2025,12,Dec,3390,2,0,0,0,0,14.829999999999998,25.14
Central Washington University,UG,UG,IP Targeting,Alaska,2025,12,Dec,3360,4,0,0,0,0,15.160000000000004,43.830000000000013
Central Washington University,UG,UG,IP Targeting,Montana,2025,12,Dec,3254,8,0,0,0,0,14.470000000000002,42.120000000000005
Central Washington University,UG,UG,IP Targeting,South Carolina,2025,12,Dec,3117,7,0,0,0,0,14.630000000000004,43.000000000000021
Central Washington University,UG,UG,IP Targeting,Alabama,2025,12,Dec,2489,2,0,0,0,0,11.209999999999999,32.82
Central Washington University,UG,UG,IP Targeting,Connecticut,2025,12,Dec,2410,3,0,0,0,0,11.559999999999995,34.01
Central Washington University,UG + TRN,UG + TRN,Display,New York (State),2025,12,Dec,2366,1,0,1,0,1,10.639999999999999,17.200000000000003
Central Washington University,UG + TRN,UG + TRN,Display,Arizona (State),2025,12,Dec,2355,0,0,0,0,0,11.820000000000004,18.870000000000005
Central Washington University,UG,UG,IP Targeting,Kentucky,2025,12,Dec,2315,15,0,0,0,0,10.520000000000001,30.830000000000002
Central Washington University,UG,UG,IP Targeting,Iowa,2025,12,Dec,2288,3,0,0,0,0,10.600000000000001,31.200000000000003
Central Washington University,UG,UG,IP Targeting,Kansas,2025,12,Dec,2218,3,0,0,0,0,10.499999999999998,30.760000000000009
Central Washington University,UG + TRN,UG + TRN,Display,Idaho (State),2025,12,Dec,2020,0,0,1,0,1,7.8900000000000032,13.349999999999998
Central Washington University,UG + TRN,UG + TRN,Display,Florida (State),2025,12,Dec,1947,1,0,0,0,0,9.47,15.730000000000004
Central Washington University,UG + TRN,UG + TRN,Display,Colorado (State),2025,12,Dec,1912,0,0,0,0,0,9.9400000000000013,16.250000000000004
Central Washington University,UG,UG,IP Targeting,Nebraska,2025,12,Dec,1828,2,0,0,0,0,8.5100000000000016,24.73
Central Washington University,UG,UG,IP Targeting,US:or,2025,12,Dec,1630,0,0,0,0,0,7.15,21.140000000000008
Central Washington University,UG,UG,IP Targeting,US:ca,2025,12,Dec,1606,0,0,0,0,0,6.7200000000000006,20.160000000000011
Central Washington University,UG,UG,IP Targeting,Oklahoma,2025,12,Dec,1568,2,0,0,0,0,7.3100000000000014,21.350000000000005
Central Washington University,UG,UG,IP Targeting,New Mexico,2025,12,Dec,1433,2,0,0,0,0,6.6400000000000015,19.289999999999996
Central Washington University,UG + TRN,UG + TRN,Display,Illinois (State),2025,12,Dec,1314,0,0,0,0,0,6.4600000000000026,10.769999999999998
Central Washington University,UG,UG,IP Targeting,Maine,2025,12,Dec,1287,3,0,0,0,0,6.1000000000000005,17.930000000000003
Central Washington University,UG,UG,IP Targeting,Wyoming,2025,12,Dec,1183,4,0,0,0,0,5.5900000000000016,16.3
Central Washington University,UG,UG,IP Targeting,Arkansas,2025,12,Dec,1120,2,0,0,0,0,4.91,14.510000000000005
Central Washington University,UG,UG,IP Targeting,New Hampshire,2025,12,Dec,1109,2,0,0,0,0,5.2600000000000007,15.440000000000003
Central Washington University,UG,UG,IP Targeting,Louisiana,2025,12,Dec,1090,2,0,0,0,0,4.87,14.269999999999996
Central Washington University,UG + TRN,UG + TRN,Display,Michigan (State),2025,12,Dec,1079,0,0,1,0,1,4.31,7.6000000000000014
Central Washington University,UG + TRN,UG + TRN,Display,Minnesota (State),2025,12,Dec,1054,1,0,0,0,0,4.4800000000000013,7.4600000000000009
Central Washington University,UG + TRN,UG + TRN,Display,Ohio (State),2025,12,Dec,1022,1,0,0,0,0,5.2200000000000006,8.68
Central Washington University,UG + TRN,UG + TRN,Display,Hawaii (State),2025,12,Dec,988,0,0,0,0,0,3.1500000000000004,5.3
Central Washington University,UG + TRN,UG + TRN,Display,Montana (State),2025,12,Dec,966,0,0,1,0,1,3.79,6.42
Central Washington University,UG + TRN,UG + TRN,Display,New Jersey (State),2025,12,Dec,931,1,0,2,0,2,4.6,7.8500000000000005
Central Washington University,UG + TRN,UG + TRN,PPC,Oregon,2025,12,Dec,918,75,2,0,0,2,192.67,192.67
Central Washington University,UG + TRN,UG + TRN,Display,Virginia (State),2025,12,Dec,910,2,0,2,0,2,4.4,7.5900000000000007
Central Washington University,UG,UG,IP Targeting,West Virginia,2025,12,Dec,907,0,0,0,0,0,4.26,12.620000000000001
Central Washington University,UG + TRN,UG + TRN,Display,Missouri (State),2025,12,Dec,906,0,0,0,0,0,3.5200000000000009,5.910000000000001
Central Washington University,UG + TRN,UG + TRN,Display,Utah (State),2025,12,Dec,906,0,0,0,0,0,3.9699999999999993,6.68
Central Washington University,UG + TRN,UG + TRN,Display,Nevada (State),2025,12,Dec,893,1,0,0,0,0,4.2799999999999994,6.91
Central Washington University,UG + TRN,UG + TRN,Display,North Carolina (State),2025,12,Dec,890,1,0,0,0,0,3.8,6.5
Central Washington University,UG + TRN,UG + TRN,Display,Pennsylvania (State),2025,12,Dec,870,1,0,0,0,0,4.0299999999999994,6.9400000000000013
Central Washington University,UG + TRN,UG + TRN,Display,Wisconsin (State),2025,12,Dec,842,0,0,0,0,0,3.96,6.6900000000000013
Central Washington University,UG,UG,IP Targeting,South Dakota,2025,12,Dec,823,2,0,0,0,0,3.6400000000000006,10.67
Central Washington University,UG,UG,IP Targeting,Mississippi,2025,12,Dec,793,2,0,0,0,0,3.64,10.74
Central Washington University,UG + TRN,UG + TRN,Display,Alaska (State),2025,12,Dec,775,0,0,0,0,0,2.7600000000000002,4.4999999999999991
Central Washington University,UG + TRN,UG + TRN,Display,Georgia (State),2025,12,Dec,755,0,0,0,0,0,3.3800000000000003,5.6999999999999993
Central Washington University,UG,UG,IP Targeting,District of Columbia,2025,12,Dec,673,2,0,0,0,0,3.1799999999999997,9.16
Central Washington University,UG,UG,IP Targeting,Delaware,2025,12,Dec,665,0,0,0,0,0,3.3299999999999996,9.8500000000000032
Central Washington University,UG + TRN,UG + TRN,Display,Massachusetts (State),2025,12,Dec,642,0,0,0,0,0,2.68,4.6000000000000005
Central Washington University,UG,UG,IP Targeting,North Dakota,2025,12,Dec,588,0,0,0,0,0,2.8000000000000003,8.28
Central Washington University,UG,UG,IP Targeting,Unknown,2025,12,Dec,566,1,0,0,0,0,2.6100000000000008,7.4899999999999993
Central Washington University,UG,UG,IP Targeting,Rhode Island,2025,12,Dec,496,0,0,0,0,0,2.4700000000000006,7.2700000000000005
Central Washington University,UG + TRN,UG + TRN,Display,Iowa (State),2025,12,Dec,478,0,0,0,0,0,1.7600000000000007,3.1700000000000008
Central Washington University,UG,UG,IP Targeting,US:id,2025,12,Dec,470,0,0,0,0,0,2.0600000000000009,6.1499999999999995
Central Washington University,UG + TRN,UG + TRN,Display,Louisiana (State),2025,12,Dec,458,1,0,0,0,0,1.7000000000000006,2.9200000000000004
Central Washington University,UG + TRN,UG + TRN,Display,Alabama (State),2025,12,Dec,437,0,0,0,0,0,2.0100000000000007,3.4799999999999995
Central Washington University,UG + TRN,UG + TRN,Display,Tennessee (State),2025,12,Dec,413,0,0,0,0,0,1.8800000000000008,3.4100000000000006
Central Washington University,UG,UG,IP Targeting,Vermont,2025,12,Dec,375,0,0,0,0,0,1.7700000000000009,5.2399999999999993
Central Washington University,UG + TRN,UG + TRN,Display,Maryland (State),2025,12,Dec,371,1,0,0,0,0,1.9000000000000006,3.2900000000000005
Central Washington University,UG + TRN,UG + TRN,Display,North Dakota (State),2025,12,Dec,371,0,0,0,0,0,1.6400000000000001,2.680000000000001
Central Washington University,UG + TRN,UG + TRN,Display,Kentucky (State),2025,12,Dec,370,0,0,0,0,0,1.8100000000000007,3.0299999999999994
Central Washington University,UG + TRN,UG + TRN,Display,Connecticut (State),2025,12,Dec,364,0,0,0,0,0,1.5500000000000003,2.76
Central Washington University,UG + TRN,UG + TRN,Display,Indiana (State),2025,12,Dec,361,0,0,0,0,0,1.7900000000000007,3.2199999999999998
Central Washington University,UG,UG,IP Targeting,US:tx,2025,12,Dec,352,0,0,0,0,0,1.4900000000000007,4.47
Central Washington University,UG + TRN,UG + TRN,Display,Arkansas (State),2025,12,Dec,346,0,0,0,0,0,1.8000000000000005,3.0599999999999996
Central Washington University,UG + TRN,UG + TRN,Display,Oklahoma (State),2025,12,Dec,273,0,0,0,0,0,1.1300000000000001,2.0400000000000005
Central Washington University,UG + TRN,UG + TRN,Display,New Mexico (State),2025,12,Dec,269,0,0,0,0,0,0.88000000000000012,1.5600000000000003
Central Washington University,UG,UG,IP Targeting,US:ny,2025,12,Dec,267,0,0,0,0,0,1.1600000000000006,3.4799999999999995
Central Washington University,UG,UG,IP Targeting,US:fl,2025,12,Dec,253,0,0,0,0,0,1.2200000000000006,3.6599999999999993
Central Washington University,UG,UG,IP Targeting,US:az,2025,12,Dec,251,0,0,0,0,0,1.0700000000000005,3.2100000000000004
Central Washington University,UG + TRN,UG + TRN,Display,Nebraska (State),2025,12,Dec,248,0,0,0,0,0,1.0300000000000002,1.7400000000000004
Central Washington University,UG,UG,IP Targeting,US:nc,2025,12,Dec,242,0,0,0,0,0,1.1100000000000005,3.26
Central Washington University,UG,UG,IP Targeting,US:wi,2025,12,Dec,224,0,0,0,0,0,0.8600000000000001,2.58
Central Washington University,UG + TRN,UG + TRN,Display,Mississippi (State),2025,12,Dec,224,0,0,0,0,0,1.1400000000000006,1.8600000000000008
Central Washington University,UG + TRN,UG + TRN,Display,District of Columbia (State),2025,12,Dec,209,0,0,0,0,0,1.2300000000000004,1.9500000000000006
Central Washington University,UG + TRN,UG + TRN,Display,South Carolina (State),2025,12,Dec,207,0,0,0,0,0,0.99000000000000032,1.9100000000000006
Central Washington University,UG,UG,IP Targeting,US:pa,2025,12,Dec,204,0,0,0,0,0,0.82000000000000028,2.46
Central Washington University,UG + TRN,UG + TRN,PPC,Idaho,2025,12,Dec,192,17,1,0,0,1,75.429999999999993,75.429999999999993
Central Washington University,UG,UG,IP Targeting,US:nj,2025,12,Dec,177,0,0,0,0,0,0.82000000000000028,2.4600000000000004
Central Washington University,UG,UG,IP Targeting,US:oh,2025,12,Dec,173,0,0,0,0,0,0.73000000000000032,2.1900000000000004
Central Washington University,UG + TRN,UG + TRN,Display,Kansas (State),2025,12,Dec,171,0,0,0,0,0,0.65000000000000013,1.1800000000000002
Central Washington University,UG,UG,IP Targeting,US:ga,2025,12,Dec,170,0,0,0,0,0,0.7100000000000003,2.1300000000000003
Central Washington University,UG,UG,IP Targeting,US:mo,2025,12,Dec,156,0,0,0,0,0,0.79000000000000026,2.37
Central Washington University,UG + TRN,UG + TRN,Display,Wyoming (State),2025,12,Dec,146,0,0,0,0,0,0.65000000000000024,1.1300000000000001
Central Washington University,UG,UG,IP Targeting,US:mi,2025,12,Dec,139,0,0,0,0,0,0.61000000000000021,1.83
Central Washington University,UG,UG,IP Targeting,US:ut,2025,12,Dec,135,0,0,0,0,0,0.53,1.5900000000000003
Central Washington University,UG,UG,IP Targeting,US:il,2025,12,Dec,126,0,0,0,0,0,0.57000000000000017,1.7100000000000006
Central Washington University,UG,UG,IP Targeting,US:tn,2025,12,Dec,123,0,0,0,0,0,0.49000000000000016,1.4700000000000004
Central Washington University,UG,UG,IP Targeting,US:ma,2025,12,Dec,114,0,0,0,0,0,0.6000000000000002,1.7800000000000007
Central Washington University,UG,UG,IP Targeting,US:sc,2025,12,Dec,110,0,0,0,0,0,0.45000000000000018,1.3500000000000005
Central Washington University,UG,UG,IP Targeting,US:hi,2025,12,Dec,106,0,0,0,0,0,0.42000000000000004,1.26
Central Washington University,UG + TRN,UG + TRN,Display,Vermont (State),2025,12,Dec,105,0,0,0,0,0,0.51,0.87000000000000011
Central Washington University,UG,UG,IP Targeting,US:mt,2025,12,Dec,102,0,0,0,0,0,0.45000000000000007,1.3400000000000003
Central Washington University,UG,UG,IP Targeting,US:in,2025,12,Dec,100,0,0,0,0,0,0.4700000000000002,1.4100000000000004
Central Washington University,UG,UG,IP Targeting,US:ak,2025,12,Dec,100,0,0,0,0,0,0.41000000000000014,1.2299999999999998
Central Washington University,UG,UG,IP Targeting,US:co,2025,12,Dec,91,0,0,0,0,0,0.33,0.99000000000000044
Central Washington University,UG + TRN,UG + TRN,Display,New Hampshire (State),2025,12,Dec,91,0,0,0,0,0,0.39999999999999997,0.77999999999999992
Central Washington University,UG,UG,IP Targeting,US:va,2025,12,Dec,88,0,0,0,0,0,0.39000000000000007,1.1700000000000004
Central Washington University,UG + TRN,UG + TRN,Display,Maine (State),2025,12,Dec,84,0,0,0,0,0,0.27,0.51
Central Washington University,UG,UG,IP Targeting,US:md,2025,12,Dec,81,0,0,0,0,0,0.40000000000000013,1.2000000000000004
Central Washington University,UG + TRN,UG + TRN,Display,Rhode Island (State),2025,12,Dec,77,0,0,0,0,0,0.26,0.45000000000000007
Central Washington University,UG,UG,IP Targeting,US:mn,2025,12,Dec,73,0,0,0,0,0,0.3600000000000001,1.0800000000000003
Central Washington University,UG + TRN,UG + TRN,Display,South Dakota (State),2025,12,Dec,69,0,0,0,0,0,0.24000000000000002,0.44000000000000017
Central Washington University,UG,UG,IP Targeting,US:al,2025,12,Dec,68,1,0,0,0,0,0.28,0.8400000000000003
Central Washington University,UG,UG,IP Targeting,US:nv,2025,12,Dec,62,0,0,0,0,0,0.26000000000000006,0.78000000000000025
Central Washington University,UG,UG,IP Targeting,US:nm,2025,12,Dec,59,0,0,0,0,0,0.28,0.84000000000000008
Central Washington University,UG,UG,IP Targeting,US:nh,2025,12,Dec,57,0,0,0,0,0,0.29000000000000004,0.87
Central Washington University,UG,UG,IP Targeting,US:ks,2025,12,Dec,54,1,0,0,0,0,0.22000000000000003,0.66000000000000014
Central Washington University,UG,UG,IP Targeting,US:ct,2025,12,Dec,54,0,0,0,0,0,0.30000000000000004,0.90000000000000013
Central Washington University,UG,UG,IP Targeting,US:ky,2025,12,Dec,52,0,0,0,0,0,0.22000000000000006,0.66
Central Washington University,UG + TRN,UG + TRN,Display,West Virginia (State),2025,12,Dec,49,0,0,0,0,0,0.2,0.36000000000000004
Central Washington University,UG,UG,IP Targeting,US:ok,2025,12,Dec,45,0,0,0,0,0,0.22000000000000003,0.66
Central Washington University,UG,UG,IP Targeting,US:ne,2025,12,Dec,36,1,0,0,0,0,0.14,0.41999999999999993
Central Washington University,UG,UG,IP Targeting,US:de,2025,12,Dec,36,0,0,0,0,0,0.19000000000000003,0.57000000000000006
Central Washington University,UG,UG,IP Targeting,US:ia,2025,12,Dec,35,0,0,0,0,0,0.099999999999999992,0.30000000000000004
Central Washington University,UG + TRN,UG + TRN,Display,Delaware (State),2025,12,Dec,25,0,0,0,0,0,0.09,0.16999999999999998
Central Washington University,UG,UG,IP Targeting,US:wy,2025,12,Dec,24,0,0,0,0,0,0.08,0.24
Central Washington University,UG,UG,IP Targeting,US:ri,2025,12,Dec,23,0,0,0,0,0,0.1,0.30000000000000004
Central Washington University,UG,UG,IP Targeting,US:ar,2025,12,Dec,22,0,0,0,0,0,0.09,0.27
Central Washington University,UG,UG,IP Targeting,US:me,2025,12,Dec,19,0,0,0,0,0,0.09,0.27
Central Washington University,UG,UG,IP Targeting,US:ms,2025,12,Dec,16,0,0,0,0,0,0.09,0.27
Central Washington University,UG,UG,IP Targeting,US:wv,2025,12,Dec,15,0,0,0,0,0,0.08,0.24
Central Washington University,UG,UG,IP Targeting,US:la,2025,12,Dec,13,0,0,0,0,0,0.03,0.09
Central Washington University,UG,UG,IP Targeting,US:dc,2025,12,Dec,11,0,0,0,0,0,0.04,0.12
Central Washington University,UG,UG,IP Targeting,US:US,2025,12,Dec,11,0,0,0,0,0,0.04,0.12
Central Washington University,UG,UG,IP Targeting,US:sd,2025,12,Dec,6,0,0,0,0,0,0.04,0.12
Central Washington University,UG,UG,IP Targeting,US:vt,2025,12,Dec,3,0,0,0,0,0,0.02,0.06
Central Washington University,UG,UG,IP Targeting,US:nd,2025,12,Dec,2,0,0,0,0,0,0,0
Central Washington University,UG,UG,Meta,,2026,1,Jan,745627,2811,0,0,15,15,3480.4500000000016,4694.7800000000025
Central Washington University,UG + TRN,UG + TRN,Display,Washington (State),2026,1,Jan,225017,92,0,160,0,160,637.02000000000032,973.44999999999993
Central Washington University,UG,Parent,Meta,,2026,1,Jan,187759,569,0,0,0,0,2600.1400000000017,3513.160000000003
Central Washington University,UG,UG,IP Targeting,Washington,2026,1,Jan,128609,546,0,7,0,7,396.28999999999911,1163.2800000000022
Central Washington University,UG + TRN,UG + TRN,PPC,Washington,2026,1,Jan,32104,4524,431.43,0,0,431.43,8785.0700000000015,8785.0700000000015
Central Washington University,UG,UG,IP Targeting,California,2026,1,Jan,30456,140,0,0,0,0,97.379999999999853,289.91999999999967
Central Washington University,UG,UG,IP Targeting,Oregon,2026,1,Jan,24652,125,0,0,0,0,78.339999999999932,230.91999999999996
Central Washington University,UG,UG,IP Targeting,US:wa,2026,1,Jan,13213,25,0,0,0,0,33.010000000000012,98.289999999999978
Central Washington University,UG + TRN,UG + TRN,Display,California (State),2026,1,Jan,12072,5,0,5,0,5,33.940000000000012,58.800000000000026
Central Washington University,UG + TRN,UG + TRN,Display,Oregon (State),2026,1,Jan,11395,6,0,5,0,5,32.900000000000013,53.650000000000006
Central Washington University,UG,UG,IP Targeting,Texas,2026,1,Jan,7242,36,0,0,0,0,22.390000000000011,66.699999999999989
Central Washington University,UG,UG,IP Targeting,Florida,2026,1,Jan,6966,33,0,0,0,0,21.610000000000014,64.560000000000031
Central Washington University,UG,UG,IP Targeting,Arizona,2026,1,Jan,5665,34,0,0,0,0,18.160000000000007,53.810000000000016
Central Washington University,UG,UG,IP Targeting,Colorado,2026,1,Jan,5300,27,0,0,0,0,16.490000000000009,48.850000000000016
Central Washington University,UG,UG,IP Targeting,New York,2026,1,Jan,4965,37,0,0,0,0,15.430000000000005,46.080000000000013
Central Washington University,UG + TRN,UG + TRN,Display,Texas (State),2026,1,Jan,4930,3,0,0,0,0,16.280000000000005,27.510000000000009
Central Washington University,UG,UG,IP Targeting,Hawaii,2026,1,Jan,4868,13,0,0,0,0,15.040000000000006,44.510000000000005
Central Washington University,UG,UG,IP Targeting,Ohio,2026,1,Jan,3935,28,0,0,0,0,12.080000000000007,36.180000000000014
Central Washington University,UG,UG,IP Targeting,Idaho,2026,1,Jan,3776,11,0,0,0,0,11.51,34.030000000000008
Central Washington University,UG + TRN,UG + TRN,Display,New York (State),2026,1,Jan,3624,1,0,0,0,0,11.39,18.96
Central Washington University,UG,UG,IP Targeting,Pennsylvania,2026,1,Jan,3601,16,0,0,0,0,11.46,34.33000000000002
Central Washington University,UG,UG,IP Targeting,Seattle-Tacoma WA,2026,1,Jan,3544,9,0,0,0,0,18.419999999999973,52.880000000000031
Central Washington University,UG + TRN,UG + TRN,Display,Idaho (State),2026,1,Jan,3481,1,0,0,0,0,10.530000000000001,17.75
Central Washington University,UG + TRN,UG + TRN,Display,Arizona (State),2026,1,Jan,3437,2,0,0,0,0,10.290000000000001,17.01
Central Washington University,UG + TRN,UG + TRN,Display,Florida (State),2026,1,Jan,3392,2,0,1,0,1,11.089999999999996,19.040000000000003
Central Washington University,UG,UG,IP Targeting,Illinois,2026,1,Jan,3356,25,0,0,0,0,10.980000000000004,32.680000000000007
Central Washington University,UG,UG,IP Targeting,North Carolina,2026,1,Jan,3157,20,0,0,0,0,10.200000000000003,30.530000000000012
Central Washington University,UG,UG,IP Targeting,Nevada,2026,1,Jan,3117,14,0,0,0,0,9.29,27.4
Central Washington University,UG,UG,IP Targeting,Michigan,2026,1,Jan,2998,20,0,0,0,0,8.88,26.620000000000008
Central Washington University,UG,UG,IP Targeting,Utah,2026,1,Jan,2558,10,0,0,0,0,7.280000000000002,21.750000000000007
Central Washington University,UG,UG,IP Targeting,US:ca,2026,1,Jan,2530,1,0,0,0,0,5.84,17.520000000000007
Central Washington University,UG,UG,IP Targeting,Virginia,2026,1,Jan,2520,7,0,0,0,0,8.13,24.35
Central Washington University,UG,UG,IP Targeting,Wisconsin,2026,1,Jan,2466,13,0,1,0,1,7.01,21.030000000000008
Central Washington University,UG,UG,IP Targeting,Minnesota,2026,1,Jan,2420,24,0,0,0,0,7.62,22.800000000000004
Central Washington University,UG + TRN,UG + TRN,Display,Colorado (State),2026,1,Jan,2265,1,0,0,0,0,7.0900000000000007,12.249999999999998
Central Washington University,UG,UG,IP Targeting,US:or,2026,1,Jan,2244,5,0,0,0,0,5.4700000000000006,16.320000000000004
Central Washington University,UG,UG,IP Targeting,Montana,2026,1,Jan,2183,6,0,0,0,0,6.5100000000000025,19.450000000000003
Central Washington University,UG,UG,IP Targeting,Maryland,2026,1,Jan,2081,10,0,0,0,0,6.2600000000000007,18.770000000000003
Central Washington University,UG + TRN,UG + TRN,Display,Illinois (State),2026,1,Jan,2019,1,0,0,0,0,6.5500000000000007,11.3
Central Washington University,UG,UG,IP Targeting,Tennessee,2026,1,Jan,2004,6,0,0,0,0,6.0400000000000009,18.080000000000002
Central Washington University,UG,UG,IP Targeting,Georgia,2026,1,Jan,1962,9,0,0,0,0,6.22,18.6
Central Washington University,UG,UG,IP Targeting,Alaska,2026,1,Jan,1913,6,0,0,0,0,6.2200000000000015,18.46
Central Washington University,UG,UG,IP Targeting,Massachusetts,2026,1,Jan,1910,11,0,0,0,0,6.1600000000000019,18.48
Central Washington University,UG,UG,IP Targeting,Missouri,2026,1,Jan,1882,15,0,0,0,0,5.8499999999999988,17.470000000000002
Central Washington University,UG,UG,IP Targeting,New Jersey,2026,1,Jan,1844,11,0,0,0,0,6.1999999999999993,18.590000000000003
Central Washington University,UG,UG,IP Targeting,South Carolina,2026,1,Jan,1837,17,0,0,0,0,6.0999999999999988,18.249999999999996
Central Washington University,UG,UG,IP Targeting,Indiana,2026,1,Jan,1632,6,0,0,0,0,5.2,15.59
Central Washington University,UG + TRN,UG + TRN,Display,Missouri (State),2026,1,Jan,1612,0,0,1,0,1,5.08,8.37
Central Washington University,UG + TRN,UG + TRN,Display,Utah (State),2026,1,Jan,1606,1,0,0,0,0,4.3500000000000005,7.6
Central Washington University,UG + TRN,UG + TRN,Display,Minnesota (State),2026,1,Jan,1539,0,0,0,0,0,4.9600000000000017,8.44
Central Washington University,UG + TRN,UG + TRN,Display,Hawaii (State),2026,1,Jan,1423,1,0,0,0,0,3.34,5.9200000000000008
Central Washington University,UG + TRN,UG + TRN,Display,Pennsylvania (State),2026,1,Jan,1387,0,0,1,0,1,4.4599999999999991,7.9799999999999995
Central Washington University,UG + TRN,UG + TRN,Display,Ohio (State),2026,1,Jan,1373,0,0,0,0,0,4.6800000000000006,8.12
Central Washington University,UG + TRN,UG + TRN,Display,Alaska (State),2026,1,Jan,1353,0,0,2,0,2,3.5800000000000005,5.7899999999999991
Central Washington University,UG + TRN,UG + TRN,Display,Wisconsin (State),2026,1,Jan,1347,1,0,0,0,0,4.21,7.6000000000000005
Central Washington University,UG + TRN,UG + TRN,Display,Michigan (State),2026,1,Jan,1337,0,0,0,0,0,3.97,7.370000000000001
Central Washington University,UG + TRN,UG + TRN,Display,North Carolina (State),2026,1,Jan,1291,10,0,0,0,0,4.2200000000000015,7.1899999999999995
Central Washington University,UG + TRN,UG + TRN,Display,Virginia (State),2026,1,Jan,1281,1,0,1,0,1,4.1000000000000005,7.1700000000000008
Central Washington University,UG + TRN,UG + TRN,Display,Montana (State),2026,1,Jan,1239,1,0,1,0,1,3.7500000000000013,6.57
Central Washington University,UG,UG,IP Targeting,Kansas,2026,1,Jan,1200,14,0,0,0,0,3.390000000000001,10.149999999999999
Central Washington University,UG + TRN,UG + TRN,Display,Georgia (State),2026,1,Jan,1185,1,0,0,0,0,3.4999999999999996,6.2400000000000011
Central Washington University,UG + TRN,UG + TRN,Display,Nevada (State),2026,1,Jan,1140,0,0,3,0,3,3.8,6.169999999999999
Central Washington University,UG,UG,IP Targeting,Alabama,2026,1,Jan,1118,5,0,0,0,0,3.1199999999999997,9.33
Central Washington University,UG + TRN,UG + TRN,Display,Louisiana (State),2026,1,Jan,1037,0,0,1,0,1,2.9200000000000013,4.82
Central Washington University,UG,UG,IP Targeting,Connecticut,2026,1,Jan,1001,5,0,0,0,0,3.2200000000000011,9.64
Central Washington University,UG + TRN,UG + TRN,Display,New Jersey (State),2026,1,Jan,961,1,0,0,0,0,3.17,5.7199999999999989
Central Washington University,UG,UG,IP Targeting,Louisiana,2026,1,Jan,928,16,0,0,0,0,2.7699999999999996,8.3100000000000023
Central Washington University,UG + TRN,UG + TRN,PPC,Oregon,2026,1,Jan,907,114,8,0,0,8,165.34,165.34
Central Washington University,UG + TRN,UG + TRN,Display,Massachusetts (State),2026,1,Jan,884,1,0,0,0,0,2.8600000000000003,5.2299999999999995
Central Washington University,UG,UG,IP Targeting,Kentucky,2026,1,Jan,863,8,0,0,0,0,2.5900000000000003,7.76
Central Washington University,UG + TRN,UG + TRN,Display,Tennessee (State),2026,1,Jan,799,0,0,0,0,0,2.5400000000000005,4.5400000000000009
Central Washington University,UG,UG,IP Targeting,Portland OR,2026,1,Jan,767,3,0,0,0,0,4.0000000000000018,11.479999999999997
Central Washington University,UG,UG,IP Targeting,Iowa,2026,1,Jan,675,2,0,0,0,0,2.1900000000000008,6.5699999999999985
Central Washington University,UG + TRN,UG + TRN,Display,Iowa (State),2026,1,Jan,663,0,0,0,0,0,1.7300000000000009,3.3200000000000003
Central Washington University,UG,UG,IP Targeting,US:ny,2026,1,Jan,655,2,0,0,0,0,1.5700000000000005,4.71
Central Washington University,UG,UG,IP Targeting,New Mexico,2026,1,Jan,646,2,0,0,0,0,2.1400000000000006,6.4199999999999973
Central Washington University,UG + TRN,UG + TRN,Display,North Dakota (State),2026,1,Jan,632,1,0,0,0,0,2.35,3.86
Central Washington University,UG,UG,IP Targeting,US:tx,2026,1,Jan,623,0,0,0,0,0,1.5300000000000007,4.59
Central Washington University,UG,UG,IP Targeting,US:co,2026,1,Jan,609,0,0,0,0,0,1.5400000000000003,4.62
Central Washington University,UG + TRN,UG + TRN,Display,Maryland (State),2026,1,Jan,606,0,0,1,0,1,1.870000000000001,3.6000000000000005
Central Washington University,UG,UG,IP Targeting,Oklahoma,2026,1,Jan,584,2,0,0,0,0,1.8600000000000008,5.5799999999999992
Central Washington University,UG,UG,IP Targeting,US:fl,2026,1,Jan,561,0,0,0,0,0,1.3000000000000005,3.8999999999999995
Central Washington University,UG + TRN,UG + TRN,Display,New Mexico (State),2026,1,Jan,549,0,0,0,0,0,1.3200000000000003,2.22
Central Washington University,UG + TRN,UG + TRN,Display,Alabama (State),2026,1,Jan,548,0,0,0,0,0,1.4500000000000004,2.6399999999999997
Central Washington University,UG + TRN,UG + TRN,Display,Indiana (State),2026,1,Jan,511,1,0,0,0,0,1.5100000000000005,2.7100000000000004
Central Washington University,UG,UG,IP Targeting,US:az,2026,1,Jan,497,0,0,0,0,0,1.3900000000000006,4.169999999999999
Central Washington University,UG,UG,IP Targeting,Spokane WA,2026,1,Jan,492,0,0,1,0,1,2.5600000000000005,7.3499999999999961
Central Washington University,UG + TRN,UG + TRN,Display,Kansas (State),2026,1,Jan,490,0,0,0,0,0,1.5100000000000005,2.71
Central Washington University,UG,UG,IP Targeting,Arkansas,2026,1,Jan,487,2,0,0,0,0,1.4900000000000004,4.4700000000000006
Central Washington University,UG,UG,IP Targeting,Wyoming,2026,1,Jan,486,6,0,0,0,0,1.3700000000000006,4.11
Central Washington University,UG,UG,IP Targeting,New Hampshire,2026,1,Jan,474,3,0,0,0,0,1.4100000000000008,4.2299999999999995
Central Washington University,UG,UG,IP Targeting,US:id,2026,1,Jan,472,1,0,0,0,0,1.1400000000000003,3.42
Central Washington University,UG + TRN,UG + TRN,Display,Nebraska (State),2026,1,Jan,466,1,0,0,0,0,1.4000000000000006,2.4000000000000008
Central Washington University,UG + TRN,UG + TRN,Display,Kentucky (State),2026,1,Jan,439,0,0,0,0,0,1.3700000000000006,2.5200000000000009
Central Washington University,UG,UG,IP Targeting,South Dakota,2026,1,Jan,438,0,0,0,0,0,1.5600000000000005,4.6599999999999993
Central Washington University,UG,UG,IP Targeting,US:hi,2026,1,Jan,430,1,0,0,0,0,1.1700000000000004,3.4899999999999993
Central Washington University,UG,UG,IP Targeting,US:pa,2026,1,Jan,424,1,0,0,0,0,1.0700000000000005,3.2099999999999995
Central Washington University,UG,UG,IP Targeting,Los Angeles CA,2026,1,Jan,397,3,0,0,0,0,2.080000000000001,6.0300000000000011
Central Washington University,UG + TRN,UG + TRN,Display,Oklahoma (State),2026,1,Jan,377,1,0,0,0,0,1.0200000000000002,1.8900000000000006
Central Washington University,UG,UG,IP Targeting,Maine,2026,1,Jan,365,4,0,0,0,0,1.2000000000000002,3.5999999999999996
Central Washington University,UG + TRN,UG + TRN,Display,Connecticut (State),2026,1,Jan,358,0,0,0,0,0,1.1900000000000002,2.2300000000000009
Central Washington University,UG,UG,IP Targeting,US:ut,2026,1,Jan,357,1,0,0,0,0,0.77000000000000024,2.3099999999999996
Central Washington University,UG,UG,IP Targeting,US:nj,2026,1,Jan,344,0,0,0,0,0,0.94000000000000017,2.8200000000000003
Central Washington University,UG,UG,IP Targeting,West Virginia,2026,1,Jan,344,2,0,0,0,0,1.0800000000000003,3.2399999999999998
Central Washington University,UG + TRN,UG + TRN,Display,South Carolina (State),2026,1,Jan,343,1,0,0,0,0,1.0100000000000002,1.9600000000000006
Central Washington University,UG,UG,IP Targeting,US:oh,2026,1,Jan,342,0,0,0,0,0,0.81000000000000028,2.4299999999999997
Central Washington University,UG,UG,IP Targeting,North Dakota,2026,1,Jan,340,2,0,0,0,0,1.1400000000000003,3.410000000000001
Central Washington University,UG,UG,IP Targeting,US:mi,2026,1,Jan,327,0,0,0,0,0,0.64000000000000024,1.9200000000000004
Central Washington University,UG + TRN,UG + TRN,Display,Maine (State),2026,1,Jan,310,0,0,0,0,0,0.87000000000000033,1.5800000000000007
Central Washington University,UG,UG,IP Targeting,Vermont,2026,1,Jan,306,2,0,0,0,0,0.98000000000000032,2.9400000000000004
Central Washington University,UG,UG,IP Targeting,US:il,2026,1,Jan,291,1,0,0,0,0,0.70000000000000029,2.1000000000000005
Central Washington University,UG,UG,IP Targeting,San Francisco-Oakland-San Jose C,2026,1,Jan,290,1,0,0,0,0,1.6400000000000006,4.7700000000000014
Central Washington University,UG,UG,IP Targeting,Delaware,2026,1,Jan,287,1,0,0,0,0,0.89000000000000035,2.6599999999999988
Central Washington University,UG,UG,IP Targeting,Unknown,2026,1,Jan,284,0,0,0,0,0,0.87000000000000033,2.5999999999999996
Central Washington University,UG,UG,IP Targeting,Rhode Island,2026,1,Jan,283,0,0,0,0,0,0.76000000000000023,2.2800000000000007
Central Washington University,UG,UG,IP Targeting,US:nc,2026,1,Jan,280,1,0,0,0,0,0.63000000000000023,1.8900000000000001
Central Washington University,UG,UG,IP Targeting,US:ga,2026,1,Jan,279,1,0,0,0,0,0.70000000000000018,2.1
Central Washington University,UG,UG,IP Targeting,Mississippi,2026,1,Jan,272,0,0,0,0,0,0.85000000000000031,2.5500000000000003
Central Washington University,UG,UG,IP Targeting,US:va,2026,1,Jan,270,0,0,0,0,0,0.64000000000000035,1.9200000000000004
Central Washington University,UG,UG,IP Targeting,US:wi,2026,1,Jan,264,1,0,0,0,0,0.62000000000000011,1.8600000000000005
Central Washington University,UG + TRN,UG + TRN,Display,Arkansas (State),2026,1,Jan,259,0,0,1,0,1,0.78000000000000025,1.4600000000000004
Central Washington University,UG,UG,IP Targeting,Yakima-Pasco-Richland-Kennewick ,2026,1,Jan,250,1,0,0,0,0,1.2600000000000002,3.6500000000000008
Central Washington University,UG + TRN,UG + TRN,Display,District of Columbia (State),2026,1,Jan,248,0,0,0,0,0,0.71000000000000019,1.1400000000000003
Central Washington University,UG,UG,IP Targeting,US:ak,2026,1,Jan,238,0,0,0,0,0,0.64000000000000012,1.9200000000000004
Central Washington University,UG,UG,IP Targeting,US:in,2026,1,Jan,236,0,0,0,0,0,0.50000000000000011,1.5
Central Washington University,UG + TRN,UG + TRN,Display,Wyoming (State),2026,1,Jan,230,0,0,1,0,1,0.81000000000000016,1.4600000000000004
Central Washington University,UG,UG,IP Targeting,US:nv,2026,1,Jan,222,0,0,0,0,0,0.46000000000000008,1.3800000000000001
Central Washington University,UG,UG,IP Targeting,US:md,2026,1,Jan,220,0,0,0,0,0,0.50000000000000011,1.5000000000000004
Central Washington University,UG,UG,IP Targeting,US:la,2026,1,Jan,218,1,0,0,0,0,0.53000000000000014,1.5900000000000005
Central Washington University,UG,UG,IP Targeting,Nebraska,2026,1,Jan,216,2,0,0,0,0,0.70000000000000018,2.1
Central Washington University,UG,UG,IP Targeting,US:ct,2026,1,Jan,204,0,0,0,0,0,0.46,1.3800000000000003
Central Washington University,UG,UG,IP Targeting,Phoenix AZ,2026,1,Jan,204,0,0,0,0,0,1.1600000000000001,3.3500000000000005
Central Washington University,UG + TRN,UG + TRN,PPC,Idaho,2026,1,Jan,199,17,1,0,0,1,34.859999999999992,34.859999999999992
Central Washington University,UG,UG,IP Targeting,US:mt,2026,1,Jan,184,0,0,0,0,0,0.35,1.05
Central Washington University,UG,UG,IP Targeting,US:ma,2026,1,Jan,171,0,0,0,0,0,0.49000000000000021,1.4700000000000004
Central Washington University,UG,UG,IP Targeting,US:mn,2026,1,Jan,168,1,0,0,0,0,0.34000000000000008,1.0200000000000005
Central Washington University,UG + TRN,UG + TRN,Display,South Dakota (State),2026,1,Jan,167,0,0,0,0,0,0.43000000000000005,0.8600000000000001
Central Washington University,UG + TRN,UG + TRN,Display,Mississippi (State),2026,1,Jan,163,0,0,0,0,0,0.53,0.98000000000000043
Central Washington University,UG,UG,IP Targeting,US:mo,2026,1,Jan,159,0,0,0,0,0,0.35000000000000009,1.05
Central Washington University,UG,UG,IP Targeting,Honolulu HI,2026,1,Jan,153,0,0,0,0,0,0.84000000000000019,2.4400000000000004
Central Washington University,UG,UG,IP Targeting,US:sc,2026,1,Jan,152,0,0,0,0,0,0.34000000000000014,1.0200000000000002
Central Washington University,UG,UG,IP Targeting,Dallas-Ft. Worth TX,2026,1,Jan,135,1,0,0,0,0,0.75,2.1900000000000004
Central Washington University,UG,UG,IP Targeting,San Diego CA,2026,1,Jan,134,0,0,0,0,0,0.79,2.2700000000000005
Central Washington University,UG,UG,IP Targeting,US:ks,2026,1,Jan,128,0,0,0,0,0,0.27,0.81
Central Washington University,UG,UG,IP Targeting,Las Vegas NV,2026,1,Jan,125,0,0,0,0,0,0.67999999999999994,1.94
Central Washington University,UG + TRN,UG + TRN,Display,Vermont (State),2026,1,Jan,124,1,0,0,0,0,0.42000000000000004,0.82000000000000028
Central Washington University,UG,UG,IP Targeting,Eugene OR,2026,1,Jan,121,0,0,0,0,0,0.65999999999999992,1.9000000000000004
Central Washington University,UG,UG,IP Targeting,US:ia,2026,1,Jan,121,0,0,0,0,0,0.29,0.87
Central Washington University,UG,UG,IP Targeting,US:tn,2026,1,Jan,118,2,0,0,0,0,0.25,0.75000000000000011
Central Washington University,UG,UG,IP Targeting,Washington DC (Hagerstown MD),2026,1,Jan,116,0,0,0,0,0,0.67000000000000015,1.9600000000000002
Central Washington University,UG,UG,IP Targeting,New York NY,2026,1,Jan,116,0,0,0,0,0,0.63000000000000012,1.8599999999999999
Central Washington University,UG,UG,IP Targeting,Chicago IL,2026,1,Jan,108,0,0,0,0,0,0.64000000000000012,1.87
Central Washington University,UG + TRN,UG + TRN,Display,West Virginia (State),2026,1,Jan,101,0,0,0,0,0,0.24000000000000005,0.52
Central Washington University,UG,UG,IP Targeting,District of Columbia,2026,1,Jan,100,0,0,0,0,0,0.35000000000000009,1.0500000000000003
Central Washington University,UG,UG,IP Targeting,US:al,2026,1,Jan,91,0,0,0,0,0,0.15,0.45000000000000007
Central Washington University,UG + TRN,UG + TRN,Display,New Hampshire (State),2026,1,Jan,90,0,0,0,0,0,0.24,0.4900000000000001
Central Washington University,UG + TRN,UG + TRN,Display,Delaware (State),2026,1,Jan,90,0,0,0,0,0,0.24000000000000002,0.45
Central Washington University,UG,UG,IP Targeting,Sacramento-Stockton-Modesto CA,2026,1,Jan,90,0,0,0,0,0,0.52,1.5100000000000002
Central Washington University,UG,UG,IP Targeting,Denver CO,2026,1,Jan,89,0,0,0,0,0,0.47000000000000008,1.36
Central Washington University,UG,UG,IP Targeting,US:ky,2026,1,Jan,88,0,0,0,0,0,0.17,0.51000000000000012
Central Washington University,UG,UG,IP Targeting,Atlanta GA,2026,1,Jan,83,2,0,0,0,0,0.43000000000000005,1.26
Central Washington University,UG,UG,IP Targeting,US:ar,2026,1,Jan,80,0,0,0,0,0,0.18000000000000002,0.54000000000000015
Central Washington University,UG,UG,IP Targeting,Philadelphia PA,2026,1,Jan,79,0,0,0,0,0,0.47000000000000003,1.3800000000000001
Central Washington University,UG,UG,IP Targeting,Anchorage AK,2026,1,Jan,78,0,0,0,0,0,0.42,1.2100000000000002
Central Washington University,UG,UG,IP Targeting,Minneapolis-St. Paul MN,2026,1,Jan,78,0,0,0,0,0,0.38,1.11
Central Washington University,UG,UG,IP Targeting,Greenville-Spartanburg SC-Ashevi,2026,1,Jan,77,0,0,0,0,0,0.41000000000000003,1.19
Central Washington University,UG,UG,IP Targeting,US:ri,2026,1,Jan,67,0,0,0,0,0,0.23000000000000004,0.69000000000000006
Central Washington University,UG,UG,IP Targeting,Bend OR,2026,1,Jan,66,0,0,0,0,0,0.33999999999999997,0.98
Central Washington University,UG,UG,IP Targeting,Boise ID,2026,1,Jan,65,1,0,0,0,0,0.35000000000000003,1.0100000000000002
Central Washington University,UG,UG,IP Targeting,Grand Rapids-Kalamazoo-Battle Cr,2026,1,Jan,62,0,0,0,0,0,0.31,0.89
Central Washington University,UG,UG,IP Targeting,Columbus OH,2026,1,Jan,62,0,0,0,0,0,0.32,0.92000000000000015
Central Washington University,UG,UG,IP Targeting,US:wy,2026,1,Jan,59,0,0,0,0,0,0.14,0.42000000000000004
Central Washington University,UG + TRN,UG + TRN,Display,Rhode Island (State),2026,1,Jan,58,0,0,0,0,0,0.18999999999999997,0.39
Central Washington University,UG,UG,IP Targeting,Raleigh-Durham (Fayetteville) NC,2026,1,Jan,58,0,0,0,0,0,0.32,0.95
Central Washington University,UG,UG,IP Targeting,Tampa-St. Petersburg (Sarasota) ,2026,1,Jan,56,0,0,0,0,0,0.35,1.0299999999999998
Central Washington University,UG,UG,IP Targeting,Salt Lake City UT,2026,1,Jan,56,0,0,0,0,0,0.28,0.82000000000000006
Central Washington University,UG,UG,IP Targeting,Houston TX,2026,1,Jan,56,0,0,0,0,0,0.29000000000000004,0.85999999999999988
Central Washington University,UG,UG,IP Targeting,US:nd,2026,1,Jan,50,0,0,0,0,0,0.10999999999999999,0.33000000000000007
Central Washington University,UG,UG,IP Targeting,US:ok,2026,1,Jan,50,0,0,0,0,0,0.07,0.21
Central Washington University,UG,UG,IP Targeting,US:nh,2026,1,Jan,50,0,0,0,0,0,0.13,0.39
Central Washington University,UG,UG,IP Targeting,Boston MA-Manchester NH,2026,1,Jan,46,0,0,0,0,0,0.26,0.77
Central Washington University,UG,UG,IP Targeting,Albuquerque-Santa Fe NM,2026,1,Jan,45,0,0,0,0,0,0.25,0.74
Central Washington University,UG,UG,IP Targeting,Monterey-Salinas CA,2026,1,Jan,45,0,0,0,0,0,0.25,0.73
Central Washington University,UG,UG,IP Targeting,Medford-Klamath Falls OR,2026,1,Jan,44,1,0,0,0,0,0.26,0.75
Central Washington University,UG,UG,IP Targeting,NA,2026,1,Jan,43,0,0,0,0,0,0.24,0.7
Central Washington University,UG,UG,IP Targeting,US:de,2026,1,Jan,43,0,0,0,0,0,0.099999999999999992,0.30000000000000004
Central Washington University,UG,UG,IP Targeting,Orlando-Daytona Beach-Melbourne ,2026,1,Jan,43,0,0,0,0,0,0.24000000000000002,0.70000000000000018
Central Washington University,UG,UG,IP Targeting,Pittsburgh PA,2026,1,Jan,41,0,0,0,0,0,0.24,0.70000000000000007
Central Washington University,UG,UG,IP Targeting,Detroit MI,2026,1,Jan,41,0,0,0,0,0,0.21000000000000002,0.6100000000000001
Central Washington University,UG,UG,IP Targeting,St. Louis MO,2026,1,Jan,41,0,0,0,0,0,0.23,0.66999999999999993
Central Washington University,UG,UG,IP Targeting,Miami-Ft. Lauderdale FL,2026,1,Jan,39,0,0,0,0,0,0.23000000000000004,0.67999999999999994
Central Washington University,UG,UG,IP Targeting,US:ne,2026,1,Jan,39,0,0,0,0,0,0.099999999999999992,0.30000000000000004
Central Washington University,UG,UG,IP Targeting,Tucson (Sierra Vista) AZ,2026,1,Jan,37,0,0,0,0,0,0.21,0.62
Central Washington University,UG,UG,IP Targeting,La Crosse-Eau Claire WI,2026,1,Jan,36,0,0,0,0,0,0.18,0.52
Central Washington University,UG,UG,IP Targeting,Palm Springs CA,2026,1,Jan,36,0,0,0,0,0,0.22000000000000003,0.65
Central Washington University,UG,UG,IP Targeting,Colorado Springs-Pueblo CO,2026,1,Jan,35,0,0,0,0,0,0.21000000000000002,0.6
Central Washington University,UG,UG,IP Targeting,Little Rock-Pine Bluff AR,2026,1,Jan,34,0,0,0,0,0,0.19,0.55
Central Washington University,UG,UG,IP Targeting,Jacksonville FL,2026,1,Jan,33,1,0,0,0,0,0.19,0.56
Central Washington University,UG,UG,IP Targeting,San Antonio TX,2026,1,Jan,33,0,0,0,0,0,0.18,0.53000000000000014
Central Washington University,UG,UG,IP Targeting,Billings MT,2026,1,Jan,32,0,0,0,0,0,0.15,0.43000000000000005
Central Washington University,UG,UG,IP Targeting,Rapid City SD,2026,1,Jan,31,0,0,0,0,0,0.18,0.52
Central Washington University,UG,UG,IP Targeting,Charleston SC,2026,1,Jan,31,0,0,0,0,0,0.18,0.54
Central Washington University,UG,UG,IP Targeting,Providence RI-New Bedford MA,2026,1,Jan,30,0,0,0,0,0,0.15,0.43999999999999995
Central Washington University,UG,UG,IP Targeting,Harrisburg-Lancaster-Lebanon-Yor,2026,1,Jan,30,0,0,0,0,0,0.14,0.41000000000000003
Central Washington University,UG,UG,IP Targeting,Cleveland-Akron (Canton) OH,2026,1,Jan,29,0,0,0,0,0,0.18,0.52
Central Washington University,UG,UG,IP Targeting,Ft. Myers-Naples FL,2026,1,Jan,29,0,0,0,0,0,0.19,0.55
Central Washington University,UG,UG,IP Targeting,Charlotte NC,2026,1,Jan,29,0,0,0,0,0,0.16,0.47
Central Washington University,UG,UG,IP Targeting,Indianapolis IN,2026,1,Jan,29,0,0,0,0,0,0.16,0.46
Central Washington University,UG,UG,IP Targeting,Missoula MT,2026,1,Jan,28,0,0,0,0,0,0.12,0.36
Central Washington University,UG,UG,IP Targeting,Waco-Temple-Bryan TX,2026,1,Jan,28,0,0,0,0,0,0.15999999999999998,0.46
Central Washington University,UG,UG,IP Targeting,Reno NV,2026,1,Jan,28,0,0,0,0,0,0.14,0.41
Central Washington University,UG,UG,IP Targeting,Nashville TN,2026,1,Jan,27,0,0,0,0,0,0.15000000000000002,0.45
Central Washington University,UG,UG,IP Targeting,US:sd,2026,1,Jan,27,0,0,0,0,0,0.07,0.21
Central Washington University,UG,UG,IP Targeting,Salisbury MD,2026,1,Jan,27,0,0,0,0,0,0.13,0.39
Central Washington University,UG,UG,IP Targeting,Santa Barbara-Santa Maria-San Lu,2026,1,Jan,27,0,0,0,0,0,0.16,0.47000000000000003
Central Washington University,UG,UG,IP Targeting,Kansas City MO,2026,1,Jan,26,0,0,0,0,0,0.14,0.4
Central Washington University,UG,UG,IP Targeting,Greensboro-High Point-Winston Sa,2026,1,Jan,25,1,0,0,0,0,0.13,0.39
Central Washington University,UG,UG,IP Targeting,Florence-Myrtle Beach SC,2026,1,Jan,25,2,0,0,0,0,0.15,0.43000000000000005
Central Washington University,UG,UG,IP Targeting,Milwaukee WI,2026,1,Jan,24,0,0,0,0,0,0.14,0.42
Central Washington University,UG,UG,IP Targeting,Memphis TN,2026,1,Jan,24,0,0,0,0,0,0.11,0.32
Central Washington University,UG,UG,IP Targeting,Butte-Bozeman MT,2026,1,Jan,24,0,0,0,0,0,0.14,0.41000000000000003
Central Washington University,UG,UG,IP Targeting,US:nm,2026,1,Jan,23,0,0,0,0,0,0.06,0.18
Central Washington University,UG,UG,IP Targeting,US:vt,2026,1,Jan,22,0,0,0,0,0,0.03,0.09
Central Washington University,UG,UG,IP Targeting,Toledo OH,2026,1,Jan,21,0,0,0,0,0,0.099999999999999992,0.29
Central Washington University,UG,UG,IP Targeting,Cedar Rapids-Waterloo-Iowa City ,2026,1,Jan,21,0,0,0,0,0,0.1,0.29
Central Washington University,UG,UG,IP Targeting,Wichita-Hutchinson KS,2026,1,Jan,21,0,0,0,0,0,0.11,0.32
Central Washington University,UG,UG,IP Targeting,Madison WI,2026,1,Jan,21,0,0,0,0,0,0.12000000000000001,0.34
Central Washington University,UG,UG,IP Targeting,Cincinnati OH,2026,1,Jan,20,0,0,0,0,0,0.09,0.26
Central Washington University,UG,UG,IP Targeting,Columbus GA,2026,1,Jan,20,0,0,0,0,0,0.13,0.37
Central Washington University,UG,UG,IP Targeting,Lansing MI,2026,1,Jan,20,0,0,0,0,0,0.07,0.21
Central Washington University,UG,UG,IP Targeting,Great Falls MT,2026,1,Jan,19,0,0,0,0,0,0.11,0.31999999999999995
Central Washington University,UG,UG,IP Targeting,Beaumont-Port Arthur TX,2026,1,Jan,18,0,0,0,0,0,0.1,0.29000000000000004
Central Washington University,UG,UG,IP Targeting,Bakersfield CA,2026,1,Jan,18,0,0,0,0,0,0.1,0.29
Central Washington University,UG,UG,IP Targeting,US:me,2026,1,Jan,17,0,0,0,0,0,0.03,0.09
Central Washington University,UG,UG,IP Targeting,Twin Falls ID,2026,1,Jan,17,0,0,0,0,0,0.09,0.26
Central Washington University,UG,UG,IP Targeting,Eureka CA,2026,1,Jan,17,0,0,0,0,0,0.09,0.26
Central Washington University,UG,UG,IP Targeting,Hartford & New Haven CT,2026,1,Jan,17,0,0,0,0,0,0.11,0.32999999999999996
Central Washington University,UG,UG,IP Targeting,Fresno-Visalia CA,2026,1,Jan,16,0,0,0,0,0,0.08,0.24
Central Washington University,UG,UG,IP Targeting,Greenville-New Bern-Washington N,2026,1,Jan,15,0,0,0,0,0,0.07,0.21
Central Washington University,UG,UG,IP Targeting,Wheeling WV-Steubenville OH,2026,1,Jan,15,0,0,0,0,0,0.09,0.25
Central Washington University,UG,UG,IP Targeting,Chattanooga TN,2026,1,Jan,15,0,0,0,0,0,0.07,0.21
Central Washington University,UG,UG,IP Targeting,Rochester NY,2026,1,Jan,13,0,0,0,0,0,0.09,0.26
Central Washington University,UG,UG,IP Targeting,Springfield MO,2026,1,Jan,13,0,0,0,0,0,0.090000000000000011,0.27
Central Washington University,UG,UG,IP Targeting,Rockford IL,2026,1,Jan,12,0,0,0,0,0,0.08,0.24
Central Washington University,UG,UG,IP Targeting,Peoria-Bloomington IL,2026,1,Jan,12,0,0,0,0,0,0.08,0.24
Central Washington University,UG,UG,IP Targeting,Terre Haute IN,2026,1,Jan,12,0,0,0,0,0,0.07,0.21
Central Washington University,UG,UG,IP Targeting,Lincoln & Hastings-Kearney NE,2026,1,Jan,12,0,0,0,0,0,0.06,0.18
Central Washington University,UG,UG,IP Targeting,Fairbanks AK,2026,1,Jan,12,0,0,0,0,0,0.08,0.23
Central Washington University,UG,UG,IP Targeting,Austin TX,2026,1,Jan,11,0,0,0,0,0,0.07,0.2
Central Washington University,UG,UG,IP Targeting,New Orleans LA,2026,1,Jan,11,0,0,0,0,0,0.05,0.15
Central Washington University,UG,UG,IP Targeting,Louisville KY,2026,1,Jan,11,0,0,0,0,0,0.07,0.21
Central Washington University,UG,UG,IP Targeting,Burlington VT-Plattsburgh NY,2026,1,Jan,10,0,0,0,0,0,0.06,0.18
Central Washington University,UG,UG,IP Targeting,Ft. Smith-Fayetteville-Springdal,2026,1,Jan,10,1,0,0,0,0,0.05,0.15
Central Washington University,UG,UG,IP Targeting,Marquette MI,2026,1,Jan,10,0,0,0,0,0,0.04,0.12
Central Washington University,UG,UG,IP Targeting,Champaign & Springfield-Decatur ,2026,1,Jan,10,0,0,0,0,0,0.03,0.09
Central Washington University,UG,UG,IP Targeting,Syracuse NY,2026,1,Jan,10,0,0,0,0,0,0.04,0.12
Central Washington University,UG,UG,IP Targeting,Mobile AL-Pensacola (Ft. Walton ,2026,1,Jan,10,0,0,0,0,0,0.05,0.15
Central Washington University,UG,UG,IP Targeting,Richmond-Petersburg VA,2026,1,Jan,10,0,0,0,0,0,0.02,0.06
Central Washington University,UG,UG,IP Targeting,Fargo-Valley City ND,2026,1,Jan,9,0,0,0,0,0,0.060000000000000005,0.17
Central Washington University,UG,UG,IP Targeting,Norfolk-Portsmouth-Newport News ,2026,1,Jan,9,0,0,0,0,0,0.06,0.18
Central Washington University,UG,UG,IP Targeting,South Bend-Elkhart IN,2026,1,Jan,9,0,0,0,0,0,0.04,0.12
Central Washington University,UG,UG,IP Targeting,Baton Rouge LA,2026,1,Jan,9,0,0,0,0,0,0.05,0.15
Central Washington University,UG,UG,IP Targeting,Tri-Cities TN-VA,2026,1,Jan,8,0,0,0,0,0,0.03,0.09
Central Washington University,UG,UG,IP Targeting,Green Bay-Appleton WI,2026,1,Jan,8,0,0,0,0,0,0.03,0.09
Central Washington University,UG,UG,IP Targeting,Oklahoma City OK,2026,1,Jan,7,0,0,0,0,0,0.04,0.12
Central Washington University,UG,UG,IP Targeting,Grand Junction-Montrose CO,2026,1,Jan,7,0,0,0,0,0,0.05,0.15
Central Washington University,UG,UG,IP Targeting,Roanoke-Lynchburg VA,2026,1,Jan,7,0,0,0,0,0,0.05,0.15
Central Washington University,UG,UG,IP Targeting,Sioux Falls(Mitchell) SD,2026,1,Jan,7,0,0,0,0,0,0.04,0.12
Central Washington University,UG,UG,IP Targeting,Jackson MS,2026,1,Jan,7,0,0,0,0,0,0.03,0.09
Central Washington University,UG,UG,IP Targeting,US:dc,2026,1,Jan,7,0,0,0,0,0,0.02,0.06
Central Washington University,UG,UG,IP Targeting,Rochester MN-Mason City IA-Austi,2026,1,Jan,7,0,0,0,0,0,0.05,0.15
Central Washington University,UG,UG,IP Targeting,Lexington KY,2026,1,Jan,7,0,0,0,0,0,0.04,0.11
Central Washington University,UG,UG,IP Targeting,Binghamton NY,2026,1,Jan,7,0,0,0,0,0,0.05,0.15
Central Washington University,UG,UG,IP Targeting,Macon GA,2026,1,Jan,7,1,0,0,0,0,0.04,0.12
Central Washington University,UG,UG,IP Targeting,Birmingham AL,2026,1,Jan,6,0,0,0,0,0,0.03,0.09
Central Washington University,UG,UG,IP Targeting,Quincy IL-Hannibal MO-Keokuk IA,2026,1,Jan,6,0,0,0,0,0,0.04,0.12
Central Washington University,UG,UG,IP Targeting,Joplin MO-Pittsburg KS,2026,1,Jan,6,0,0,0,0,0,0.03,0.09
Central Washington University,UG,UG,IP Targeting,US:ms,2026,1,Jan,6,0,0,0,0,0,0.02,0.06
Central Washington University,UG,UG,IP Targeting,Chico-Redding CA,2026,1,Jan,6,0,0,0,0,0,0.02,0.06
Central Washington University,UG,UG,IP Targeting,Wichita Falls TX & Lawton OK,2026,1,Jan,6,0,0,0,0,0,0.02,0.06
Central Washington University,UG,UG,IP Targeting,Wilkes Barre-Scranton PA,2026,1,Jan,6,0,0,0,0,0,0.04,0.12
Central Washington University,UG,UG,IP Targeting,Ft. Wayne IN,2026,1,Jan,5,0,0,0,0,0,0.04,0.12
Central Washington University,UG,UG,IP Targeting,Corpus Christi TX,2026,1,Jan,5,0,0,0,0,0,0.03,0.09
Central Washington University,UG,UG,IP Targeting,Lafayette LA,2026,1,Jan,5,0,0,0,0,0,0.02,0.06
Central Washington University,UG,UG,IP Targeting,Topeka KS,2026,1,Jan,5,0,0,0,0,0,0.02,0.06
Central Washington University,UG,UG,IP Targeting,Youngstown OH,2026,1,Jan,5,0,0,0,0,0,0.02,0.06
Central Washington University,UG,UG,IP Targeting,US:US,2026,1,Jan,5,0,0,0,0,0,0.01,0.03
Central Washington University,UG,UG,IP Targeting,Savannah GA,2026,1,Jan,5,0,0,0,0,0,0.03,0.09
Central Washington University,UG,UG,IP Targeting,Huntsville-Decatur (Florence) AL,2026,1,Jan,5,0,0,0,0,0,0.04,0.12
Central Washington University,UG,UG,IP Targeting,Buffalo NY,2026,1,Jan,5,0,0,0,0,0,0.02,0.06
Central Washington University,UG,UG,IP Targeting,Juneau AK,2026,1,Jan,5,0,0,0,0,0,0.03,0.09
Central Washington University,UG,UG,IP Targeting,Sioux City IA,2026,1,Jan,4,0,0,0,0,0,0.03,0.09
Central Washington University,UG,UG,IP Targeting,Bangor ME,2026,1,Jan,4,0,0,0,0,0,0.03,0.09
Central Washington University,UG,UG,IP Targeting,Des Moines-Ames IA,2026,1,Jan,4,0,0,0,0,0,0.03,0.09
Central Washington University,UG,UG,IP Targeting,Hattiesburg-Laurel MS,2026,1,Jan,4,0,0,0,0,0,0.03,0.09
Central Washington University,UG,UG,IP Targeting,Albany-Schenectady-Troy NY,2026,1,Jan,4,0,0,0,0,0,0.02,0.06
Central Washington University,UG,UG,IP Targeting,Casper-Riverton WY,2026,1,Jan,4,0,0,0,0,0,0.02,0.06
Central Washington University,UG,UG,IP Targeting,Charlottesville VA,2026,1,Jan,3,0,0,0,0,0,0.02,0.06
Central Washington University,UG,UG,IP Targeting,US:wv,2026,1,Jan,3,0,0,0,0,0,0,0
Central Washington University,UG,UG,IP Targeting,Amarillo TX,2026,1,Jan,3,0,0,0,0,0,0.02,0.06
Central Washington University,UG,UG,IP Targeting,Tallahassee FL-Thomasville GA,2026,1,Jan,3,0,0,0,0,0,0.02,0.06
Central Washington University,UG,UG,IP Targeting,Evansville IN,2026,1,Jan,3,0,0,0,0,0,0.01,0.03
Central Washington University,UG,UG,IP Targeting,Tulsa OK,2026,1,Jan,3,0,0,0,0,0,0.02,0.06
Central Washington University,UG,UG,IP Targeting,Portland-Auburn ME,2026,1,Jan,2,0,0,0,0,0,0,0
Central Washington University,UG,UG,IP Targeting,Shreveport LA,2026,1,Jan,2,0,0,0,0,0,0.01,0.03
Central Washington University,UG,UG,IP Targeting,Lima OH,2026,1,Jan,2,0,0,0,0,0,0.01,0.03
Central Washington University,UG,UG,IP Targeting,Wilmington NC,2026,1,Jan,2,0,0,0,0,0,0.01,0.03
Central Washington University,UG,UG,IP Targeting,Ottumwa IA-Kirksville MO,2026,1,Jan,2,0,0,0,0,0,0.01,0.03
Central Washington University,UG,UG,IP Targeting,Victoria TX,2026,1,Jan,2,1,0,0,0,0,0.01,0.03
Central Washington University,UG,UG,IP Targeting,Panama City FL,2026,1,Jan,2,0,0,0,0,0,0.01,0.03
Central Washington University,UG,UG,IP Targeting,Knoxville TN,2026,1,Jan,1,0,0,0,0,0,0,0
Central Washington University,UG,UG,IP Targeting,Montgomery (Selma) AL,2026,1,Jan,1,0,0,0,0,0,0.01,0.03
Central Washington University,UG,UG,IP Targeting,Idaho Falls-Pocatello ID,2026,1,Jan,1,0,0,0,0,0,0,0
Central Washington University,UG,UG,IP Targeting,Wausau-Rhinelander WI,2026,1,Jan,1,0,0,0,0,0,0.01,0.03
Central Washington University,UG,UG,IP Targeting,Gainesville FL,2026,1,Jan,1,0,0,0,0,0,0.01,0.03
Central Washington University,UG,UG,IP Targeting,Lubbock TX,2026,1,Jan,1,0,0,0,0,0,0,0
Central Washington University,UG,UG,IP Targeting,Yuma AZ-El Centro CA,2026,1,Jan,1,0,0,0,0,0,0.01,0.03
Central Washington University,UG,UG,IP Targeting,Columbia SC,2026,1,Jan,1,0,0,0,0,0,0,0
Central Washington University,UG,UG,IP Targeting,Davenport IA-Rock Island-Moline ,2026,1,Jan,1,0,0,0,0,0,0.01,0.03
Central Washington University,UG,UG,IP Targeting,Monroe LA-El Dorado AR,2026,1,Jan,1,0,0,0,0,0,0,0
Central Washington University,UG,UG,IP Targeting,Paducah KY-Cape Girardeau MO-Har,2026,1,Jan,1,0,0,0,0,0,0.01,0.03
Central Washington University,UG,UG,IP Targeting,Tyler-Longview(Lufkin & Nacogdoc,2026,1,Jan,0,0,0,0,0,0,0,0
Central Washington University,UG,UG,IP Targeting,Charleston-Huntington WV,2026,1,Jan,0,0,0,0,0,0,0,0
Central Washington University,UG,UG,IP Targeting,Traverse City-Cadillac MI,2026,1,Jan,0,0,0,0,0,0,0,0
Central Washington University,UG,UG,YouTube,Oregon (State),2026,1,Jan,0,0,0,0,0,0,0,0
Central Washington University,UG,UG,IP Targeting,Augusta GA,2026,1,Jan,0,0,0,0,0,0,0,0
Central Washington University,UG,UG,IP Targeting,Springfield-Holyoke MA,2026,1,Jan,0,0,0,0,0,0,0,0
Central Washington University,UG,UG,IP Targeting,Omaha NE,2026,1,Jan,0,0,0,0,0,0,0,0
Central Washington University,UG,UG,YouTube,Washington (State),2026,1,Jan,0,0,0,9,0,9,0,0
Central Washington University,UG,UG,IP Targeting,Dayton OH,2026,1,Jan,0,0,0,0,0,0,0,0
Central Washington University,UG,UG,IP Targeting,Johnstown-Altoona PA,2026,1,Jan,0,0,0,0,0,0,0,0
Central Washington University,UG,UG,IP Targeting,Utica NY,2026,1,Jan,0,0,0,0,0,0,0,0
Central Washington University,UG,UG,IP Targeting,Columbia-Jefferson City MO,2026,1,Jan,0,0,0,0,0,0,0,0
Central Washington University,UG,UG,IP Targeting,Baltimore MD,2026,1,Jan,0,0,0,0,0,0,0,0
Central Washington University,UG,UG,IP Targeting,West Palm Beach-Ft. Pierce FL,2026,1,Jan,0,0,0,0,0,0,0,0
Central Washington University,UG,UG,IP Targeting,Minot-Bismarck-Dickinson(Willist,2026,1,Jan,0,0,0,0,0,0,0,0
Central Washington University,UG,UG,IP Targeting,Helena MT,2026,1,Jan,0,0,0,0,0,0,0,0
Central Washington University,UG + TRN,UG + TRN,Display,Washington (State),2026,2,Feb,179195,74,1,147,0,148,595.01000000000113,881.28000000000191
Central Washington University,UG,UG,IP Targeting,Seattle-Tacoma WA,2026,2,Feb,65039,227,0,2,0,2,303.81999999999925,872.06000000000108
Central Washington University,UG + TRN,UG + TRN,PPC,Washington,2026,2,Feb,27451,4031,367.11999999999995,0,0,367.11999999999995,8728.15,8728.15
Central Washington University,UG,UG,IP Targeting,Portland OR,2026,2,Feb,15246,48,0,0,0,0,72.849999999999923,209.89000000000004
Central Washington University,UG + TRN,UG + TRN,Display,California (State),2026,2,Feb,10146,8,0,6,0,6,35.000000000000014,50.47000000000002
Central Washington University,UG,UG,IP Targeting,Los Angeles CA,2026,2,Feb,8993,27,0,0,0,0,41.860000000000028,122.04999999999997
Central Washington University,UG,UG,IP Targeting,Spokane WA,2026,2,Feb,8798,32,0,1,0,1,41.250000000000007,118.72999999999998
Central Washington University,UG + TRN,UG + TRN,Display,Oregon (State),2026,2,Feb,8597,5,0,1,0,1,27.090000000000011,39.070000000000022
Central Washington University,UG,UG,IP Targeting,San Francisco-Oakland-San Jose C,2026,2,Feb,5935,22,0,0,0,0,27.930000000000014,81.13
Central Washington University,UG,UG,IP Targeting,Yakima-Pasco-Richland-Kennewick ,2026,2,Feb,4525,23,0,0,0,0,20.430000000000003,58.949999999999996
Central Washington University,UG + TRN,UG + TRN,Display,Texas (State),2026,2,Feb,4151,4,0,0,0,0,15.860000000000005,22.600000000000009
Central Washington University,UG,UG,IP Targeting,New York NY,2026,2,Feb,3491,15,0,0,0,0,16.600000000000009,48.530000000000037
Central Washington University,UG,UG,IP Targeting,Phoenix AZ,2026,2,Feb,3124,13,0,0,0,0,15.510000000000007,45.04
Central Washington University,UG + TRN,UG + TRN,Display,Arizona (State),2026,2,Feb,3061,0,0,1,0,1,11.320000000000004,16.290000000000006
Central Washington University,UG + TRN,UG + TRN,Display,Florida (State),2026,2,Feb,2879,2,0,1,0,1,11.729999999999999,16.56
Central Washington University,UG,UG,IP Targeting,Sacramento-Stockton-Modesto CA,2026,2,Feb,2593,13,0,0,0,0,12.180000000000005,35.570000000000014
Central Washington University,UG + TRN,UG + TRN,Display,New York (State),2026,2,Feb,2521,0,0,1,0,1,8.9699999999999989,13.06
Central Washington University,UG,UG,IP Targeting,Washington DC (Hagerstown MD),2026,2,Feb,2501,16,0,0,0,0,12.590000000000003,36.800000000000018
Central Washington University,UG,UG,IP Targeting,Denver CO,2026,2,Feb,2483,13,0,0,0,0,11.810000000000002,34.27
Central Washington University,UG + TRN,UG + TRN,Display,Colorado (State),2026,2,Feb,2411,1,0,0,0,0,9.0500000000000025,12.88
Central Washington University,UG + TRN,UG + TRN,Display,Idaho (State),2026,2,Feb,2403,1,0,2,0,2,8.03,11.48
Central Washington University,UG,UG,IP Targeting,Eugene OR,2026,2,Feb,2284,9,0,0,0,0,10.830000000000004,31.320000000000007
Central Washington University,UG,UG,IP Targeting,Minneapolis-St. Paul MN,2026,2,Feb,2186,12,0,0,0,0,10.650000000000002,31.010000000000005
Central Washington University,UG,UG,IP Targeting,San Diego CA,2026,2,Feb,2124,8,0,0,0,0,10.080000000000002,29.20000000000001
Central Washington University,UG,UG,IP Targeting,Honolulu HI,2026,2,Feb,1995,8,0,0,0,0,9.4800000000000022,27.660000000000004
Central Washington University,UG,UG,IP Targeting,Salt Lake City UT,2026,2,Feb,1981,6,0,0,0,0,8.9699999999999989,26.310000000000006
Central Washington University,UG,UG,IP Targeting,Chicago IL,2026,2,Feb,1754,5,0,0,0,0,8.3800000000000026,24.409999999999997
Central Washington University,UG,UG,IP Targeting,Boston MA-Manchester NH,2026,2,Feb,1697,4,0,0,0,0,8.54,25.190000000000008
Central Washington University,UG,UG,IP Targeting,Dallas-Ft. Worth TX,2026,2,Feb,1695,3,0,0,0,0,8.0900000000000016,23.710000000000008
Central Washington University,UG,UG,IP Targeting,Philadelphia PA,2026,2,Feb,1673,7,0,0,0,0,8.0199999999999978,23.6
Central Washington University,UG + TRN,UG + TRN,Display,Illinois (State),2026,2,Feb,1660,0,0,0,0,0,5.78,8.38
Central Washington University,UG,UG,IP Targeting,Las Vegas NV,2026,2,Feb,1556,4,0,0,0,0,7.370000000000001,21.17
Central Washington University,UG,UG,IP Targeting,Anchorage AK,2026,2,Feb,1382,3,0,0,0,0,6.6000000000000005,19.050000000000004
Central Washington University,UG,UG,IP Targeting,Tampa-St. Petersburg (Sarasota) ,2026,2,Feb,1308,2,0,0,0,0,6.23,18.310000000000006
Central Washington University,UG + TRN,UG + TRN,Display,Ohio (State),2026,2,Feb,1297,0,0,1,0,1,4.59,6.3800000000000008
Central Washington University,UG + TRN,UG + TRN,Display,North Carolina (State),2026,2,Feb,1208,4,0,1,0,1,4.3999999999999995,6.4000000000000012
Central Washington University,UG + TRN,UG + TRN,Display,Utah (State),2026,2,Feb,1202,0,0,0,0,0,3.94,5.54
Central Washington University,UG + TRN,UG + TRN,Display,Missouri (State),2026,2,Feb,1193,0,0,1,0,1,3.4199999999999995,4.94
Central Washington University,UG,UG,IP Targeting,Orlando-Daytona Beach-Melbourne ,2026,2,Feb,1167,1,0,0,0,0,5.9500000000000011,17.460000000000004
Central Washington University,UG + TRN,UG + TRN,Display,Nevada (State),2026,2,Feb,1164,0,0,0,0,0,4.0900000000000016,5.91
Central Washington University,UG + TRN,UG + TRN,Display,Pennsylvania (State),2026,2,Feb,1141,2,0,2,0,2,3.9600000000000009,5.6099999999999994
Central Washington University,UG,UG,IP Targeting,Houston TX,2026,2,Feb,1137,6,0,0,0,0,5.4700000000000006,15.910000000000002
Central Washington University,UG,UG,IP Targeting,Atlanta GA,2026,2,Feb,1126,3,0,0,0,0,5.3000000000000007,15.540000000000001
Central Washington University,UG + TRN,UG + TRN,Display,New Jersey (State),2026,2,Feb,1110,1,0,1,0,1,4.2000000000000011,5.8600000000000012
Central Washington University,UG,UG,IP Targeting,St. Louis MO,2026,2,Feb,1096,4,0,0,0,0,5.2200000000000006,15.229999999999997
Central Washington University,UG + TRN,UG + TRN,Display,Georgia (State),2026,2,Feb,1076,0,0,0,0,0,3.68,5.24
Central Washington University,UG + TRN,UG + TRN,Display,Minnesota (State),2026,2,Feb,1074,0,0,0,0,0,4.120000000000001,5.75
Central Washington University,UG,UG,IP Targeting,Miami-Ft. Lauderdale FL,2026,2,Feb,1069,12,0,0,0,0,4.9300000000000006,14.250000000000002
Central Washington University,UG,UG,IP Targeting,Medford-Klamath Falls OR,2026,2,Feb,1041,7,0,0,0,0,4.9300000000000006,14.320000000000002
Central Washington University,UG + TRN,UG + TRN,Display,Wisconsin (State),2026,2,Feb,1033,0,0,0,0,0,3.2900000000000005,4.6599999999999993
Central Washington University,UG + TRN,UG + TRN,Display,Virginia (State),2026,2,Feb,1030,0,0,1,0,1,4.18,5.8199999999999994
Central Washington University,UG + TRN,UG + TRN,Display,Hawaii (State),2026,2,Feb,943,0,0,0,0,0,2.6200000000000006,3.7200000000000006
Central Washington University,UG,UG,IP Targeting,Baltimore MD,2026,2,Feb,934,1,0,0,0,0,4.58,13.570000000000004
Central Washington University,UG,UG,IP Targeting,Boise ID,2026,2,Feb,889,5,0,0,0,0,4.1899999999999995,12.229999999999999
Central Washington University,UG,UG,IP Targeting,Milwaukee WI,2026,2,Feb,851,2,0,0,0,0,4.33,12.730000000000002
Central Washington University,UG,UG,IP Targeting,Detroit MI,2026,2,Feb,847,3,0,0,0,0,3.9899999999999989,11.829999999999998
Central Washington University,UG + TRN,UG + TRN,Display,Massachusetts (State),2026,2,Feb,825,0,0,0,0,0,3.34,4.6400000000000006
Central Washington University,UG,UG,IP Targeting,NA,2026,2,Feb,824,2,0,0,0,0,3.9699999999999998,11.449999999999998
Central Washington University,UG,UG,IP Targeting,Cleveland-Akron (Canton) OH,2026,2,Feb,822,2,0,0,0,0,3.9899999999999993,11.840000000000002
Central Washington University,UG + TRN,UG + TRN,Display,Alaska (State),2026,2,Feb,805,0,0,1,0,1,2.9899999999999993,4.29
Central Washington University,UG,UG,IP Targeting,Tucson (Sierra Vista) AZ,2026,2,Feb,785,4,0,0,0,0,4.08,11.830000000000004
Central Washington University,UG + TRN,UG + TRN,PPC,Oregon,2026,2,Feb,780,89,4,0,0,4,181.26999999999998,181.26999999999998
Central Washington University,UG,UG,IP Targeting,Raleigh-Durham (Fayetteville) NC,2026,2,Feb,761,4,0,0,0,0,3.7700000000000005,11.139999999999999
Central Washington University,UG,UG,IP Targeting,Hartford & New Haven CT,2026,2,Feb,738,3,0,0,0,0,3.5600000000000005,10.59
Central Washington University,UG,UG,IP Targeting,Fresno-Visalia CA,2026,2,Feb,713,1,0,0,0,0,3.3100000000000005,9.6000000000000014
Central Washington University,UG,UG,IP Targeting,Harrisburg-Lancaster-Lebanon-Yor,2026,2,Feb,695,2,0,0,0,0,3.2100000000000004,9.5
Central Washington University,UG + TRN,UG + TRN,Display,Montana (State),2026,2,Feb,687,0,0,0,0,0,2.1100000000000008,2.91
Central Washington University,UG,UG,IP Targeting,Palm Springs CA,2026,2,Feb,643,0,0,0,0,0,3.2200000000000006,9.51
Central Washington University,UG + TRN,UG + TRN,Display,Michigan (State),2026,2,Feb,638,2,0,1,0,1,2.0900000000000007,3.0100000000000002
Central Washington University,UG + TRN,UG + TRN,Display,Kansas (State),2026,2,Feb,632,0,0,0,0,0,2.4,3.3600000000000008
Central Washington University,UG,UG,IP Targeting,Reno NV,2026,2,Feb,629,4,0,0,0,0,2.98,8.7099999999999991
Central Washington University,UG,UG,IP Targeting,Austin TX,2026,2,Feb,619,0,0,0,0,0,3.23,9.38
Central Washington University,UG + TRN,UG + TRN,Display,Maryland (State),2026,2,Feb,594,0,0,0,0,0,2.1600000000000006,2.9699999999999998
Central Washington University,UG + TRN,UG + TRN,Display,Tennessee (State),2026,2,Feb,591,0,0,0,0,0,2.3700000000000006,3.3300000000000005
Central Washington University,UG,UG,IP Targeting,Columbus OH,2026,2,Feb,571,0,0,0,0,0,2.76,8.1499999999999986
Central Washington University,UG + TRN,UG + TRN,Display,Iowa (State),2026,2,Feb,565,0,0,0,0,0,1.8800000000000006,2.7100000000000004
Central Washington University,UG,UG,IP Targeting,West Palm Beach-Ft. Pierce FL,2026,2,Feb,564,2,0,0,0,0,2.83,8.2900000000000009
Central Washington University,UG,UG,IP Targeting,Bend OR,2026,2,Feb,553,1,0,0,0,0,2.83,8.2199999999999989
Central Washington University,UG,UG,IP Targeting,Indianapolis IN,2026,2,Feb,548,5,0,0,0,0,2.7900000000000005,8.17
Central Washington University,UG,UG,IP Targeting,Pittsburgh PA,2026,2,Feb,547,2,0,0,0,0,2.6800000000000006,7.9
Central Washington University,UG,UG,IP Targeting,Cincinnati OH,2026,2,Feb,536,1,0,0,0,0,2.5100000000000002,7.3700000000000019
Central Washington University,UG,UG,IP Targeting,Charlotte NC,2026,2,Feb,526,1,0,0,0,0,2.71,7.99
Central Washington University,UG,UG,IP Targeting,Knoxville TN,2026,2,Feb,511,1,0,0,0,0,2.3800000000000003,7.049999999999998
Central Washington University,UG + TRN,UG + TRN,Display,New Mexico (State),2026,2,Feb,502,0,0,0,0,0,1.7,2.4000000000000004
Central Washington University,UG,UG,IP Targeting,Colorado Springs-Pueblo CO,2026,2,Feb,493,3,0,0,0,0,2.2600000000000002,6.52
Central Washington University,UG,UG,IP Targeting,Santa Barbara-Santa Maria-San Lu,2026,2,Feb,484,1,0,0,0,0,2.2900000000000005,6.65
Central Washington University,UG,UG,IP Targeting,Grand Rapids-Kalamazoo-Battle Cr,2026,2,Feb,463,1,0,0,0,0,2.35,6.9000000000000012
Central Washington University,UG,UG,IP Targeting,Kansas City MO,2026,2,Feb,456,2,0,0,0,0,2.12,6.2099999999999991
Central Washington University,UG,UG,IP Targeting,Billings MT,2026,2,Feb,455,2,0,0,0,0,2.19,6.3500000000000005
Central Washington University,UG,UG,IP Targeting,Greenville-Spartanburg SC-Ashevi,2026,2,Feb,453,1,0,0,0,0,2.3800000000000003,7.01
Central Washington University,UG,UG,IP Targeting,Mobile AL-Pensacola (Ft. Walton ,2026,2,Feb,447,2,0,0,0,0,2.1800000000000006,6.39
Central Washington University,UG + TRN,UG + TRN,Display,Alabama (State),2026,2,Feb,422,0,0,0,0,0,1.3900000000000006,1.9600000000000006
Central Washington University,UG,UG,IP Targeting,Nashville TN,2026,2,Feb,413,1,0,0,0,0,2.1400000000000006,6.3199999999999994
Central Washington University,UG,UG,IP Targeting,Monterey-Salinas CA,2026,2,Feb,413,0,0,0,0,0,2.1300000000000008,6.29
Central Washington University,UG,UG,IP Targeting,Little Rock-Pine Bluff AR,2026,2,Feb,404,0,0,0,0,0,1.8900000000000006,5.5300000000000011
Central Washington University,UG,UG,IP Targeting,Roanoke-Lynchburg VA,2026,2,Feb,403,2,0,0,0,0,1.9400000000000004,5.73
Central Washington University,UG,UG,IP Targeting,Rochester NY,2026,2,Feb,403,0,0,0,0,0,1.9900000000000007,5.82
Central Washington University,UG,UG,IP Targeting,Albuquerque-Santa Fe NM,2026,2,Feb,402,0,0,0,0,0,1.7900000000000009,5.2799999999999994
Central Washington University,UG,UG,IP Targeting,San Antonio TX,2026,2,Feb,395,2,0,0,0,0,1.83,5.36
Central Washington University,UG,UG,IP Targeting,Missoula MT,2026,2,Feb,381,1,0,0,0,0,1.7700000000000007,5.1799999999999979
Central Washington University,UG,UG,IP Targeting,Idaho Falls-Pocatello ID,2026,2,Feb,377,0,0,0,0,0,1.8000000000000007,5.330000000000001
Central Washington University,UG,UG,IP Targeting,Jacksonville FL,2026,2,Feb,375,0,0,0,0,0,1.8900000000000006,5.5600000000000005
Central Washington University,UG,UG,IP Targeting,Louisville KY,2026,2,Feb,373,1,0,0,0,0,1.7100000000000002,5.02
Central Washington University,UG,UG,IP Targeting,Ft. Myers-Naples FL,2026,2,Feb,370,1,0,0,0,0,1.8400000000000005,5.4
Central Washington University,UG,UG,IP Targeting,Albany-Schenectady-Troy NY,2026,2,Feb,360,1,0,0,0,0,1.7200000000000006,5.1199999999999992
Central Washington University,UG + TRN,UG + TRN,Display,Connecticut (State),2026,2,Feb,359,0,0,0,0,0,1.4600000000000004,2.0500000000000003
Central Washington University,UG + TRN,UG + TRN,Display,South Carolina (State),2026,2,Feb,353,0,0,0,0,0,1.2400000000000002,1.7100000000000004
Central Washington University,UG,UG,IP Targeting,Greensboro-High Point-Winston Sa,2026,2,Feb,352,3,0,0,0,0,1.7000000000000008,5.02
Central Washington University,UG + TRN,UG + TRN,Display,Indiana (State),2026,2,Feb,351,0,0,1,0,1,1.2700000000000002,1.8800000000000008
Central Washington University,UG + TRN,UG + TRN,Display,Louisiana (State),2026,2,Feb,341,0,0,0,0,0,1.1800000000000004,1.6700000000000006
Central Washington University,UG,UG,IP Targeting,Providence RI-New Bedford MA,2026,2,Feb,340,0,0,0,0,0,1.6100000000000003,4.77
Central Washington University,UG + TRN,UG + TRN,Display,Kentucky (State),2026,2,Feb,333,0,0,3,0,3,1.2200000000000002,1.7200000000000002
Central Washington University,UG,UG,IP Targeting,Charleston SC,2026,2,Feb,328,0,0,0,0,0,1.6600000000000004,4.8499999999999988
Central Washington University,UG,UG,IP Targeting,Buffalo NY,2026,2,Feb,322,0,0,0,0,0,1.5500000000000007,4.57
Central Washington University,UG + TRN,UG + TRN,Display,Wyoming (State),2026,2,Feb,317,0,0,0,0,0,1.1300000000000003,1.5000000000000004
Central Washington University,UG,UG,IP Targeting,Lincoln & Hastings-Kearney NE,2026,2,Feb,314,0,0,0,0,0,1.4600000000000004,4.29
Central Washington University,UG,UG,IP Targeting,Oklahoma City OK,2026,2,Feb,313,2,0,0,0,0,1.3700000000000006,4.04
Central Washington University,UG,UG,IP Targeting,Cedar Rapids-Waterloo-Iowa City ,2026,2,Feb,312,1,0,0,0,0,1.4800000000000006,4.36
Central Washington University,UG + TRN,UG + TRN,Display,Nebraska (State),2026,2,Feb,298,0,0,0,0,0,1.0900000000000003,1.5400000000000005
Central Washington University,UG,UG,IP Targeting,Wichita-Hutchinson KS,2026,2,Feb,295,4,0,0,0,0,1.4000000000000004,4.12
Central Washington University,UG,UG,IP Targeting,Salisbury MD,2026,2,Feb,293,2,0,0,0,0,1.5200000000000009,4.44
Central Washington University,UG,UG,IP Targeting,Florence-Myrtle Beach SC,2026,2,Feb,293,1,0,0,0,0,1.3500000000000005,3.9799999999999995
Central Washington University,UG,UG,IP Targeting,Bakersfield CA,2026,2,Feb,292,0,0,0,0,0,1.3000000000000005,3.7699999999999996
Central Washington University,UG,UG,IP Targeting,Syracuse NY,2026,2,Feb,292,2,0,0,0,0,1.4000000000000004,4.13
Central Washington University,UG,UG,IP Targeting,Champaign & Springfield-Decatur ,2026,2,Feb,279,0,0,0,0,0,1.2200000000000004,3.6000000000000005
Central Washington University,UG,UG,IP Targeting,Norfolk-Portsmouth-Newport News ,2026,2,Feb,278,1,0,0,0,0,1.4300000000000006,4.22
Central Washington University,UG + TRN,UG + TRN,Display,Maine (State),2026,2,Feb,276,0,0,0,0,0,0.9800000000000002,1.4200000000000004
Central Washington University,UG,UG,IP Targeting,Wilkes Barre-Scranton PA,2026,2,Feb,261,1,0,0,0,0,1.2400000000000002,3.6999999999999997
Central Washington University,UG,UG,IP Targeting,Butte-Bozeman MT,2026,2,Feb,260,2,0,0,0,0,1.3500000000000003,3.9499999999999997
Central Washington University,UG,UG,IP Targeting,Birmingham AL,2026,2,Feb,253,1,0,0,0,0,1.1900000000000002,3.5499999999999994
Central Washington University,UG,UG,IP Targeting,Flint-Saginaw-Bay City MI,2026,2,Feb,252,1,0,0,0,0,1.1200000000000003,3.319999999999999
Central Washington University,UG,UG,IP Targeting,Memphis TN,2026,2,Feb,252,1,0,0,0,0,1.2300000000000004,3.63
Central Washington University,UG,UG,IP Targeting,Richmond-Petersburg VA,2026,2,Feb,251,1,0,0,0,0,1.3100000000000005,3.89
Central Washington University,UG,UG,IP Targeting,Davenport IA-Rock Island-Moline ,2026,2,Feb,248,1,0,0,0,0,0.98000000000000032,2.8899999999999997
Central Washington University,UG,UG,IP Targeting,Madison WI,2026,2,Feb,232,0,0,0,0,0,1.3100000000000005,3.9000000000000004
Central Washington University,UG,UG,IP Targeting,Wilmington NC,2026,2,Feb,232,0,0,0,0,0,1.2000000000000002,3.54
Central Washington University,UG,UG,IP Targeting,Springfield-Holyoke MA,2026,2,Feb,225,0,0,0,0,0,1.2700000000000002,3.6999999999999997
Central Washington University,UG,UG,IP Targeting,Johnstown-Altoona PA,2026,2,Feb,224,0,0,0,0,0,1.1100000000000005,3.3
Central Washington University,UG,UG,IP Targeting,Topeka KS,2026,2,Feb,223,0,0,0,0,0,0.95000000000000029,2.7799999999999994
Central Washington University,UG,UG,IP Targeting,Tulsa OK,2026,2,Feb,216,1,0,0,0,0,1.0800000000000003,3.1899999999999995
Central Washington University,UG + TRN,UG + TRN,Display,Mississippi (State),2026,2,Feb,215,0,0,0,0,0,0.54000000000000015,0.7100000000000003
Central Washington University,UG + TRN,UG + TRN,Display,District of Columbia (State),2026,2,Feb,215,0,0,0,0,0,0.68000000000000016,0.94000000000000039
Central Washington University,UG,UG,IP Targeting,Green Bay-Appleton WI,2026,2,Feb,211,2,0,0,0,0,0.94000000000000028,2.79
Central Washington University,UG,UG,IP Targeting,Springfield MO,2026,2,Feb,205,4,0,0,0,0,0.88000000000000034,2.609999999999999
Central Washington University,UG,UG,IP Targeting,Portland-Auburn ME,2026,2,Feb,201,1,0,0,0,0,1.11,3.2900000000000009
Central Washington University,UG,UG,IP Targeting,Waco-Temple-Bryan TX,2026,2,Feb,200,0,0,0,0,0,0.96000000000000019,2.8499999999999992
Central Washington University,UG,UG,IP Targeting,Ft. Smith-Fayetteville-Springdal,2026,2,Feb,196,0,0,0,0,0,0.77000000000000024,2.29
Central Washington University,UG,UG,IP Targeting,Unknown,2026,2,Feb,195,2,0,0,0,0,0.9600000000000003,2.8299999999999996
Central Washington University,UG,UG,IP Targeting,Omaha NE,2026,2,Feb,193,0,0,0,0,0,0.96000000000000041,2.83
Central Washington University,UG,UG,IP Targeting,Sioux Falls(Mitchell) SD,2026,2,Feb,189,0,0,0,0,0,0.79000000000000026,2.339999999999999
Central Washington University,UG + TRN,UG + TRN,Display,Delaware (State),2026,2,Feb,184,0,0,0,0,0,0.92,1.3200000000000003
Central Washington University,UG,UG,IP Targeting,South Bend-Elkhart IN,2026,2,Feb,184,0,0,0,0,0,0.77000000000000024,2.2700000000000005
Central Washington University,UG + TRN,UG + TRN,PPC,Idaho,2026,2,Feb,181,16,0,0,0,0,32.7,32.7
Central Washington University,UG,UG,IP Targeting,Lexington KY,2026,2,Feb,180,0,0,0,0,0,0.82000000000000028,2.4299999999999997
Central Washington University,UG,UG,IP Targeting,Fargo-Valley City ND,2026,2,Feb,179,0,0,0,0,0,0.80000000000000027,2.3800000000000003
Central Washington University,UG,UG,IP Targeting,Abilene-Sweetwater TX,2026,2,Feb,177,0,0,0,0,0,0.95999999999999985,2.76
Central Washington University,UG,UG,IP Targeting,La Crosse-Eau Claire WI,2026,2,Feb,174,0,0,0,0,0,0.82000000000000028,2.4399999999999991
Central Washington University,UG + TRN,UG + TRN,Display,Arkansas (State),2026,2,Feb,168,0,0,0,0,0,0.59,0.83000000000000018
Central Washington University,UG + TRN,UG + TRN,Display,North Dakota (State),2026,2,Feb,166,0,0,0,0,0,0.57000000000000006,0.81000000000000016
Central Washington University,UG,UG,IP Targeting,Chattanooga TN,2026,2,Feb,166,0,0,0,0,0,0.71000000000000019,2.13
Central Washington University,UG,UG,IP Targeting,Montgomery (Selma) AL,2026,2,Feb,162,1,0,0,0,0,0.7300000000000002,2.1800000000000006
Central Washington University,UG,UG,IP Targeting,Columbia SC,2026,2,Feb,162,4,0,0,0,0,0.91999999999999982,2.74
Central Washington University,UG,UG,IP Targeting,Chico-Redding CA,2026,2,Feb,161,0,0,0,0,0,0.8200000000000004,2.4200000000000004
Central Washington University,UG,UG,IP Targeting,Des Moines-Ames IA,2026,2,Feb,159,0,0,0,0,0,0.79000000000000026,2.34
Central Washington University,UG + TRN,UG + TRN,Display,Oklahoma (State),2026,2,Feb,158,0,0,1,0,1,0.48000000000000009,0.71000000000000008
Central Washington University,UG,UG,IP Targeting,Rockford IL,2026,2,Feb,157,0,0,0,0,0,0.74000000000000021,2.19
Central Washington University,UG,UG,IP Targeting,Minot-Bismarck-Dickinson(Willist,2026,2,Feb,157,0,0,0,0,0,0.7300000000000002,2.18
Central Washington University,UG,UG,IP Targeting,Cheyenne WY-Scottsbluff NE,2026,2,Feb,155,0,0,0,0,0,0.77000000000000024,2.2800000000000002
Central Washington University,UG,UG,IP Targeting,Juneau AK,2026,2,Feb,152,0,0,0,0,0,0.71000000000000008,2.080000000000001
Central Washington University,UG + TRN,UG + TRN,Display,New Hampshire (State),2026,2,Feb,152,0,0,0,0,0,0.54000000000000015,0.80000000000000027
Central Washington University,UG,UG,IP Targeting,Lansing MI,2026,2,Feb,151,0,0,0,0,0,0.63,1.8900000000000001
Central Washington University,UG,UG,IP Targeting,Burlington VT-Plattsburgh NY,2026,2,Feb,149,0,0,0,0,0,0.83000000000000029,2.46
Central Washington University,UG,UG,IP Targeting,Wausau-Rhinelander WI,2026,2,Feb,149,1,0,0,0,0,0.77,2.27
Central Washington University,UG,UG,IP Targeting,Augusta GA,2026,2,Feb,145,1,0,0,0,0,0.70000000000000029,2.1000000000000005
Central Washington University,UG,UG,IP Targeting,Savannah GA,2026,2,Feb,138,0,0,0,0,0,0.6100000000000001,1.8200000000000003
Central Washington University,UG,UG,IP Targeting,Fairbanks AK,2026,2,Feb,138,0,0,0,0,0,0.73000000000000009,2.1600000000000006
Central Washington University,UG,UG,IP Targeting,Evansville IN,2026,2,Feb,134,0,0,0,0,0,0.53,1.5800000000000005
Central Washington University,UG + TRN,UG + TRN,Display,Rhode Island (State),2026,2,Feb,132,0,0,0,0,0,0.40000000000000013,0.58000000000000018
Central Washington University,UG,UG,IP Targeting,Quincy IL-Hannibal MO-Keokuk IA,2026,2,Feb,130,0,0,0,0,0,0.58000000000000007,1.7
Central Washington University,UG,UG,IP Targeting,Rapid City SD,2026,2,Feb,129,1,0,0,0,0,0.56000000000000028,1.6700000000000006
Central Washington University,UG,UG,IP Targeting,New Orleans LA,2026,2,Feb,121,1,0,0,0,0,0.51000000000000012,1.5200000000000005
Central Washington University,UG,UG,IP Targeting,Tri-Cities TN-VA,2026,2,Feb,119,1,0,0,0,0,0.66000000000000014,1.9700000000000002
Central Washington University,UG,UG,IP Targeting,El Paso TX,2026,2,Feb,116,0,0,0,0,0,0.59000000000000008,1.73
Central Washington University,UG,UG,IP Targeting,Tyler-Longview(Lufkin & Nacogdoc,2026,2,Feb,114,0,0,0,0,0,0.46,1.34
Central Washington University,UG + TRN,UG + TRN,Display,South Dakota (State),2026,2,Feb,113,0,0,0,0,0,0.54,0.77
Central Washington University,UG,UG,IP Targeting,Beaumont-Port Arthur TX,2026,2,Feb,112,0,0,0,0,0,0.51,1.4900000000000002
Central Washington University,UG,UG,IP Targeting,Huntsville-Decatur (Florence) AL,2026,2,Feb,112,0,0,0,0,0,0.55999999999999994,1.6800000000000006
Central Washington University,UG,UG,IP Targeting,Great Falls MT,2026,2,Feb,109,0,0,0,0,0,0.59000000000000008,1.7600000000000002
Central Washington University,UG,UG,IP Targeting,Columbus-Tupelo-West Point MS,2026,2,Feb,109,0,0,0,0,0,0.55,1.61
Central Washington University,UG,UG,IP Targeting,Toledo OH,2026,2,Feb,109,1,0,0,0,0,0.49000000000000005,1.46
Central Washington University,UG,UG,IP Targeting,Jackson MS,2026,2,Feb,106,0,0,0,0,0,0.49,1.4600000000000004
Central Washington University,UG,UG,IP Targeting,Columbus GA,2026,2,Feb,106,0,0,0,0,0,0.56000000000000016,1.6300000000000003
Central Washington University,UG,UG,IP Targeting,Casper-Riverton WY,2026,2,Feb,100,0,0,0,0,0,0.56,1.6500000000000001
Central Washington University,UG,UG,IP Targeting,Traverse City-Cadillac MI,2026,2,Feb,100,0,0,0,0,0,0.49,1.4600000000000002
Central Washington University,UG,UG,IP Targeting,Greenville-New Bern-Washington N,2026,2,Feb,96,0,0,0,0,0,0.47000000000000014,1.4000000000000004
Central Washington University,UG,UG,IP Targeting,Peoria-Bloomington IL,2026,2,Feb,95,0,0,0,0,0,0.47000000000000008,1.4100000000000001
Central Washington University,UG,UG,IP Targeting,Paducah KY-Cape Girardeau MO-Har,2026,2,Feb,95,0,0,0,0,0,0.49000000000000005,1.4500000000000002
Central Washington University,UG + TRN,UG + TRN,Display,Vermont (State),2026,2,Feb,94,0,0,0,0,0,0.36,0.55
Central Washington University,UG,UG,IP Targeting,Duluth MN-Superior WI,2026,2,Feb,91,0,0,0,0,0,0.48000000000000004,1.4300000000000002
Central Washington University,UG,UG,IP Targeting,Twin Falls ID,2026,2,Feb,87,0,0,0,0,0,0.48000000000000009,1.4300000000000002
Central Washington University,UG,UG,IP Targeting,Tallahassee FL-Thomasville GA,2026,2,Feb,85,0,0,0,0,0,0.33999999999999997,1
Central Washington University,UG,UG,IP Targeting,Dayton OH,2026,2,Feb,84,0,0,0,0,0,0.41000000000000009,1.23
Central Washington University,UG,UG,IP Targeting,Rochester MN-Mason City IA-Austi,2026,2,Feb,82,0,0,0,0,0,0.43999999999999995,1.3000000000000003
Central Washington University,UG,UG,IP Targeting,Binghamton NY,2026,2,Feb,81,0,0,0,0,0,0.43000000000000016,1.2700000000000002
Central Washington University,UG,UG,IP Targeting,Wichita Falls TX & Lawton OK,2026,2,Feb,81,0,0,0,0,0,0.40999999999999992,1.23
Central Washington University,UG,UG,IP Targeting,Columbia-Jefferson City MO,2026,2,Feb,80,0,0,0,0,0,0.34,1.0100000000000002
Central Washington University,UG,UG,IP Targeting,Lake Charles LA,2026,2,Feb,73,0,0,0,0,0,0.35000000000000003,1.01
Central Washington University,UG,UG,IP Targeting,Lubbock TX,2026,2,Feb,71,0,0,0,0,0,0.33000000000000007,0.96000000000000019
Central Washington University,UG + TRN,UG + TRN,Display,West Virginia (State),2026,2,Feb,70,0,0,0,0,0,0.24000000000000005,0.35000000000000003
Central Washington University,UG,UG,IP Targeting,Eureka CA,2026,2,Feb,69,0,0,0,0,0,0.34,1.0000000000000002
Central Washington University,UG,UG,IP Targeting,Ft. Wayne IN,2026,2,Feb,69,0,0,0,0,0,0.37000000000000011,1.1
Central Washington University,UG,UG,IP Targeting,Grand Junction-Montrose CO,2026,2,Feb,68,0,0,0,0,0,0.36,1.07
Central Washington University,UG,UG,IP Targeting,Lafayette IN,2026,2,Feb,67,0,0,0,0,0,0.30000000000000004,0.90000000000000013
Central Washington University,UG,UG,IP Targeting,Corpus Christi TX,2026,2,Feb,67,0,0,0,0,0,0.30000000000000004,0.90000000000000013
Central Washington University,UG,UG,IP Targeting,Charlottesville VA,2026,2,Feb,63,0,0,0,0,0,0.29000000000000004,0.8600000000000001
Central Washington University,UG,UG,IP Targeting,Yuma AZ-El Centro CA,2026,2,Feb,62,1,0,0,0,0,0.32999999999999996,0.9800000000000002
Central Washington University,UG,UG,IP Targeting,Panama City FL,2026,2,Feb,62,0,0,0,0,0,0.32,0.94000000000000006
Central Washington University,UG,UG,IP Targeting,Odessa-Midland TX,2026,2,Feb,62,1,0,0,0,0,0.25,0.75000000000000022
Central Washington University,UG,UG,IP Targeting,Helena MT,2026,2,Feb,62,0,0,0,0,0,0.27999999999999997,0.82000000000000028
Central Washington University,UG,UG,IP Targeting,Presque Isle ME,2026,2,Feb,58,0,0,0,0,0,0.25,0.74999999999999989
Central Washington University,UG,UG,IP Targeting,Charleston-Huntington WV,2026,2,Feb,58,1,0,0,0,0,0.26,0.77
Central Washington University,UG,UG,IP Targeting,Amarillo TX,2026,2,Feb,57,0,0,0,0,0,0.23000000000000004,0.68000000000000016
Central Washington University,UG,UG,IP Targeting,Youngstown OH,2026,2,Feb,56,0,0,0,0,0,0.29,0.87000000000000011
Central Washington University,UG,UG,IP Targeting,Baton Rouge LA,2026,2,Feb,56,0,0,0,0,0,0.22000000000000003,0.65
Central Washington University,UG,UG,IP Targeting,Erie PA,2026,2,Feb,48,0,0,0,0,0,0.18000000000000002,0.53
Central Washington University,UG,UG,IP Targeting,Utica NY,2026,2,Feb,46,0,0,0,0,0,0.22000000000000003,0.66
Central Washington University,UG,UG,IP Targeting,Joplin MO-Pittsburg KS,2026,2,Feb,43,0,0,0,0,0,0.21,0.63000000000000012
Central Washington University,UG,UG,IP Targeting,Monroe LA-El Dorado AR,2026,2,Feb,43,0,0,0,0,0,0.24000000000000002,0.71000000000000008
Central Washington University,UG,UG,IP Targeting,Gainesville FL,2026,2,Feb,40,0,0,0,0,0,0.18000000000000002,0.54
Central Washington University,UG,UG,IP Targeting,Wheeling WV-Steubenville OH,2026,2,Feb,38,0,0,0,0,0,0.19,0.57
Central Washington University,UG,UG,IP Targeting,Bangor ME,2026,2,Feb,38,0,0,0,0,0,0.2,0.59
Central Washington University,UG,UG,IP Targeting,Jonesboro AR,2026,2,Feb,38,0,0,0,0,0,0.18999999999999997,0.57
Central Washington University,UG,UG,IP Targeting,Macon GA,2026,2,Feb,37,1,0,0,0,0,0.15000000000000002,0.45000000000000007
Central Washington University,UG,UG,IP Targeting,Terre Haute IN,2026,2,Feb,35,0,0,0,0,0,0.19000000000000003,0.57
Central Washington University,UG,UG,IP Targeting,Lafayette LA,2026,2,Feb,33,0,0,0,0,0,0.15000000000000002,0.44999999999999996
Central Washington University,UG,UG,IP Targeting,Jackson TN,2026,2,Feb,33,0,0,0,0,0,0.16,0.47
Central Washington University,UG,UG,IP Targeting,Sioux City IA,2026,2,Feb,28,0,0,0,0,0,0.16,0.48000000000000009
Central Washington University,UG,UG,IP Targeting,Bluefield-Beckley-Oak Hill WV,2026,2,Feb,27,0,0,0,0,0,0.12,0.36
Central Washington University,UG,UG,IP Targeting,Biloxi-Gulfport MS,2026,2,Feb,26,0,0,0,0,0,0.13,0.38
Central Washington University,UG,UG,IP Targeting,Parkersburg WV,2026,2,Feb,26,0,0,0,0,0,0.16000000000000003,0.46000000000000008
Central Washington University,UG,UG,IP Targeting,Marquette MI,2026,2,Feb,25,0,0,0,0,0,0.11,0.32999999999999996
Central Washington University,UG,UG,IP Targeting,Hattiesburg-Laurel MS,2026,2,Feb,24,0,0,0,0,0,0.18000000000000002,0.54
Central Washington University,UG,UG,IP Targeting,Clarksburg-Weston WV,2026,2,Feb,24,0,0,0,0,0,0.13,0.39
Central Washington University,UG,UG,IP Targeting,Mankato MN,2026,2,Feb,23,0,0,0,0,0,0.11,0.33
Central Washington University,UG,UG,IP Targeting,Elmira NY,2026,2,Feb,23,0,0,0,0,0,0.1,0.30000000000000004
Central Washington University,UG,UG,IP Targeting,Zanesville OH,2026,2,Feb,21,0,0,0,0,0,0.05,0.15
Central Washington University,UG,UG,IP Targeting,Lima OH,2026,2,Feb,21,0,0,0,0,0,0.12,0.3600000000000001
Central Washington University,UG,UG,IP Targeting,Sherman TX-Ada OK,2026,2,Feb,20,0,0,0,0,0,0.09,0.27
Central Washington University,UG,UG,IP Targeting,Ottumwa IA-Kirksville MO,2026,2,Feb,18,0,0,0,0,0,0.11,0.33
Central Washington University,UG,UG,IP Targeting,St. Joseph MO,2026,2,Feb,18,0,0,0,0,0,0.08,0.24
Central Washington University,UG,UG,IP Targeting,Shreveport LA,2026,2,Feb,17,1,0,0,0,0,0.08,0.24
Central Washington University,UG,UG,IP Targeting,Watertown NY,2026,2,Feb,15,0,0,0,0,0,0.089999999999999983,0.27
Central Washington University,UG,UG,IP Targeting,Dothan AL,2026,2,Feb,14,0,0,0,0,0,0.07,0.21
Central Washington University,UG,UG,IP Targeting,Bowling Green KY,2026,2,Feb,14,0,0,0,0,0,0.05,0.14
Central Washington University,UG,UG,IP Targeting,Victoria TX,2026,2,Feb,13,0,0,0,0,0,0.090000000000000011,0.27
Central Washington University,UG,UG,IP Targeting,Harlingen-Weslaco-Brownsville-Mc,2026,2,Feb,12,0,0,0,0,0,0.04,0.12
Central Washington University,UG,UG,IP Targeting,San Angelo TX,2026,2,Feb,8,0,0,0,0,0,0.060000000000000005,0.18
Central Washington University,UG,UG,IP Targeting,Alexandria LA,2026,2,Feb,7,0,0,0,0,0,0.01,0.03
Central Washington University,UG,UG,IP Targeting,Albany GA,2026,2,Feb,7,0,0,0,0,0,0.04,0.12
Central Washington University,UG,UG,IP Targeting,Meridian MS,2026,2,Feb,3,0,0,0,0,0,0.01,0.03
Central Washington University,UG,UG,IP Targeting,Harrisonburg VA,2026,2,Feb,2,0,0,0,0,0,0.02,0.06
Central Washington University,UG,UG,IP Targeting,Yakima-Pasco-Richland-Kennewick WA,2026,2,Feb,0,0,0,1,0,1,0,0
Central Washington University,UG,UG,IP Targeting,Greenwood-Greenville MS,2026,2,Feb,0,0,0,0,0,0,0,0
Central Washington University,UG,UG,YouTube,Washington (State),2026,2,Feb,0,0,0,2,0,2,0,0
Central Washington University,UG,UG,IP Targeting,San Francisco-Oakland-San Jose CA,2026,2,Feb,0,0,0,1,0,1,0,0
Central Washington University,TRN,Transfer,TikTok,,2026,3,Mar,480506,1863,0,0,0,0,2939.69,5879.38
Central Washington University,UG + TRN,UG + TRN,Display,Washington (State),2026,3,Mar,160165,57,2,136,0,138,659.2100000000014,1006.6900000000003
Central Washington University,UG,UG,IP Targeting,Seattle-Tacoma WA,2026,3,Mar,82324,184,0,7,0,7,356.56999999999908,1027.0000000000018
Central Washington University,TRN,Transfer,Reddit,WA,2026,3,Mar,38806,243,0,0,0,0,429.48000000000008,858.96000000000015
Central Washington University,UG + TRN,UG + TRN,PPC,Washington,2026,3,Mar,27742,3953,305.29,0,0,305.29,8742.5199999999986,8742.5199999999986
Central Washington University,UG,UG,IP Targeting,Portland OR,2026,3,Mar,19006,47,0,0,0,0,84.889999999999915,245.07000000000002
Central Washington University,TRN,Transfer,Reddit,OR,2026,3,Mar,15208,117,0,0,0,0,210.81,421.62
Central Washington University,UG,UG,IP Targeting,Los Angeles CA,2026,3,Mar,11793,27,0,0,0,0,51.640000000000022,150.80999999999989
Central Washington University,UG + TRN,UG + TRN,Display,California (State),2026,3,Mar,9835,2,0,3,0,3,37.79000000000002,62.930000000000042
Central Washington University,UG,UG,IP Targeting,Spokane WA,2026,3,Mar,9388,16,1,1,0,2,40.640000000000015,117.52999999999994
Central Washington University,UG,UG,IP Targeting,San Francisco-Oakland-San Jose C,2026,3,Mar,7543,16,0,0,0,0,33.770000000000017,98.349999999999966
Central Washington University,UG + TRN,UG + TRN,Display,Oregon (State),2026,3,Mar,7261,5,0,8,0,8,29.390000000000008,47.380000000000024
Central Washington University,UG,UG,IP Targeting,New York NY,2026,3,Mar,5727,9,0,0,0,0,25.310000000000016,74.550000000000026
Central Washington University,UG,UG,IP Targeting,Yakima-Pasco-Richland-Kennewick ,2026,3,Mar,4871,11,0,0,0,0,19.800000000000008,57.139999999999993
Central Washington University,UG + TRN,UG + TRN,Display,Texas (State),2026,3,Mar,4023,1,0,2,0,2,17.420000000000005,28.800000000000008
Central Washington University,UG,UG,IP Targeting,Denver CO,2026,3,Mar,3747,14,0,0,0,0,16.580000000000009,48.22000000000002
Central Washington University,UG,UG,IP Targeting,Phoenix AZ,2026,3,Mar,3488,5,0,0,0,0,15.350000000000007,44.7
Central Washington University,UG,UG,IP Targeting,Washington DC (Hagerstown MD),2026,3,Mar,3227,11,0,0,0,0,14.890000000000004,43.950000000000024
Central Washington University,UG + TRN,UG + TRN,Display,Florida (State),2026,3,Mar,2987,3,0,0,0,0,13.250000000000004,21.950000000000003
Central Washington University,UG,UG,IP Targeting,Dallas-Ft. Worth TX,2026,3,Mar,2923,6,0,0,0,0,12.950000000000003,37.920000000000009
Central Washington University,UG,UG,IP Targeting,Honolulu HI,2026,3,Mar,2914,4,0,0,0,0,12.870000000000003,37.410000000000018
Central Washington University,UG + TRN,UG + TRN,Display,Arizona (State),2026,3,Mar,2891,0,0,3,0,3,12.279999999999998,19.920000000000005
Central Washington University,UG,UG,IP Targeting,Boston MA-Manchester NH,2026,3,Mar,2876,7,0,0,0,0,13.140000000000002,38.85000000000003
Central Washington University,UG,UG,IP Targeting,Sacramento-Stockton-Modesto CA,2026,3,Mar,2861,2,0,0,0,0,12.810000000000004,37.520000000000024
Central Washington University,UG,UG,IP Targeting,Philadelphia PA,2026,3,Mar,2782,7,0,0,0,0,12.430000000000005,36.670000000000023
Central Washington University,UG,UG,IP Targeting,Minneapolis-St. Paul MN,2026,3,Mar,2682,7,0,0,0,0,12.14,35.530000000000008
Central Washington University,UG,UG,IP Targeting,Chicago IL,2026,3,Mar,2445,4,0,0,0,0,11.080000000000007,32.590000000000011
Central Washington University,UG + TRN,UG + TRN,Display,Idaho (State),2026,3,Mar,2432,0,0,2,0,2,9.07,14.879999999999999
Central Washington University,UG,UG,IP Targeting,Eugene OR,2026,3,Mar,2407,5,0,0,0,0,10.460000000000004,30.320000000000007
Central Washington University,UG,UG,IP Targeting,San Diego CA,2026,3,Mar,2079,2,0,0,0,0,9.4400000000000031,27.450000000000003
Central Washington University,UG + TRN,UG + TRN,Display,New York (State),2026,3,Mar,2060,1,0,3,0,3,9.56,15.870000000000003
Central Washington University,UG,UG,IP Targeting,Salt Lake City UT,2026,3,Mar,2047,10,0,0,0,0,8.84,25.92
Central Washington University,UG + TRN,UG + TRN,Display,Colorado (State),2026,3,Mar,2024,3,0,0,0,0,9.4800000000000022,15.639999999999999
Central Washington University,UG,UG,IP Targeting,Houston TX,2026,3,Mar,1842,5,0,0,0,0,8.5900000000000016,24.950000000000006
Central Washington University,UG,UG,IP Targeting,Anchorage AK,2026,3,Mar,1770,6,0,0,0,0,7.81,22.570000000000004
Central Washington University,UG,UG,IP Targeting,Las Vegas NV,2026,3,Mar,1742,5,0,0,0,0,7.200000000000002,20.77
Central Washington University,UG,UG,IP Targeting,Atlanta GA,2026,3,Mar,1679,4,0,0,0,0,7.1900000000000022,21.240000000000006
Central Washington University,UG,UG,IP Targeting,Cleveland-Akron (Canton) OH,2026,3,Mar,1636,4,0,0,0,0,6.92,20.43
Central Washington University,UG,UG,IP Targeting,Boise ID,2026,3,Mar,1595,6,0,0,0,0,7.370000000000001,21.380000000000003
Central Washington University,UG,UG,IP Targeting,Baltimore MD,2026,3,Mar,1549,6,0,0,0,0,6.7299999999999969,19.960000000000004
Central Washington University,UG + TRN,UG + TRN,Display,Illinois (State),2026,3,Mar,1541,0,0,0,0,0,7.19,12.13
Central Washington University,UG,UG,IP Targeting,Hartford & New Haven CT,2026,3,Mar,1502,5,0,0,0,0,6.879999999999999,20.430000000000003
Central Washington University,UG,UG,IP Targeting,Detroit MI,2026,3,Mar,1474,7,0,0,0,0,6.089999999999999,18.080000000000002
Central Washington University,UG,UG,IP Targeting,Tampa-St. Petersburg (Sarasota) ,2026,3,Mar,1460,2,0,0,0,0,6.82,20.240000000000002
Central Washington University,UG,UG,IP Targeting,Orlando-Daytona Beach-Melbourne ,2026,3,Mar,1372,2,0,0,0,0,6.53,19.180000000000003
Central Washington University,UG,UG,IP Targeting,Raleigh-Durham (Fayetteville) NC,2026,3,Mar,1311,0,0,0,0,0,5.9399999999999995,17.5
Central Washington University,UG,UG,IP Targeting,Miami-Ft. Lauderdale FL,2026,3,Mar,1301,4,0,0,0,0,5.7700000000000014,16.68
Central Washington University,UG,UG,IP Targeting,Medford-Klamath Falls OR,2026,3,Mar,1294,4,0,0,0,0,5.5400000000000009,16.09
Central Washington University,UG,UG,IP Targeting,Charlotte NC,2026,3,Mar,1197,0,0,0,0,0,5.47,16.050000000000004
Central Washington University,UG,UG,IP Targeting,Austin TX,2026,3,Mar,1178,2,0,0,0,0,5.3900000000000015,15.74
Central Washington University,UG + TRN,UG + TRN,Display,Ohio (State),2026,3,Mar,1133,1,0,2,0,2,5.13,8.75
Central Washington University,UG + TRN,UG + TRN,Display,North Carolina (State),2026,3,Mar,1109,6,0,0,0,0,5.0700000000000021,8.5900000000000016
Central Washington University,UG + TRN,UG + TRN,Display,New Jersey (State),2026,3,Mar,1065,0,0,0,0,0,4.35,8.0000000000000018
Central Washington University,UG,UG,IP Targeting,Kansas City MO,2026,3,Mar,1056,3,0,0,0,0,4.4600000000000009,12.990000000000004
Central Washington University,UG,UG,IP Targeting,Columbus OH,2026,3,Mar,1052,3,0,0,0,0,4.6000000000000005,13.45
Central Washington University,UG + TRN,UG + TRN,Display,Hawaii (State),2026,3,Mar,1031,2,0,1,0,1,3.4200000000000008,5.7100000000000009
Central Washington University,UG,UG,IP Targeting,Bend OR,2026,3,Mar,984,2,0,0,0,0,4.49,13.03
Central Washington University,UG,UG,IP Targeting,Milwaukee WI,2026,3,Mar,973,1,0,0,0,0,4.49,13.15
Central Washington University,UG,UG,IP Targeting,NA,2026,3,Mar,966,2,0,0,0,0,4.08,11.8
Central Washington University,UG + TRN,UG + TRN,Display,Nevada (State),2026,3,Mar,944,0,0,1,0,1,4.23,6.9800000000000013
Central Washington University,UG,UG,IP Targeting,Ft. Myers-Naples FL,2026,3,Mar,942,1,0,0,0,0,4.410000000000001,12.84
Central Washington University,UG + TRN,UG + TRN,Display,Michigan (State),2026,3,Mar,938,0,0,0,0,0,3.47,6.19
Central Washington University,UG,UG,IP Targeting,Grand Rapids-Kalamazoo-Battle Cr,2026,3,Mar,904,2,0,0,0,0,4.169999999999999,12.300000000000004
Central Washington University,UG + TRN,UG + TRN,Display,Massachusetts (State),2026,3,Mar,902,0,0,0,0,0,4.1300000000000008,7.1800000000000015
Central Washington University,UG,UG,IP Targeting,Harrisburg-Lancaster-Lebanon-Yor,2026,3,Mar,900,1,0,0,0,0,3.9200000000000008,11.659999999999998
Central Washington University,UG,UG,IP Targeting,Tucson (Sierra Vista) AZ,2026,3,Mar,898,3,0,0,0,0,4.1,11.940000000000001
Central Washington University,UG + TRN,UG + TRN,Display,Georgia (State),2026,3,Mar,896,1,0,0,0,0,3.9499999999999997,6.67
Central Washington University,UG + TRN,UG + TRN,PPC,Oregon,2026,3,Mar,894,95,4.12,0,0,4.12,173.53000000000003,173.53000000000003
Central Washington University,UG,UG,IP Targeting,West Palm Beach-Ft. Pierce FL,2026,3,Mar,891,0,0,0,0,0,4.02,11.89
Central Washington University,UG,UG,IP Targeting,St. Louis MO,2026,3,Mar,887,1,0,0,0,0,3.9799999999999991,11.75
Central Washington University,UG + TRN,UG + TRN,Display,Virginia (State),2026,3,Mar,876,0,0,3,0,3,3.5899999999999994,6.419999999999999
Central Washington University,UG + TRN,UG + TRN,Display,Pennsylvania (State),2026,3,Mar,870,0,0,1,0,1,3.7,6.53
Central Washington University,UG + TRN,UG + TRN,Display,Utah (State),2026,3,Mar,862,0,0,0,0,0,2.8,4.9800000000000013
Central Washington University,UG,UG,IP Targeting,Palm Springs CA,2026,3,Mar,850,6,0,0,0,0,3.7400000000000011,10.97
Central Washington University,UG + TRN,UG + TRN,Display,Minnesota (State),2026,3,Mar,850,0,0,0,0,0,3.17,5.4
Central Washington University,UG + TRN,UG + TRN,Display,Missouri (State),2026,3,Mar,838,0,0,2,0,2,3.2299999999999995,5.45
Central Washington University,UG,UG,IP Targeting,Indianapolis IN,2026,3,Mar,813,7,0,0,0,0,3.52,10.389999999999999
Central Washington University,UG,UG,IP Targeting,Rochester NY,2026,3,Mar,805,4,0,0,0,0,3.4700000000000011,10.13
Central Washington University,UG,UG,IP Targeting,Nashville TN,2026,3,Mar,799,3,0,0,0,0,3.6300000000000003,10.720000000000002
Central Washington University,UG + TRN,UG + TRN,Display,Kansas (State),2026,3,Mar,787,0,0,4,0,4,3.1900000000000004,5.23
Central Washington University,UG,UG,IP Targeting,Cincinnati OH,2026,3,Mar,774,1,0,0,0,0,3.57,10.440000000000001
Central Washington University,UG + TRN,UG + TRN,Display,Wisconsin (State),2026,3,Mar,771,0,0,0,0,0,2.96,5.1199999999999992
Central Washington University,UG,UG,IP Targeting,Reno NV,2026,3,Mar,756,2,0,0,0,0,3.22,9.3400000000000016
Central Washington University,UG,UG,IP Targeting,Pittsburgh PA,2026,3,Mar,740,0,0,0,0,0,3.3799999999999994,9.990000000000002
Central Washington University,UG,UG,IP Targeting,Greensboro-High Point-Winston Sa,2026,3,Mar,738,0,0,0,0,0,3.2900000000000005,9.6700000000000017
Central Washington University,UG,UG,IP Targeting,Knoxville TN,2026,3,Mar,733,1,0,0,0,0,3.3400000000000007,9.8000000000000025
Central Washington University,UG,UG,IP Targeting,Colorado Springs-Pueblo CO,2026,3,Mar,732,0,0,0,0,0,3.26,9.4000000000000021
Central Washington University,UG,UG,IP Targeting,Fresno-Visalia CA,2026,3,Mar,712,3,0,0,0,0,2.81,8.21
Central Washington University,UG + TRN,UG + TRN,Display,Maryland (State),2026,3,Mar,712,0,0,0,0,0,2.91,4.92
Central Washington University,UG,UG,IP Targeting,Providence RI-New Bedford MA,2026,3,Mar,707,2,0,0,0,0,3.3099999999999992,9.7500000000000018
Central Washington University,UG,UG,IP Targeting,Norfolk-Portsmouth-Newport News ,2026,3,Mar,704,0,0,0,0,0,3.25,9.5699999999999985
Central Washington University,UG + TRN,UG + TRN,Display,Tennessee (State),2026,3,Mar,704,0,0,0,0,0,3.2599999999999993,5.5700000000000012
Central Washington University,UG,UG,IP Targeting,Syracuse NY,2026,3,Mar,652,1,0,0,0,0,3.09,9.14
Central Washington University,UG,UG,IP Targeting,Billings MT,2026,3,Mar,634,3,0,0,0,0,2.82,8.1900000000000013
Central Washington University,UG,UG,IP Targeting,Monterey-Salinas CA,2026,3,Mar,629,1,0,0,0,0,2.8000000000000003,8.240000000000002
Central Washington University,UG,UG,IP Targeting,San Antonio TX,2026,3,Mar,626,2,0,0,0,0,2.79,8.16
Central Washington University,UG + TRN,UG + TRN,Display,Alaska (State),2026,3,Mar,571,0,0,0,0,0,2.4000000000000008,3.99
Central Washington University,UG,UG,IP Targeting,Jacksonville FL,2026,3,Mar,570,3,0,0,0,0,2.5600000000000005,7.5400000000000027
Central Washington University,UG,UG,IP Targeting,Oklahoma City OK,2026,3,Mar,566,0,0,0,0,0,2.2600000000000002,6.68
Central Washington University,UG,UG,IP Targeting,Albany-Schenectady-Troy NY,2026,3,Mar,563,2,0,0,0,0,2.47,7.3699999999999992
Central Washington University,UG + TRN,UG + TRN,Display,Montana (State),2026,3,Mar,557,0,0,2,0,2,2.4200000000000008,4.26
Central Washington University,UG,UG,IP Targeting,Buffalo NY,2026,3,Mar,556,2,0,0,0,0,2.5100000000000002,7.4099999999999993
Central Washington University,UG,UG,IP Targeting,Mobile AL-Pensacola (Ft. Walton ,2026,3,Mar,545,0,0,0,0,0,2.52,7.43
Central Washington University,UG,UG,IP Targeting,Bakersfield CA,2026,3,Mar,521,1,0,0,0,0,2.0500000000000003,5.94
Central Washington University,UG,UG,IP Targeting,Richmond-Petersburg VA,2026,3,Mar,508,0,0,0,0,0,2.2500000000000009,6.6999999999999993
Central Washington University,UG,UG,IP Targeting,Des Moines-Ames IA,2026,3,Mar,502,0,0,0,0,0,2.1400000000000006,6.3400000000000016
Central Washington University,UG,UG,IP Targeting,Idaho Falls-Pocatello ID,2026,3,Mar,501,0,0,0,0,0,2.0200000000000005,5.9700000000000015
Central Washington University,UG + TRN,UG + TRN,Display,Indiana (State),2026,3,Mar,490,1,0,0,0,0,2.1000000000000005,3.5799999999999992
Central Washington University,UG,UG,IP Targeting,Missoula MT,2026,3,Mar,483,1,0,0,0,0,2.1300000000000008,6.27
Central Washington University,UG,UG,IP Targeting,Albuquerque-Santa Fe NM,2026,3,Mar,483,3,0,0,0,0,2.3500000000000005,6.8200000000000012
Central Washington University,UG,UG,IP Targeting,Cedar Rapids-Waterloo-Iowa City ,2026,3,Mar,462,2,0,0,0,0,2.0100000000000007,6.0000000000000018
Central Washington University,TRN,Transfer,Reddit,ID,2026,3,Mar,461,5,0,0,0,0,8.17,16.34
Central Washington University,UG,UG,IP Targeting,Greenville-Spartanburg SC-Ashevi,2026,3,Mar,440,1,0,0,0,0,2.0700000000000003,6.169999999999999
Central Washington University,UG,UG,IP Targeting,Portland-Auburn ME,2026,3,Mar,439,3,0,0,0,0,2.0100000000000007,5.9799999999999986
Central Washington University,UG,UG,IP Targeting,Champaign & Springfield-Decatur ,2026,3,Mar,424,3,0,0,0,0,1.7300000000000004,5.1
Central Washington University,UG,UG,IP Targeting,Cheyenne WY-Scottsbluff NE,2026,3,Mar,423,1,0,0,0,0,1.8400000000000007,5.32
Central Washington University,UG,UG,IP Targeting,Charleston SC,2026,3,Mar,390,5,0,0,0,0,1.6800000000000006,5.0000000000000009
Central Washington University,UG + TRN,UG + TRN,Display,Wyoming (State),2026,3,Mar,389,0,0,0,0,0,1.9600000000000009,3.27
Central Washington University,UG,UG,IP Targeting,Birmingham AL,2026,3,Mar,383,1,0,0,0,0,1.6300000000000006,4.8600000000000012
Central Washington University,UG,UG,IP Targeting,Fargo-Valley City ND,2026,3,Mar,382,0,0,0,0,0,1.5400000000000007,4.5200000000000005
Central Washington University,UG,UG,IP Targeting,Santa Barbara-Santa Maria-San Lu,2026,3,Mar,376,0,0,0,0,0,1.5300000000000005,4.54
Central Washington University,UG + TRN,UG + TRN,Display,Connecticut (State),2026,3,Mar,363,0,0,0,0,0,1.6600000000000004,3.05
Central Washington University,UG,UG,IP Targeting,Roanoke-Lynchburg VA,2026,3,Mar,356,0,0,0,0,0,1.6700000000000008,4.9299999999999979
Central Washington University,UG,UG,IP Targeting,Madison WI,2026,3,Mar,355,0,0,0,0,0,1.7600000000000005,5.2099999999999991
Central Washington University,UG,UG,IP Targeting,Peoria-Bloomington IL,2026,3,Mar,355,1,0,0,0,0,1.4300000000000006,4.19
Central Washington University,UG,UG,IP Targeting,Salisbury MD,2026,3,Mar,351,0,0,0,0,0,1.5600000000000009,4.5800000000000018
Central Washington University,UG,UG,IP Targeting,Green Bay-Appleton WI,2026,3,Mar,343,0,0,0,0,0,1.5200000000000005,4.48
Central Washington University,UG,UG,IP Targeting,Louisville KY,2026,3,Mar,338,1,0,0,0,0,1.5100000000000007,4.379999999999999
Central Washington University,UG,UG,IP Targeting,Little Rock-Pine Bluff AR,2026,3,Mar,331,3,0,0,0,0,1.4800000000000006,4.3599999999999985
Central Washington University,UG + TRN,UG + TRN,Display,Oklahoma (State),2026,3,Mar,328,1,0,0,0,0,1.6000000000000008,2.7200000000000006
Central Washington University,UG,UG,IP Targeting,Duluth MN-Superior WI,2026,3,Mar,327,6,0,0,0,0,1.3500000000000005,3.99
Central Washington University,UG + TRN,UG + TRN,Display,New Mexico (State),2026,3,Mar,314,0,0,0,0,0,1.2300000000000004,2.1000000000000005
Central Washington University,UG,UG,IP Targeting,Johnstown-Altoona PA,2026,3,Mar,312,0,0,0,0,0,1.4300000000000006,4.2199999999999989
Central Washington University,UG,UG,IP Targeting,Wichita-Hutchinson KS,2026,3,Mar,304,0,0,0,0,0,1.4200000000000006,4.2000000000000011
Central Washington University,UG,UG,IP Targeting,Wilkes Barre-Scranton PA,2026,3,Mar,301,0,0,0,0,0,1.4700000000000006,4.37
Central Washington University,UG + TRN,UG + TRN,Display,Iowa (State),2026,3,Mar,298,1,0,0,0,0,0.93,1.7500000000000004
Central Washington University,UG,UG,IP Targeting,Lexington KY,2026,3,Mar,298,2,0,0,0,0,1.3500000000000003,4
Central Washington University,UG,UG,IP Targeting,Flint-Saginaw-Bay City MI,2026,3,Mar,296,0,0,0,0,0,1.2000000000000004,3.5899999999999994
Central Washington University,UG,UG,IP Targeting,Tri-Cities TN-VA,2026,3,Mar,293,1,0,0,0,0,1.4600000000000004,4.33
Central Washington University,UG,UG,IP Targeting,Grand Junction-Montrose CO,2026,3,Mar,289,1,0,0,0,0,1.4100000000000004,4.21
Central Washington University,UG,UG,IP Targeting,Minot-Bismarck-Dickinson(Willist,2026,3,Mar,286,0,0,0,0,0,1.1600000000000004,3.4499999999999997
Central Washington University,UG + TRN,UG + TRN,Display,Kentucky (State),2026,3,Mar,283,0,0,7,0,7,1.0300000000000002,1.9100000000000006
Central Washington University,UG,UG,IP Targeting,Savannah GA,2026,3,Mar,275,1,0,0,0,0,1.2700000000000005,3.78
Central Washington University,UG,UG,IP Targeting,Butte-Bozeman MT,2026,3,Mar,272,1,0,0,0,0,1.2600000000000002,3.7000000000000006
Central Washington University,UG,UG,IP Targeting,New Orleans LA,2026,3,Mar,267,0,0,0,0,0,1.0700000000000005,3.16
Central Washington University,UG,UG,IP Targeting,Omaha NE,2026,3,Mar,265,0,0,0,0,0,1.1100000000000003,3.29
Central Washington University,UG,UG,IP Targeting,Memphis TN,2026,3,Mar,259,0,0,0,0,0,1.1500000000000006,3.4200000000000004
Central Washington University,UG,UG,IP Targeting,Huntsville-Decatur (Florence) AL,2026,3,Mar,259,0,0,0,0,0,1.2300000000000004,3.64
Central Washington University,UG,UG,IP Targeting,South Bend-Elkhart IN,2026,3,Mar,254,1,0,0,0,0,1.1600000000000004,3.43
Central Washington University,UG + TRN,UG + TRN,Display,Alabama (State),2026,3,Mar,253,0,0,0,0,0,1.0300000000000002,1.9200000000000006
Central Washington University,UG,UG,IP Targeting,Davenport IA-Rock Island-Moline ,2026,3,Mar,248,1,0,0,0,0,0.97000000000000042,2.91
Central Washington University,UG,UG,IP Targeting,Columbia SC,2026,3,Mar,242,0,0,0,0,0,1.0900000000000003,3.23
Central Washington University,UG,UG,IP Targeting,Wilmington NC,2026,3,Mar,240,0,0,0,0,0,1.1200000000000003,3.3
Central Washington University,UG + TRN,UG + TRN,Display,South Carolina (State),2026,3,Mar,237,0,0,0,0,0,0.94000000000000039,1.7400000000000004
Central Washington University,UG,UG,IP Targeting,Tyler-Longview(Lufkin & Nacogdoc,2026,3,Mar,233,0,0,0,0,0,0.99000000000000021,2.9299999999999997
Central Washington University,UG,UG,IP Targeting,Toledo OH,2026,3,Mar,233,1,0,0,0,0,1.0300000000000005,3.0500000000000007
Central Washington University,UG,UG,IP Targeting,Ft. Wayne IN,2026,3,Mar,228,0,0,0,0,0,1.0400000000000003,3.0799999999999996
Central Washington University,UG + TRN,UG + TRN,Display,South Dakota (State),2026,3,Mar,228,0,0,0,0,0,0.65000000000000013,1.1700000000000004
Central Washington University,UG,UG,IP Targeting,Lansing MI,2026,3,Mar,222,1,0,0,0,0,1.0600000000000005,3.1399999999999997
Central Washington University,UG,UG,IP Targeting,Joplin MO-Pittsburg KS,2026,3,Mar,217,0,0,0,0,0,0.88000000000000034,2.6200000000000006
Central Washington University,UG,UG,IP Targeting,Gainesville FL,2026,3,Mar,215,1,0,0,0,0,0.93000000000000027,2.77
Central Washington University,UG + TRN,UG + TRN,Display,Delaware (State),2026,3,Mar,214,0,0,0,0,0,0.79000000000000026,1.4300000000000004
Central Washington University,UG + TRN,UG + TRN,Display,Nebraska (State),2026,3,Mar,213,0,0,0,0,0,0.74000000000000021,1.3300000000000003
Central Washington University,UG + TRN,UG + TRN,Display,Vermont (State),2026,3,Mar,211,0,0,0,0,0,0.83,1.45
Central Washington University,UG,UG,IP Targeting,Eureka CA,2026,3,Mar,211,0,0,0,0,0,1.0300000000000002,3.06
Central Washington University,UG,UG,IP Targeting,Chattanooga TN,2026,3,Mar,209,0,0,0,0,0,0.87000000000000033,2.57
Central Washington University,UG,UG,IP Targeting,Jonesboro AR,2026,3,Mar,203,0,0,0,0,0,0.86000000000000043,2.5100000000000007
Central Washington University,UG,UG,IP Targeting,Panama City FL,2026,3,Mar,203,0,0,0,0,0,1.0300000000000002,2.98
Central Washington University,UG,UG,IP Targeting,Sioux Falls(Mitchell) SD,2026,3,Mar,201,0,0,0,0,0,0.76000000000000023,2.2400000000000011
Central Washington University,UG,UG,IP Targeting,Dayton OH,2026,3,Mar,199,0,0,0,0,0,0.86000000000000021,2.5399999999999996
Central Washington University,UG,UG,IP Targeting,Florence-Myrtle Beach SC,2026,3,Mar,199,3,0,0,0,0,0.8400000000000003,2.5199999999999996
Central Washington University,UG,UG,IP Targeting,La Crosse-Eau Claire WI,2026,3,Mar,197,0,0,0,0,0,0.89000000000000035,2.6599999999999997
Central Washington University,UG + TRN,UG + TRN,Display,District of Columbia (State),2026,3,Mar,197,0,0,0,0,0,0.87,1.4000000000000004
Central Washington University,UG,UG,IP Targeting,Helena MT,2026,3,Mar,192,0,0,0,0,0,0.79000000000000026,2.2900000000000005
Central Washington University,UG,UG,IP Targeting,Burlington VT-Plattsburgh NY,2026,3,Mar,192,0,0,0,0,0,0.92000000000000037,2.73
Central Washington University,UG,UG,IP Targeting,Lincoln & Hastings-Kearney NE,2026,3,Mar,191,0,0,0,0,0,0.86000000000000032,2.5799999999999992
Central Washington University,UG,UG,IP Targeting,Waco-Temple-Bryan TX,2026,3,Mar,188,0,0,0,0,0,0.78000000000000025,2.31
Central Washington University,UG,UG,IP Targeting,El Paso TX,2026,3,Mar,188,1,0,0,0,0,0.93000000000000027,2.73
Central Washington University,UG,UG,IP Targeting,Rochester MN-Mason City IA-Austi,2026,3,Mar,182,0,0,0,0,0,0.8500000000000002,2.5100000000000002
Central Washington University,UG + TRN,UG + TRN,PPC,Idaho,2026,3,Mar,181,19,1,0,0,1,26.71,26.71
Central Washington University,UG,UG,IP Targeting,Terre Haute IN,2026,3,Mar,177,0,0,0,0,0,0.83000000000000018,2.4800000000000004
Central Washington University,UG + TRN,UG + TRN,Display,Mississippi (State),2026,3,Mar,176,0,0,2,0,2,0.83000000000000007,1.4100000000000004
Central Washington University,UG,UG,IP Targeting,Tallahassee FL-Thomasville GA,2026,3,Mar,176,1,0,0,0,0,0.79000000000000026,2.3200000000000003
Central Washington University,UG + TRN,UG + TRN,Display,Louisiana (State),2026,3,Mar,174,0,0,0,0,0,0.8,1.4200000000000002
Central Washington University,UG,UG,IP Targeting,Youngstown OH,2026,3,Mar,174,0,0,0,0,0,0.81000000000000028,2.4
Central Washington University,UG,UG,IP Targeting,Unknown,2026,3,Mar,173,0,0,0,0,0,0.74000000000000032,2.1900000000000004
Central Washington University,UG,UG,IP Targeting,Topeka KS,2026,3,Mar,172,0,0,0,0,0,0.71000000000000019,2.1300000000000008
Central Washington University,UG,UG,IP Targeting,Twin Falls ID,2026,3,Mar,172,0,0,0,0,0,0.7400000000000001,2.1899999999999995
Central Washington University,UG,UG,IP Targeting,Ft. Smith-Fayetteville-Springdal,2026,3,Mar,171,0,0,0,0,0,0.64000000000000024,1.9200000000000002
Central Washington University,UG,UG,IP Targeting,Tulsa OK,2026,3,Mar,170,0,0,0,0,0,0.71000000000000019,2.1300000000000003
Central Washington University,UG,UG,IP Targeting,Juneau AK,2026,3,Mar,167,0,0,0,0,0,0.82000000000000028,2.4200000000000008
Central Washington University,UG + TRN,UG + TRN,Display,North Dakota (State),2026,3,Mar,165,1,0,0,0,0,0.66000000000000014,1.1800000000000002
Central Washington University,UG + TRN,UG + TRN,Display,Maine (State),2026,3,Mar,162,0,0,0,0,0,0.57000000000000006,1.1
Central Washington University,UG,UG,IP Targeting,Traverse City-Cadillac MI,2026,3,Mar,158,0,0,0,0,0,0.7300000000000002,2.1700000000000008
Central Washington University,UG,UG,IP Targeting,Macon GA,2026,3,Mar,155,3,0,0,0,0,0.60000000000000009,1.7700000000000002
Central Washington University,UG,UG,IP Targeting,Bangor ME,2026,3,Mar,154,0,0,0,0,0,0.70000000000000018,2.0900000000000003
Central Washington University,UG,UG,IP Targeting,Columbus-Tupelo-West Point MS,2026,3,Mar,154,0,0,0,0,0,0.7300000000000002,2.14
Central Washington University,UG,UG,IP Targeting,Springfield MO,2026,3,Mar,151,1,0,0,0,0,0.65000000000000024,1.9300000000000002
Central Washington University,UG,UG,IP Targeting,Chico-Redding CA,2026,3,Mar,148,0,0,0,0,0,0.7300000000000002,2.1700000000000004
Central Washington University,UG + TRN,UG + TRN,Display,New Hampshire (State),2026,3,Mar,143,0,0,0,0,0,0.8,1.3600000000000003
Central Washington University,UG,UG,IP Targeting,Rapid City SD,2026,3,Mar,143,0,0,0,0,0,0.6100000000000001,1.8200000000000007
Central Washington University,UG,UG,IP Targeting,Casper-Riverton WY,2026,3,Mar,138,0,0,0,0,0,0.57000000000000006,1.71
Central Washington University,UG + TRN,UG + TRN,Display,Arkansas (State),2026,3,Mar,137,0,0,0,0,0,0.6100000000000001,1.0800000000000003
Central Washington University,UG,UG,IP Targeting,Greenville-New Bern-Washington N,2026,3,Mar,133,0,0,0,0,0,0.67000000000000015,2.0100000000000002
Central Washington University,UG,UG,IP Targeting,Springfield-Holyoke MA,2026,3,Mar,132,1,0,0,0,0,0.66000000000000014,1.9800000000000004
Central Washington University,UG,UG,IP Targeting,Corpus Christi TX,2026,3,Mar,128,4,0,0,0,0,0.53,1.5900000000000005
Central Washington University,UG,UG,IP Targeting,Paducah KY-Cape Girardeau MO-Har,2026,3,Mar,124,1,0,0,0,0,0.52,1.5600000000000005
Central Washington University,UG,UG,IP Targeting,Harlingen-Weslaco-Brownsville-Mc,2026,3,Mar,123,0,0,0,0,0,0.44000000000000006,1.3200000000000005
Central Washington University,UG,UG,IP Targeting,Beaumont-Port Arthur TX,2026,3,Mar,117,0,0,0,0,0,0.56000000000000016,1.6800000000000004
Central Washington University,UG,UG,IP Targeting,Charlottesville VA,2026,3,Mar,117,0,0,0,0,0,0.55,1.6300000000000003
Central Washington University,UG,UG,IP Targeting,Shreveport LA,2026,3,Mar,117,0,0,0,0,0,0.4800000000000002,1.4100000000000006
Central Washington University,UG,UG,IP Targeting,Columbus GA,2026,3,Mar,115,0,0,0,0,0,0.55000000000000016,1.6100000000000003
Central Washington University,UG,UG,IP Targeting,Jackson MS,2026,3,Mar,112,0,0,0,0,0,0.39000000000000012,1.1700000000000002
Central Washington University,UG,UG,IP Targeting,Alexandria LA,2026,3,Mar,107,0,0,0,0,0,0.35000000000000003,1.05
Central Washington University,UG,UG,IP Targeting,Elmira NY,2026,3,Mar,106,0,0,0,0,0,0.39000000000000012,1.1700000000000002
Central Washington University,UG,UG,IP Targeting,Augusta GA,2026,3,Mar,106,0,0,0,0,0,0.57000000000000006,1.7100000000000002
Central Washington University,UG,UG,IP Targeting,Great Falls MT,2026,3,Mar,103,0,0,0,0,0,0.4700000000000002,1.4100000000000006
Central Washington University,UG,UG,IP Targeting,Bluefield-Beckley-Oak Hill WV,2026,3,Mar,103,0,0,0,0,0,0.40000000000000013,1.2000000000000006
Central Washington University,UG,UG,IP Targeting,Columbia-Jefferson City MO,2026,3,Mar,103,0,0,0,0,0,0.52000000000000013,1.5500000000000003
Central Washington University,UG,UG,IP Targeting,Evansville IN,2026,3,Mar,102,0,0,0,0,0,0.41000000000000009,1.2200000000000004
Central Washington University,UG,UG,IP Targeting,Wausau-Rhinelander WI,2026,3,Mar,102,0,0,0,0,0,0.51000000000000012,1.5300000000000002
Central Washington University,UG,UG,IP Targeting,Charleston-Huntington WV,2026,3,Mar,100,0,0,0,0,0,0.4700000000000002,1.4100000000000004
Central Washington University,UG,UG,IP Targeting,Quincy IL-Hannibal MO-Keokuk IA,2026,3,Mar,94,0,0,0,0,0,0.41,1.22
Central Washington University,UG,UG,IP Targeting,Erie PA,2026,3,Mar,94,0,0,0,0,0,0.44,1.2900000000000005
Central Washington University,UG,UG,IP Targeting,Amarillo TX,2026,3,Mar,93,0,0,0,0,0,0.41000000000000003,1.2200000000000002
Central Washington University,UG,UG,IP Targeting,Lubbock TX,2026,3,Mar,92,0,0,0,0,0,0.45000000000000007,1.3200000000000005
Central Washington University,UG,UG,IP Targeting,Rockford IL,2026,3,Mar,87,1,0,0,0,0,0.32000000000000006,0.95000000000000018
Central Washington University,UG + TRN,UG + TRN,Display,Rhode Island (State),2026,3,Mar,84,0,0,0,0,0,0.25000000000000006,0.52000000000000024
Central Washington University,UG,UG,IP Targeting,Baton Rouge LA,2026,3,Mar,84,0,0,0,0,0,0.4200000000000001,1.2600000000000002
Central Washington University,UG,UG,IP Targeting,Lake Charles LA,2026,3,Mar,82,0,0,0,0,0,0.4,1.16
Central Washington University,UG,UG,IP Targeting,Dothan AL,2026,3,Mar,79,2,0,0,0,0,0.35000000000000003,1.05
Central Washington University,UG,UG,IP Targeting,Yuma AZ-El Centro CA,2026,3,Mar,76,0,0,0,0,0,0.38000000000000006,1.11
Central Washington University,UG,UG,IP Targeting,Fairbanks AK,2026,3,Mar,74,0,0,0,0,0,0.29000000000000004,0.87000000000000022
Central Washington University,UG,UG,IP Targeting,Binghamton NY,2026,3,Mar,65,0,0,0,0,0,0.32,0.95
Central Washington University,UG,UG,IP Targeting,Lafayette IN,2026,3,Mar,63,0,0,0,0,0,0.2,0.6
Central Washington University,UG,UG,IP Targeting,Watertown NY,2026,3,Mar,58,0,0,0,0,0,0.31000000000000005,0.92000000000000015
Central Washington University,UG,UG,IP Targeting,Utica NY,2026,3,Mar,57,0,0,0,0,0,0.28,0.84000000000000008
Central Washington University,UG,UG,IP Targeting,Odessa-Midland TX,2026,3,Mar,56,0,0,0,0,0,0.21000000000000002,0.63
Central Washington University,UG,UG,IP Targeting,Marquette MI,2026,3,Mar,53,0,0,0,0,0,0.22,0.65
Central Washington University,UG,UG,IP Targeting,Wichita Falls TX & Lawton OK,2026,3,Mar,52,0,0,0,0,0,0.26,0.78000000000000014
Central Washington University,UG,UG,IP Targeting,Jackson TN,2026,3,Mar,50,1,0,0,0,0,0.23000000000000004,0.69000000000000017
Central Washington University,UG,UG,IP Targeting,St. Joseph MO,2026,3,Mar,50,0,0,0,0,0,0.21000000000000002,0.63000000000000012
Central Washington University,UG + TRN,UG + TRN,Display,West Virginia (State),2026,3,Mar,48,0,0,0,0,0,0.2,0.38
Central Washington University,UG,UG,IP Targeting,San Angelo TX,2026,3,Mar,47,0,0,0,0,0,0.27,0.79
Central Washington University,UG,UG,IP Targeting,Bowling Green KY,2026,3,Mar,47,0,0,0,0,0,0.17,0.51
Central Washington University,UG,UG,IP Targeting,Clarksburg-Weston WV,2026,3,Mar,46,0,0,0,0,0,0.2,0.58
Central Washington University,UG,UG,IP Targeting,Sioux City IA,2026,3,Mar,43,0,0,0,0,0,0.19000000000000003,0.56
Central Washington University,UG,UG,IP Targeting,Montgomery (Selma) AL,2026,3,Mar,42,1,0,0,0,0,0.18000000000000005,0.54000000000000015
Central Washington University,UG,UG,IP Targeting,Mankato MN,2026,3,Mar,36,0,0,0,0,0,0.16,0.48000000000000004
Central Washington University,UG,UG,IP Targeting,Presque Isle ME,2026,3,Mar,25,0,0,0,0,0,0.11000000000000001,0.33
Central Washington University,UG,UG,IP Targeting,Hattiesburg-Laurel MS,2026,3,Mar,25,0,0,0,0,0,0.099999999999999992,0.30000000000000004
Central Washington University,UG,UG,IP Targeting,Wheeling WV-Steubenville OH,2026,3,Mar,24,0,0,0,0,0,0.12999999999999998,0.39000000000000007
Central Washington University,UG,UG,IP Targeting,Lafayette LA,2026,3,Mar,22,0,0,0,0,0,0.099999999999999992,0.30000000000000004
Central Washington University,UG,UG,IP Targeting,Glendive MT,2026,3,Mar,20,0,0,0,0,0,0.07,0.21
Central Washington University,UG,UG,IP Targeting,Monroe LA-El Dorado AR,2026,3,Mar,20,0,0,0,0,0,0.07,0.2
Central Washington University,UG,UG,IP Targeting,Ottumwa IA-Kirksville MO,2026,3,Mar,19,0,0,0,0,0,0.07,0.21
Central Washington University,UG,UG,IP Targeting,Harrisonburg VA,2026,3,Mar,17,0,0,0,0,0,0.06,0.18
Central Washington University,UG,UG,IP Targeting,Biloxi-Gulfport MS,2026,3,Mar,17,0,0,0,0,0,0.069999999999999993,0.21
Central Washington University,UG,UG,IP Targeting,Parkersburg WV,2026,3,Mar,11,0,0,0,0,0,0.060000000000000005,0.18
Central Washington University,UG,UG,IP Targeting,Lima OH,2026,3,Mar,10,0,0,0,0,0,0.05,0.15
Central Washington University,UG,UG,IP Targeting,Victoria TX,2026,3,Mar,9,0,0,0,0,0,0.05,0.15
Central Washington University,UG,UG,IP Targeting,Sherman TX-Ada OK,2026,3,Mar,6,0,0,0,0,0,0.02,0.06
Central Washington University,UG,UG,IP Targeting,Albany GA,2026,3,Mar,6,0,0,0,0,0,0.02,0.06
Central Washington University,UG,UG,IP Targeting,Abilene-Sweetwater TX,2026,3,Mar,5,0,0,0,0,0,0.01,0.03
Central Washington University,TRN,Transfer,Reddit,MI,2026,3,Mar,3,0,0,0,0,0,0,0
Central Washington University,TRN,Transfer,Reddit,CA,2026,3,Mar,1,0,0,0,0,0,0,0
Central Washington University,UG,UG,IP Targeting,Meridian MS,2026,3,Mar,1,0,0,0,0,0,0,0
Central Washington University,UG,UG,IP Targeting,Zanesville OH,2026,3,Mar,0,0,0,0,0,0,0,0
Central Washington University,UG,UG,IP Targeting,Yakima-Pasco-Richland-Kennewick WA,2026,3,Mar,0,0,0,1,0,1,0,0
Central Washington University,UG,UG,IP Targeting,North Platte NE,2026,3,Mar,0,0,0,0,0,0,0,0
Central Washington University,UG,UG,IP Targeting,Greenwood-Greenville MS,2026,3,Mar,0,0,0,0,0,0,0,0
Central Washington University,TRN,Transfer,Reddit,WA,2026,4,Apr,69369,465,0,0,0,0,756.43999999999994,1512.8799999999999
Central Washington University,TRN,Transfer,TikTok,,2026,4,Apr,57764,209,0,0,0,0,326.94,653.88
Central Washington University,TRN,Transfer,Reddit,OR,2026,4,Apr,22226,154,0,0,0,0,243.72,487.44
Central Washington University,UG + TRN,UG + TRN,Display,Washington (State),2026,4,Apr,15908,4,0,6,0,6,64.270000000000138,95.890000000000128
Central Washington University,UG,UG,IP Targeting,Seattle-Tacoma WA,2026,4,Apr,7379,17,0,1,0,1,33.829999999999934,97.000000000000114
Central Washington University,UG + TRN,UG + TRN,PPC,Washington,2026,4,Apr,2899,396,20,0,0,20,779.94,779.94
Central Washington University,UG,UG,IP Targeting,Portland OR,2026,4,Apr,1970,3,0,0,0,0,9.0099999999999874,25.92
Central Washington University,UG + TRN,UG + TRN,Display,California (State),2026,4,Apr,1211,0,0,0,0,0,4.4200000000000026,6.610000000000003
Central Washington University,UG,UG,IP Targeting,Los Angeles CA,2026,4,Apr,1165,5,0,0,0,0,5.1900000000000031,15.11
Central Washington University,UG,UG,IP Targeting,San Francisco-Oakland-San Jose C,2026,4,Apr,834,3,0,0,0,0,3.8900000000000019,11.249999999999998
Central Washington University,UG + TRN,UG + TRN,Display,Oregon (State),2026,4,Apr,815,0,0,1,0,1,2.9800000000000013,4.5200000000000014
Central Washington University,UG,UG,IP Targeting,Spokane WA,2026,4,Apr,791,4,0,0,0,0,3.5500000000000012,10.269999999999998
Central Washington University,UG,UG,IP Targeting,New York NY,2026,4,Apr,688,2,0,0,0,0,3.1200000000000019,9.2000000000000028
Central Washington University,TRN,Transfer,Reddit,ID,2026,4,Apr,674,6,0,0,0,0,9.8,19.6
Central Washington University,UG + TRN,UG + TRN,Display,Texas (State),2026,4,Apr,517,0,0,0,0,0,2.2100000000000009,3.3100000000000018
Central Washington University,UG,UG,IP Targeting,Sacramento-Stockton-Modesto CA,2026,4,Apr,434,0,0,0,0,0,1.9900000000000009,5.7800000000000029
Central Washington University,UG,UG,IP Targeting,Boston MA-Manchester NH,2026,4,Apr,403,2,0,0,0,0,1.9200000000000008,5.6600000000000037
Central Washington University,UG,UG,IP Targeting,Washington DC (Hagerstown MD),2026,4,Apr,374,1,0,0,0,0,1.8100000000000009,5.2900000000000027
Central Washington University,UG,UG,IP Targeting,Minneapolis-St. Paul MN,2026,4,Apr,347,1,0,0,0,0,1.57,4.6000000000000014
Central Washington University,UG,UG,IP Targeting,Denver CO,2026,4,Apr,322,2,0,0,0,0,1.4600000000000004,4.2300000000000013
Central Washington University,UG,UG,IP Targeting,Phoenix AZ,2026,4,Apr,319,0,0,0,0,0,1.4400000000000002,4.16
Central Washington University,UG,UG,IP Targeting,Eugene OR,2026,4,Apr,311,1,0,0,0,0,1.37,3.9500000000000011
Central Washington University,UG,UG,IP Targeting,Chicago IL,2026,4,Apr,308,3,0,0,0,0,1.4800000000000002,4.3500000000000023
Central Washington University,UG,UG,IP Targeting,Philadelphia PA,2026,4,Apr,298,4,0,0,0,0,1.3599999999999999,4.0300000000000011
Central Washington University,UG + TRN,UG + TRN,Display,Florida (State),2026,4,Apr,288,0,0,0,0,0,1.4600000000000002,2.24
Central Washington University,UG,UG,IP Targeting,Yakima-Pasco-Richland-Kennewick ,2026,4,Apr,282,0,0,0,0,0,1.3000000000000003,3.7700000000000014
Central Washington University,UG,UG,IP Targeting,Dallas-Ft. Worth TX,2026,4,Apr,267,1,0,0,0,0,1.3100000000000005,3.8600000000000017
Central Washington University,UG,UG,IP Targeting,Honolulu HI,2026,4,Apr,259,3,0,0,0,0,1.1600000000000001,3.37
Central Washington University,UG + TRN,UG + TRN,Display,Arizona (State),2026,4,Apr,255,0,0,0,0,0,0.92000000000000015,1.38
Central Washington University,UG + TRN,UG + TRN,Display,Idaho (State),2026,4,Apr,242,0,0,0,0,0,1.1,1.68
Central Washington University,UG,UG,IP Targeting,Houston TX,2026,4,Apr,217,1,0,0,0,0,0.98,2.85
Central Washington University,UG,UG,IP Targeting,Raleigh-Durham (Fayetteville) NC,2026,4,Apr,217,0,0,0,0,0,1,2.92
Central Washington University,UG,UG,IP Targeting,Anchorage AK,2026,4,Apr,216,3,0,0,0,0,0.95000000000000007,2.74
Central Washington University,UG + TRN,UG + TRN,Display,Colorado (State),2026,4,Apr,200,0,0,0,0,0,0.92,1.32
Central Washington University,UG,UG,IP Targeting,Boise ID,2026,4,Apr,182,1,0,0,0,0,0.87000000000000011,2.5300000000000002
Central Washington University,UG + TRN,UG + TRN,Display,New York (State),2026,4,Apr,174,0,0,0,0,0,0.72,1.08
Central Washington University,UG,UG,IP Targeting,San Diego CA,2026,4,Apr,173,1,0,0,0,0,0.83000000000000007,2.41
Central Washington University,UG,UG,IP Targeting,Las Vegas NV,2026,4,Apr,165,0,0,0,0,0,0.75,2.15
Central Washington University,UG,UG,IP Targeting,Hartford & New Haven CT,2026,4,Apr,156,3,0,0,0,0,0.74,2.1900000000000004
Central Washington University,UG + TRN,UG + TRN,Display,Illinois (State),2026,4,Apr,156,0,0,1,0,1,0.76,1.1400000000000001
Central Washington University,UG,UG,IP Targeting,Atlanta GA,2026,4,Apr,156,0,0,0,0,0,0.78999999999999981,2.34
Central Washington University,UG,UG,IP Targeting,Salt Lake City UT,2026,4,Apr,151,1,0,0,0,0,0.65000000000000013,1.9
Central Washington University,UG,UG,IP Targeting,Cleveland-Akron (Canton) OH,2026,4,Apr,150,0,0,0,0,0,0.67999999999999983,2.0100000000000002
Central Washington University,UG,UG,IP Targeting,Tampa-St. Petersburg (Sarasota) ,2026,4,Apr,147,0,0,0,0,0,0.73999999999999988,2.18
Central Washington University,UG + TRN,UG + TRN,Display,Massachusetts (State),2026,4,Apr,147,0,0,0,0,0,0.52,0.76
Central Washington University,UG + TRN,UG + TRN,Display,Ohio (State),2026,4,Apr,146,0,0,0,0,0,0.49000000000000005,0.76
Central Washington University,UG,UG,IP Targeting,Austin TX,2026,4,Apr,140,1,0,0,0,0,0.64,1.8600000000000003
Central Washington University,UG,UG,IP Targeting,Baltimore MD,2026,4,Apr,135,1,0,0,0,0,0.58,1.74
Central Washington University,UG,UG,IP Targeting,Orlando-Daytona Beach-Melbourne ,2026,4,Apr,134,0,0,0,0,0,0.65,1.9100000000000001
Central Washington University,UG,UG,IP Targeting,Miami-Ft. Lauderdale FL,2026,4,Apr,133,3,0,0,0,0,0.57000000000000006,1.6400000000000001
Central Washington University,UG,UG,IP Targeting,Kansas City MO,2026,4,Apr,132,0,0,0,0,0,0.62000000000000011,1.8100000000000003
Central Washington University,UG,UG,IP Targeting,Medford-Klamath Falls OR,2026,4,Apr,130,0,0,0,0,0,0.62999999999999989,1.83
Central Washington University,UG,UG,IP Targeting,Detroit MI,2026,4,Apr,123,0,0,0,0,0,0.61,1.8
Central Washington University,UG + TRN,UG + TRN,Display,Michigan (State),2026,4,Apr,121,0,0,1,0,1,0.51,0.77
Central Washington University,UG,UG,IP Targeting,West Palm Beach-Ft. Pierce FL,2026,4,Apr,119,0,0,0,0,0,0.57000000000000006,1.6600000000000001
Central Washington University,UG + TRN,UG + TRN,Display,North Carolina (State),2026,4,Apr,119,0,0,0,0,0,0.55999999999999994,0.82000000000000006
Central Washington University,UG + TRN,UG + TRN,Display,Hawaii (State),2026,4,Apr,118,0,0,0,0,0,0.33999999999999997,0.5
Central Washington University,UG + TRN,UG + TRN,Display,Georgia (State),2026,4,Apr,118,0,0,0,0,0,0.44999999999999996,0.67000000000000015
Central Washington University,UG,UG,IP Targeting,Nashville TN,2026,4,Apr,113,0,0,0,0,0,0.58,1.69
Central Washington University,UG,UG,IP Targeting,Reno NV,2026,4,Apr,112,0,0,0,0,0,0.49,1.4100000000000001
Central Washington University,UG + TRN,UG + TRN,Display,New Jersey (State),2026,4,Apr,112,0,0,0,0,0,0.49999999999999994,0.8
Central Washington University,UG + TRN,UG + TRN,Display,Nevada (State),2026,4,Apr,108,0,0,0,0,0,0.41000000000000003,0.62999999999999989
Central Washington University,UG + TRN,UG + TRN,Display,Virginia (State),2026,4,Apr,105,0,0,0,0,0,0.49000000000000005,0.74
Central Washington University,UG,UG,IP Targeting,Cincinnati OH,2026,4,Apr,103,0,0,0,0,0,0.46,1.34
Central Washington University,UG,UG,IP Targeting,Ft. Myers-Naples FL,2026,4,Apr,102,2,0,0,0,0,0.52,1.5
Central Washington University,UG,UG,IP Targeting,St. Louis MO,2026,4,Apr,94,1,0,0,0,0,0.39,1.14
Central Washington University,UG + TRN,UG + TRN,Display,Minnesota (State),2026,4,Apr,93,0,0,0,0,0,0.38,0.58000000000000007
Central Washington University,UG,UG,IP Targeting,Palm Springs CA,2026,4,Apr,90,0,0,0,0,0,0.39,1.15
Central Washington University,UG + TRN,UG + TRN,Display,Tennessee (State),2026,4,Apr,89,0,0,0,0,0,0.35000000000000003,0.54
Central Washington University,UG + TRN,UG + TRN,Display,Wisconsin (State),2026,4,Apr,89,0,0,0,0,0,0.34,0.49000000000000005
Central Washington University,UG,UG,IP Targeting,Greensboro-High Point-Winston Sa,2026,4,Apr,87,0,0,0,0,0,0.37,1.07
Central Washington University,UG,UG,IP Targeting,Columbus OH,2026,4,Apr,84,0,0,0,0,0,0.41000000000000003,1.19
Central Washington University,UG,UG,IP Targeting,Des Moines-Ames IA,2026,4,Apr,84,0,0,0,0,0,0.44000000000000006,1.2999999999999998
Central Washington University,UG,UG,IP Targeting,Milwaukee WI,2026,4,Apr,80,0,0,0,0,0,0.30000000000000004,0.9
Central Washington University,UG,UG,IP Targeting,Grand Rapids-Kalamazoo-Battle Cr,2026,4,Apr,79,1,0,0,0,0,0.35000000000000003,1.03
Central Washington University,UG + TRN,UG + TRN,PPC,Oregon,2026,4,Apr,79,3,0,0,0,0,11.75,11.75
Central Washington University,UG,UG,IP Targeting,Wilkes Barre-Scranton PA,2026,4,Apr,78,0,0,0,0,0,0.38,1.1099999999999999
Central Washington University,UG,UG,IP Targeting,Tucson (Sierra Vista) AZ,2026,4,Apr,77,0,0,0,0,0,0.33,0.96000000000000008
Central Washington University,UG,UG,IP Targeting,Bend OR,2026,4,Apr,75,0,0,0,0,0,0.37,1.08
Central Washington University,UG,UG,IP Targeting,Rochester NY,2026,4,Apr,72,0,0,0,0,0,0.33999999999999997,0.99
Central Washington University,UG,UG,IP Targeting,Indianapolis IN,2026,4,Apr,69,0,0,0,0,0,0.28,0.84000000000000008
Central Washington University,UG,UG,IP Targeting,Champaign & Springfield-Decatur ,2026,4,Apr,69,0,0,0,0,0,0.28,0.84000000000000008
Central Washington University,UG,UG,IP Targeting,Charlotte NC,2026,4,Apr,66,0,0,0,0,0,0.37,1.0899999999999999
Central Washington University,UG,UG,IP Targeting,Jacksonville FL,2026,4,Apr,65,0,0,0,0,0,0.35,1.02
Central Washington University,UG + TRN,UG + TRN,Display,Pennsylvania (State),2026,4,Apr,65,0,0,0,0,0,0.26,0.37
Central Washington University,UG + TRN,UG + TRN,Display,Maryland (State),2026,4,Apr,63,0,0,0,0,0,0.26,0.39
Central Washington University,UG,UG,IP Targeting,NA,2026,4,Apr,62,0,0,0,0,0,0.29000000000000004,0.84
Central Washington University,UG + TRN,UG + TRN,Display,Indiana (State),2026,4,Apr,62,0,0,0,0,0,0.15000000000000002,0.23
Central Washington University,UG,UG,IP Targeting,Providence RI-New Bedford MA,2026,4,Apr,62,0,0,0,0,0,0.3,0.89
Central Washington University,UG,UG,IP Targeting,Knoxville TN,2026,4,Apr,61,0,0,0,0,0,0.30000000000000004,0.8899999999999999
Central Washington University,UG,UG,IP Targeting,Missoula MT,2026,4,Apr,61,0,0,0,0,0,0.27,0.79
Central Washington University,UG,UG,IP Targeting,Oklahoma City OK,2026,4,Apr,58,0,0,0,0,0,0.26,0.77
Central Washington University,UG,UG,IP Targeting,Mobile AL-Pensacola (Ft. Walton ,2026,4,Apr,57,0,0,0,0,0,0.24,0.72
Central Washington University,UG,UG,IP Targeting,Syracuse NY,2026,4,Apr,57,0,0,0,0,0,0.26,0.77
Central Washington University,UG,UG,IP Targeting,Greenville-Spartanburg SC-Ashevi,2026,4,Apr,56,1,0,0,0,0,0.24000000000000002,0.72
Central Washington University,UG,UG,IP Targeting,Buffalo NY,2026,4,Apr,56,0,0,0,0,0,0.26,0.78
Central Washington University,UG,UG,IP Targeting,Madison WI,2026,4,Apr,56,0,0,0,0,0,0.27,0.78999999999999992
Central Washington University,UG,UG,IP Targeting,Billings MT,2026,4,Apr,55,0,0,0,0,0,0.21000000000000002,0.60000000000000009
Central Washington University,UG,UG,IP Targeting,Joplin MO-Pittsburg KS,2026,4,Apr,55,0,0,0,0,0,0.30000000000000004,0.87000000000000011
Central Washington University,UG + TRN,UG + TRN,Display,Utah (State),2026,4,Apr,54,0,0,0,0,0,0.16,0.23
Central Washington University,UG,UG,IP Targeting,Harrisburg-Lancaster-Lebanon-Yor,2026,4,Apr,52,1,0,0,0,0,0.2,0.59000000000000008
Central Washington University,UG,UG,IP Targeting,Charleston SC,2026,4,Apr,52,0,0,0,0,0,0.25,0.73
Central Washington University,UG,UG,IP Targeting,Norfolk-Portsmouth-Newport News ,2026,4,Apr,51,0,0,0,0,0,0.23000000000000004,0.66999999999999993
Central Washington University,UG,UG,IP Targeting,Richmond-Petersburg VA,2026,4,Apr,51,0,0,0,0,0,0.23,0.69000000000000006
Central Washington University,UG,UG,IP Targeting,Cedar Rapids-Waterloo-Iowa City ,2026,4,Apr,50,0,0,0,0,0,0.22000000000000003,0.65
Central Washington University,UG + TRN,UG + TRN,Display,Alaska (State),2026,4,Apr,50,0,0,0,0,0,0.23,0.33999999999999997
Central Washington University,UG,UG,IP Targeting,Pittsburgh PA,2026,4,Apr,49,1,0,0,0,0,0.25,0.74
Central Washington University,UG + TRN,UG + TRN,Display,Kentucky (State),2026,4,Apr,48,0,0,0,0,0,0.22,0.31000000000000005
Central Washington University,UG + TRN,UG + TRN,Display,Kansas (State),2026,4,Apr,48,0,0,0,0,0,0.21,0.32
Central Washington University,UG + TRN,UG + TRN,Display,Missouri (State),2026,4,Apr,47,0,0,0,0,0,0.23,0.37000000000000005
Central Washington University,UG,UG,IP Targeting,Birmingham AL,2026,4,Apr,47,0,0,0,0,0,0.17,0.5
Central Washington University,UG,UG,IP Targeting,Minot-Bismarck-Dickinson(Willist,2026,4,Apr,47,1,0,0,0,0,0.23,0.67
Central Washington University,UG,UG,IP Targeting,Fresno-Visalia CA,2026,4,Apr,47,0,0,0,0,0,0.18,0.53
Central Washington University,UG,UG,IP Targeting,Portland-Auburn ME,2026,4,Apr,46,0,0,0,0,0,0.21000000000000002,0.63
Central Washington University,UG,UG,IP Targeting,Albany-Schenectady-Troy NY,2026,4,Apr,46,0,0,0,0,0,0.19,0.57
Central Washington University,UG,UG,IP Targeting,Duluth MN-Superior WI,2026,4,Apr,45,0,0,0,0,0,0.21000000000000002,0.62
Central Washington University,UG + TRN,UG + TRN,Display,South Carolina (State),2026,4,Apr,45,0,0,0,0,0,0.14,0.19
Central Washington University,UG + TRN,UG + TRN,Display,Oklahoma (State),2026,4,Apr,45,0,0,0,0,0,0.15000000000000002,0.22000000000000003
Central Washington University,UG,UG,IP Targeting,Lexington KY,2026,4,Apr,44,0,0,0,0,0,0.21999999999999997,0.64
Central Washington University,UG,UG,IP Targeting,Tulsa OK,2026,4,Apr,43,0,0,0,0,0,0.18,0.52
Central Washington University,UG,UG,IP Targeting,Albuquerque-Santa Fe NM,2026,4,Apr,42,0,0,0,0,0,0.2,0.59
Central Washington University,UG,UG,IP Targeting,Green Bay-Appleton WI,2026,4,Apr,42,0,0,0,0,0,0.18,0.53
Central Washington University,UG,UG,IP Targeting,Santa Barbara-Santa Maria-San Lu,2026,4,Apr,42,0,0,0,0,0,0.21,0.63
Central Washington University,UG,UG,IP Targeting,San Antonio TX,2026,4,Apr,42,0,0,0,0,0,0.21000000000000002,0.61999999999999988
Central Washington University,UG + TRN,UG + TRN,Display,Maine (State),2026,4,Apr,41,0,0,0,0,0,0.12000000000000001,0.2
Central Washington University,UG + TRN,UG + TRN,Display,Connecticut (State),2026,4,Apr,38,0,0,0,0,0,0.15000000000000002,0.25
Central Washington University,UG + TRN,UG + TRN,Display,Montana (State),2026,4,Apr,38,0,0,0,0,0,0.21,0.29
Central Washington University,UG,UG,IP Targeting,Colorado Springs-Pueblo CO,2026,4,Apr,37,0,0,0,0,0,0.17999999999999997,0.53
Central Washington University,UG,UG,IP Targeting,Paducah KY-Cape Girardeau MO-Har,2026,4,Apr,37,0,0,0,0,0,0.15000000000000002,0.44
Central Washington University,UG,UG,IP Targeting,Wichita-Hutchinson KS,2026,4,Apr,36,0,0,0,0,0,0.16999999999999998,0.49999999999999994
Central Washington University,UG,UG,IP Targeting,Wilmington NC,2026,4,Apr,36,0,0,0,0,0,0.18999999999999997,0.56
Central Washington University,UG,UG,IP Targeting,Panama City FL,2026,4,Apr,36,2,0,0,0,0,0.16000000000000003,0.45
Central Washington University,UG,UG,IP Targeting,Louisville KY,2026,4,Apr,35,0,0,0,0,0,0.19,0.55
Central Washington University,UG,UG,IP Targeting,Tyler-Longview(Lufkin & Nacogdoc,2026,4,Apr,34,0,0,0,0,0,0.17,0.51
Central Washington University,UG,UG,IP Targeting,Idaho Falls-Pocatello ID,2026,4,Apr,34,0,0,0,0,0,0.14,0.41000000000000003
Central Washington University,UG + TRN,UG + TRN,Display,New Mexico (State),2026,4,Apr,34,0,0,0,0,0,0.13999999999999999,0.26
Central Washington University,UG,UG,IP Targeting,Lincoln & Hastings-Kearney NE,2026,4,Apr,34,0,0,0,0,0,0.16,0.48
Central Washington University,UG + TRN,UG + TRN,Display,Delaware (State),2026,4,Apr,31,0,0,0,0,0,0.09,0.13
Central Washington University,UG,UG,IP Targeting,Topeka KS,2026,4,Apr,31,0,0,0,0,0,0.15,0.45
Central Washington University,UG + TRN,UG + TRN,Display,Alabama (State),2026,4,Apr,30,0,0,0,0,0,0.10999999999999999,0.16999999999999998
Central Washington University,UG,UG,IP Targeting,Monterey-Salinas CA,2026,4,Apr,29,0,0,0,0,0,0.16000000000000003,0.48
Central Washington University,UG,UG,IP Targeting,New Orleans LA,2026,4,Apr,29,1,0,0,0,0,0.17,0.5
Central Washington University,UG,UG,IP Targeting,Chattanooga TN,2026,4,Apr,28,0,0,0,0,0,0.16,0.48
Central Washington University,UG,UG,IP Targeting,Springfield-Holyoke MA,2026,4,Apr,28,0,0,0,0,0,0.11000000000000001,0.32
Central Washington University,UG,UG,IP Targeting,Wausau-Rhinelander WI,2026,4,Apr,28,0,0,0,0,0,0.12000000000000001,0.35000000000000003
Central Washington University,UG,UG,IP Targeting,Toledo OH,2026,4,Apr,28,0,0,0,0,0,0.11,0.32999999999999996
Central Washington University,UG,UG,IP Targeting,Harlingen-Weslaco-Brownsville-Mc,2026,4,Apr,28,0,0,0,0,0,0.1,0.3
Central Washington University,UG,UG,IP Targeting,Savannah GA,2026,4,Apr,27,0,0,0,0,0,0.13,0.38999999999999996
Central Washington University,UG + TRN,UG + TRN,Display,Vermont (State),2026,4,Apr,27,0,0,0,0,0,0.07,0.13
Central Washington University,UG,UG,IP Targeting,Salisbury MD,2026,4,Apr,27,1,0,0,0,0,0.15000000000000002,0.43999999999999995
Central Washington University,UG,UG,IP Targeting,Waco-Temple-Bryan TX,2026,4,Apr,26,0,0,0,0,0,0.1,0.3
Central Washington University,UG,UG,IP Targeting,Dayton OH,2026,4,Apr,26,0,0,0,0,0,0.15000000000000002,0.44999999999999996
Central Washington University,UG,UG,IP Targeting,Fairbanks AK,2026,4,Apr,25,0,0,0,0,0,0.13,0.39
Central Washington University,UG,UG,IP Targeting,Tri-Cities TN-VA,2026,4,Apr,25,1,0,0,0,0,0.12000000000000001,0.36
Central Washington University,UG,UG,IP Targeting,Sioux Falls(Mitchell) SD,2026,4,Apr,25,0,0,0,0,0,0.08,0.24
Central Washington University,UG + TRN,UG + TRN,Display,Wyoming (State),2026,4,Apr,25,0,0,0,0,0,0.15,0.21000000000000002
Central Washington University,UG,UG,IP Targeting,Butte-Bozeman MT,2026,4,Apr,24,0,0,0,0,0,0.11,0.30999999999999994
Central Washington University,UG,UG,IP Targeting,Ft. Wayne IN,2026,4,Apr,24,0,0,0,0,0,0.09,0.27
Central Washington University,UG,UG,IP Targeting,Huntsville-Decatur (Florence) AL,2026,4,Apr,24,0,0,0,0,0,0.1,0.3
Central Washington University,UG,UG,IP Targeting,Evansville IN,2026,4,Apr,24,0,0,0,0,0,0.08,0.24
Central Washington University,UG,UG,IP Targeting,Juneau AK,2026,4,Apr,23,0,0,0,0,0,0.09,0.26
Central Washington University,UG,UG,IP Targeting,Greenville-New Bern-Washington N,2026,4,Apr,23,1,0,0,0,0,0.13,0.39
Central Washington University,UG,UG,IP Targeting,Eureka CA,2026,4,Apr,23,0,0,0,0,0,0.1,0.3
Central Washington University,UG + TRN,UG + TRN,Display,District of Columbia (State),2026,4,Apr,23,0,0,0,0,0,0.08,0.11
Central Washington University,UG + TRN,UG + TRN,Display,South Dakota (State),2026,4,Apr,23,0,0,0,0,0,0.05,0.07
Central Washington University,UG,UG,IP Targeting,Cheyenne WY-Scottsbluff NE,2026,4,Apr,23,0,0,0,0,0,0.09,0.26
Central Washington University,UG + TRN,UG + TRN,Display,Arkansas (State),2026,4,Apr,23,0,0,0,0,0,0.13,0.19
Central Washington University,UG,UG,IP Targeting,Davenport IA-Rock Island-Moline ,2026,4,Apr,23,0,0,0,0,0,0.08,0.24
Central Washington University,UG,UG,IP Targeting,Tallahassee FL-Thomasville GA,2026,4,Apr,22,0,0,0,0,0,0.1,0.29000000000000004
Central Washington University,UG + TRN,UG + TRN,Display,Nebraska (State),2026,4,Apr,22,0,0,0,0,0,0.07,0.13
Central Washington University,UG,UG,IP Targeting,Rochester MN-Mason City IA-Austi,2026,4,Apr,22,0,0,0,0,0,0.11,0.32999999999999996
Central Washington University,UG,UG,IP Targeting,La Crosse-Eau Claire WI,2026,4,Apr,21,0,0,0,0,0,0.07,0.21
Central Washington University,UG,UG,IP Targeting,Charlottesville VA,2026,4,Apr,21,0,0,0,0,0,0.1,0.29
Central Washington University,UG,UG,IP Targeting,Helena MT,2026,4,Apr,19,0,0,0,0,0,0.06,0.18
Central Washington University,UG,UG,IP Targeting,Yuma AZ-El Centro CA,2026,4,Apr,19,0,0,0,0,0,0.08,0.23
Central Washington University,UG,UG,IP Targeting,Flint-Saginaw-Bay City MI,2026,4,Apr,19,0,0,0,0,0,0.09,0.26
Central Washington University,UG,UG,IP Targeting,Omaha NE,2026,4,Apr,19,1,0,0,0,0,0.1,0.3
Central Washington University,UG,UG,IP Targeting,Glendive MT,2026,4,Apr,19,0,0,0,0,0,0.09,0.27
Central Washington University,UG,UG,IP Targeting,Lafayette IN,2026,4,Apr,19,0,0,0,0,0,0.09,0.26
Central Washington University,UG,UG,IP Targeting,Johnstown-Altoona PA,2026,4,Apr,18,0,0,0,0,0,0.09,0.27
Central Washington University,UG,UG,IP Targeting,Little Rock-Pine Bluff AR,2026,4,Apr,18,0,0,0,0,0,0.08,0.24
Central Washington University,UG,UG,IP Targeting,Terre Haute IN,2026,4,Apr,18,0,0,0,0,0,0.08,0.24
Central Washington University,UG,UG,IP Targeting,Lansing MI,2026,4,Apr,18,0,0,0,0,0,0.08,0.24
Central Washington University,UG,UG,IP Targeting,El Paso TX,2026,4,Apr,17,0,0,0,0,0,0.099999999999999992,0.29000000000000004
Central Washington University,UG,UG,IP Targeting,Bakersfield CA,2026,4,Apr,17,0,0,0,0,0,0.08,0.22999999999999998
Central Washington University,UG,UG,IP Targeting,Macon GA,2026,4,Apr,17,0,0,0,0,0,0.07,0.21
Central Washington University,UG,UG,IP Targeting,Grand Junction-Montrose CO,2026,4,Apr,17,0,0,0,0,0,0.060000000000000005,0.18
Central Washington University,UG,UG,IP Targeting,Youngstown OH,2026,4,Apr,16,0,0,0,0,0,0.08,0.24
Central Washington University,UG,UG,IP Targeting,Roanoke-Lynchburg VA,2026,4,Apr,15,0,0,0,0,0,0.08,0.24
Central Washington University,UG,UG,IP Targeting,Bangor ME,2026,4,Apr,15,0,0,0,0,0,0.05,0.15
Central Washington University,UG + TRN,UG + TRN,Display,North Dakota (State),2026,4,Apr,15,0,0,0,0,0,0.05,0.08
Central Washington University,UG + TRN,UG + TRN,Display,Mississippi (State),2026,4,Apr,15,0,0,0,0,0,0.04,0.06
Central Washington University,UG + TRN,UG + TRN,Display,Louisiana (State),2026,4,Apr,15,0,0,0,0,0,0.07,0.1
Central Washington University,UG,UG,IP Targeting,Great Falls MT,2026,4,Apr,14,0,0,0,0,0,0.07,0.21
Central Washington University,UG,UG,IP Targeting,Casper-Riverton WY,2026,4,Apr,14,0,0,0,0,0,0.07,0.21
Central Washington University,UG,UG,IP Targeting,South Bend-Elkhart IN,2026,4,Apr,14,1,0,0,0,0,0.05,0.15
Central Washington University,UG + TRN,UG + TRN,Display,Iowa (State),2026,4,Apr,13,0,0,0,0,0,0.05,0.06
Central Washington University,UG + TRN,UG + TRN,Display,New Hampshire (State),2026,4,Apr,13,0,0,0,0,0,0.05,0.06
Central Washington University,UG,UG,IP Targeting,Columbia-Jefferson City MO,2026,4,Apr,13,0,0,0,0,0,0.04,0.11
Central Washington University,UG,UG,IP Targeting,Burlington VT-Plattsburgh NY,2026,4,Apr,13,0,0,0,0,0,0.05,0.15
Central Washington University,UG,UG,IP Targeting,Odessa-Midland TX,2026,4,Apr,12,0,0,0,0,0,0.06,0.18
Central Washington University,UG,UG,IP Targeting,Chico-Redding CA,2026,4,Apr,12,0,0,0,0,0,0.04,0.12
Central Washington University,UG,UG,IP Targeting,Traverse City-Cadillac MI,2026,4,Apr,12,0,0,0,0,0,0.06,0.18
Central Washington University,UG,UG,IP Targeting,Peoria-Bloomington IL,2026,4,Apr,12,0,0,0,0,0,0.06,0.18
Central Washington University,UG,UG,IP Targeting,Fargo-Valley City ND,2026,4,Apr,12,0,0,0,0,0,0.05,0.15
Central Washington University,UG,UG,IP Targeting,Springfield MO,2026,4,Apr,11,0,0,0,0,0,0.060000000000000005,0.18
Central Washington University,UG,UG,IP Targeting,Charleston-Huntington WV,2026,4,Apr,11,0,0,0,0,0,0.04,0.12
Central Washington University,UG,UG,IP Targeting,Jackson MS,2026,4,Apr,10,0,0,0,0,0,0.04,0.12
Central Washington University,UG,UG,IP Targeting,Gainesville FL,2026,4,Apr,10,0,0,0,0,0,0.05,0.15
Central Washington University,UG,UG,IP Targeting,Erie PA,2026,4,Apr,10,0,0,0,0,0,0.05,0.15
Central Washington University,UG,UG,IP Targeting,Columbus-Tupelo-West Point MS,2026,4,Apr,9,0,0,0,0,0,0.06,0.18
Central Washington University,UG,UG,IP Targeting,Columbus GA,2026,4,Apr,9,0,0,0,0,0,0.060000000000000005,0.17
Central Washington University,UG + TRN,UG + TRN,PPC,Idaho,2026,4,Apr,8,1,0,0,0,0,0.24,0.24
Central Washington University,UG,UG,IP Targeting,Mankato MN,2026,4,Apr,8,0,0,0,0,0,0.05,0.15
Central Washington University,UG,UG,IP Targeting,Hattiesburg-Laurel MS,2026,4,Apr,8,0,0,0,0,0,0.05,0.15
Central Washington University,UG,UG,IP Targeting,Alexandria LA,2026,4,Apr,8,0,0,0,0,0,0.03,0.09
Central Washington University,UG,UG,IP Targeting,Montgomery (Selma) AL,2026,4,Apr,8,0,0,0,0,0,0.03,0.09
Central Washington University,UG,UG,IP Targeting,Columbia SC,2026,4,Apr,8,0,0,0,0,0,0.04,0.12
Central Washington University,UG,UG,IP Targeting,Baton Rouge LA,2026,4,Apr,7,0,0,0,0,0,0.04,0.12
Central Washington University,UG,UG,IP Targeting,Twin Falls ID,2026,4,Apr,7,0,0,0,0,0,0.03,0.09
Central Washington University,UG,UG,IP Targeting,Jonesboro AR,2026,4,Apr,7,1,0,0,0,0,0.03,0.09
Central Washington University,UG,UG,IP Targeting,Lubbock TX,2026,4,Apr,6,0,0,0,0,0,0.03,0.09
Central Washington University,UG,UG,IP Targeting,Wheeling WV-Steubenville OH,2026,4,Apr,6,0,0,0,0,0,0.02,0.06
Central Washington University,UG,UG,IP Targeting,Unknown,2026,4,Apr,6,0,0,0,0,0,0.03,0.09
Central Washington University,UG + TRN,UG + TRN,Display,West Virginia (State),2026,4,Apr,6,0,0,0,0,0,0.06,0.09
Central Washington University,UG,UG,IP Targeting,Shreveport LA,2026,4,Apr,6,0,0,0,0,0,0.05,0.15
Central Washington University,UG,UG,IP Targeting,Corpus Christi TX,2026,4,Apr,6,0,0,0,0,0,0.03,0.09
Central Washington University,UG,UG,IP Targeting,Memphis TN,2026,4,Apr,5,0,0,0,0,0,0.01,0.03
Central Washington University,UG,UG,IP Targeting,Rapid City SD,2026,4,Apr,5,0,0,0,0,0,0.04,0.12
Central Washington University,UG,UG,IP Targeting,Ottumwa IA-Kirksville MO,2026,4,Apr,5,0,0,0,0,0,0.02,0.06
Central Washington University,UG,UG,IP Targeting,Florence-Myrtle Beach SC,2026,4,Apr,5,0,0,0,0,0,0.04,0.12
Central Washington University,UG,UG,IP Targeting,Beaumont-Port Arthur TX,2026,4,Apr,4,0,0,0,0,0,0.02,0.06
Central Washington University,UG,UG,IP Targeting,Ft. Smith-Fayetteville-Springdal,2026,4,Apr,4,0,0,0,0,0,0.03,0.09
Central Washington University,UG,UG,IP Targeting,Augusta GA,2026,4,Apr,4,0,0,0,0,0,0.03,0.09
Central Washington University,UG,UG,IP Targeting,Quincy IL-Hannibal MO-Keokuk IA,2026,4,Apr,4,0,0,0,0,0,0.02,0.06
Central Washington University,UG,UG,IP Targeting,Rockford IL,2026,4,Apr,4,0,0,0,0,0,0.02,0.06
Central Washington University,UG,UG,IP Targeting,Utica NY,2026,4,Apr,3,0,0,0,0,0,0.01,0.03
Central Washington University,UG,UG,IP Targeting,Bluefield-Beckley-Oak Hill WV,2026,4,Apr,3,0,0,0,0,0,0.02,0.06
Central Washington University,UG,UG,IP Targeting,Albany GA,2026,4,Apr,3,0,0,0,0,0,0.02,0.06
Central Washington University,UG,UG,IP Targeting,Lafayette LA,2026,4,Apr,3,0,0,0,0,0,0.01,0.03
Central Washington University,UG,UG,IP Targeting,Jackson TN,2026,4,Apr,3,0,0,0,0,0,0.01,0.03
Central Washington University,UG,UG,IP Targeting,Marquette MI,2026,4,Apr,3,0,0,0,0,0,0,0
Central Washington University,UG,UG,IP Targeting,Harrisonburg VA,2026,4,Apr,2,0,0,0,0,0,0.01,0.03
Central Washington University,UG + TRN,UG + TRN,Display,Rhode Island (State),2026,4,Apr,2,0,0,0,0,0,0.01,0.02
Central Washington University,UG,UG,IP Targeting,Clarksburg-Weston WV,2026,4,Apr,2,0,0,0,0,0,0.01,0.03
Central Washington University,UG,UG,IP Targeting,Presque Isle ME,2026,4,Apr,2,0,0,0,0,0,0.02,0.06
Central Washington University,UG,UG,IP Targeting,Dothan AL,2026,4,Apr,2,0,0,0,0,0,0,0
Central Washington University,UG,UG,IP Targeting,Watertown NY,2026,4,Apr,2,0,0,0,0,0,0.01,0.03
Central Washington University,UG,UG,IP Targeting,Amarillo TX,2026,4,Apr,2,0,0,0,0,0,0.01,0.03
Central Washington University,UG,UG,IP Targeting,Wichita Falls TX & Lawton OK,2026,4,Apr,2,0,0,0,0,0,0.01,0.03
Central Washington University,UG,UG,IP Targeting,Parkersburg WV,2026,4,Apr,2,0,0,0,0,0,0.01,0.03
Central Washington University,UG,UG,IP Targeting,Biloxi-Gulfport MS,2026,4,Apr,2,0,0,0,0,0,0.01,0.03
Central Washington University,UG,UG,IP Targeting,Elmira NY,2026,4,Apr,1,0,0,0,0,0,0,0
Central Washington University,UG,UG,IP Targeting,Sioux City IA,2026,4,Apr,1,0,0,0,0,0,0.01,0.03
Central Washington University,UG,UG,IP Targeting,Monroe LA-El Dorado AR,2026,4,Apr,0,0,0,0,0,0,0,0
Central Washington University,UG,UG,IP Targeting,Sherman TX-Ada OK,2026,4,Apr,0,0,0,0,0,0,0,0
Central Washington University,UG,UG,IP Targeting,Lima OH,2026,4,Apr,0,0,0,0,0,0,0,0
Central Washington University,UG,UG,IP Targeting,Abilene-Sweetwater TX,2026,4,Apr,0,0,0,0,0,0,0,0
Central Washington University,UG,UG,IP Targeting,Binghamton NY,2026,4,Apr,0,0,0,0,0,0,0,0
Central Washington University,UG,UG,IP Targeting,St. Joseph MO,2026,4,Apr,0,0,0,0,0,0,0,0
Central Washington University,UG,UG,IP Targeting,San Angelo TX,2026,4,Apr,0,0,0,0,0,0,0,0
Central Washington University,UG,UG,IP Targeting,Victoria TX,2026,4,Apr,0,0,0,0,0,0,0,0
