client_name,group_name,subgroup_name,product_name,platform_campaign_name,campaign_name,creative,ad_description,image_url,ad_url,preview_url,ad_group,day,impressions,clicks,direct_conversions,view_through_conversions,in_platform_leads,total_conversions,cost,budget,video_starts,video_completions,video_avg
Central Washington University,UG,UG,YouTube,Central Washington University - UG - YouTube - Awareness,Central Washington University - UG - YouTube - Awareness,Unknown - Unknown - 20917700864,,,,,Central Washington University - UG - YouTube - Awareness - Instream,2024-01-04,4503,1,0,0,0,0,,63.63,4479,2528,55.918
Central Washington University,UG,UG,YouTube,Central Washington University - UG - YouTube - Awareness,Central Washington University - UG - YouTube - Awareness,Unknown - Unknown - 20917700864,,,,,Central Washington University - UG - YouTube - Awareness - Instream,2024-01-05,11059,4,0,0,0,0,,147.2,11003,6932,62.673
Central Washington University,UG,UG,YouTube,Central Washington University - UG - YouTube - Awareness,Central Washington University - UG - YouTube - Awareness,Unknown - Unknown - 20917700864,,,,,Central Washington University - UG - YouTube - Awareness - Instream,2024-01-06,14167,1,0,0,0,0,,146.95,14061,8357,58.862
Central Washington University,UG,UG,YouTube,Central Washington University - UG - YouTube - Awareness,Central Washington University - UG - YouTube - Awareness,Unknown - Unknown - 20917700864,,,,,Central Washington University - UG - YouTube - Awareness - Instream,2024-01-07,14291,2,0,0,0,0,,146.65,14187,8433,58.757
Central Washington University,UG,UG,YouTube,Central Washington University - UG - YouTube - Awareness,Central Washington University - UG - YouTube - Awareness,Unknown - Unknown - 20917700864,,,,,Central Washington University - UG - YouTube - Awareness - Instream,2024-01-08,13870,2,0,0,0,0,,150.22,13795,8570,61.42
Central Washington University,UG,UG,YouTube,Central Washington University - UG - YouTube - Awareness,Central Washington University - UG - YouTube - Awareness,Unknown - Unknown - 20917700864,,,,,Central Washington University - UG - YouTube - Awareness - Instream,2024-01-09,13099,4,0,0,0,0,,149.59,13027,8149,61.905
Central Washington University,UG,UG,YouTube,Central Washington University - UG - YouTube - Awareness,Central Washington University - UG - YouTube - Awareness,Unknown - Unknown - 20917700864,,,,,Central Washington University - UG - YouTube - Awareness - Instream,2024-01-10,13186,0,0,0,0,0,,150.8,13109,8077,60.951
Central Washington University,UG,UG,YouTube,Central Washington University - UG - YouTube - Awareness,Central Washington University - UG - YouTube - Awareness,Unknown - Unknown - 20917700864,,,,,Central Washington University - UG - YouTube - Awareness - Instream,2024-01-11,13165,3,0,0,0,0,,150.7,13084,8123,61.58
Central Washington University,UG,UG,YouTube,Central Washington University - UG - YouTube - Awareness,Central Washington University - UG - YouTube - Awareness,Unknown - Unknown - 20917700864,,,,,Central Washington University - UG - YouTube - Awareness - Instream,2024-01-12,13141,3,0,0,0,0,,150.74,13066,8050,61.145
Central Washington University,UG,UG,YouTube,Central Washington University - UG - YouTube - Awareness,Central Washington University - UG - YouTube - Awareness,Unknown - Unknown - 20917700864,,,,,Central Washington University - UG - YouTube - Awareness - Instream,2024-01-13,13413,2,0,0,0,0,,151.32,13349,8181,61.045
Central Washington University,UG,UG,YouTube,Central Washington University - UG - YouTube - Awareness,Central Washington University - UG - YouTube - Awareness,Unknown - Unknown - 20917700864,,,,,Central Washington University - UG - YouTube - Awareness - Instream,2024-01-14,13316,1,0,0,0,0,,151.14,13244,8092,60.739
Central Washington University,UG,UG,YouTube,Central Washington University - UG - YouTube - Awareness,Central Washington University - UG - YouTube - Awareness,Unknown - Unknown - 20917700864,,,,,Central Washington University - UG - YouTube - Awareness - Instream,2024-01-15,13320,0,0,0,0,0,,151,13262,8368,62.785
Central Washington University,UG,UG,YouTube,Central Washington University - UG - YouTube - Awareness,Central Washington University - UG - YouTube - Awareness,Unknown - Unknown - 20921238679,,,,,Central Washington University - UG - YouTube - Awareness - Discovery,2024-01-16,31653,0,0,0,0,0,,61.71,563,99,1.82
Central Washington University,UG,UG,YouTube,Central Washington University - UG - YouTube - Awareness,Central Washington University - UG - YouTube - Awareness,Unknown - Unknown - 20917700864,,,,,Central Washington University - UG - YouTube - Awareness - Instream,2024-01-16,7900,1,0,0,0,0,,90.14,7857,4926,62.38
Central Washington University,UG,UG,YouTube,Central Washington University - UG - YouTube - Awareness,Central Washington University - UG - YouTube - Awareness,Unknown - Unknown - 20921238679,,,,,Central Washington University - UG - YouTube - Awareness - Discovery,2024-01-17,33153,0,0,0,0,0,,60.48,523,124,1.593
Central Washington University,UG,UG,YouTube,Central Washington University - UG - YouTube - Awareness,Central Washington University - UG - YouTube - Awareness,Unknown - Unknown - 20917700864,,,,,Central Washington University - UG - YouTube - Awareness - Instream,2024-01-17,7906,1,0,0,0,0,,90.47,7861,4810,60.954
Central Washington University,UG,UG,YouTube,Central Washington University - UG - YouTube - Awareness,Central Washington University - UG - YouTube - Awareness,Unknown - Unknown - 20921238679,,,,,Central Washington University - UG - YouTube - Awareness - Discovery,2024-01-18,32394,0,0,0,0,0,,60.93,554,106,1.735
Central Washington University,UG,UG,YouTube,Central Washington University - UG - YouTube - Awareness,Central Washington University - UG - YouTube - Awareness,Unknown - Unknown - 20917700864,,,,,Central Washington University - UG - YouTube - Awareness - Instream,2024-01-18,7730,2,0,0,0,0,,90.33,7685,4674,60.44
Central Washington University,UG,UG,YouTube,Central Washington University - UG - YouTube - Awareness,Central Washington University - UG - YouTube - Awareness,Unknown - Unknown - 20921238679,,,,,Central Washington University - UG - YouTube - Awareness - Discovery,2024-01-19,31695,0,0,0,0,0,,60.54,534,123,1.71
Central Washington University,UG,UG,YouTube,Central Washington University - UG - YouTube - Awareness,Central Washington University - UG - YouTube - Awareness,Unknown - Unknown - 20917700864,,,,,Central Washington University - UG - YouTube - Awareness - Instream,2024-01-19,7642,1,0,0,0,0,,90.64,7612,4760,62.314
Central Washington University,UG,UG,YouTube,Central Washington University - UG - YouTube - Awareness,Central Washington University - UG - YouTube - Awareness,Unknown - Unknown - 20921238679,,,,,Central Washington University - UG - YouTube - Awareness - Discovery,2024-01-20,33684,0,0,0,0,0,,61.27,448,115,1.398
Central Washington University,UG,UG,YouTube,Central Washington University - UG - YouTube - Awareness,Central Washington University - UG - YouTube - Awareness,Unknown - Unknown - 20917700864,,,,,Central Washington University - UG - YouTube - Awareness - Instream,2024-01-20,8011,2,0,0,0,0,,90.54,7973,4784,59.68
Central Washington University,UG,UG,YouTube,Central Washington University - UG - YouTube - Awareness,Central Washington University - UG - YouTube - Awareness,Unknown - Unknown - 20921238679,,,,,Central Washington University - UG - YouTube - Awareness - Discovery,2024-01-21,31262,0,0,0,0,0,,60.6,430,131,1.414
Central Washington University,UG,UG,YouTube,Central Washington University - UG - YouTube - Awareness,Central Washington University - UG - YouTube - Awareness,Unknown - Unknown - 20917700864,,,,,Central Washington University - UG - YouTube - Awareness - Instream,2024-01-21,7909,1,0,0,0,0,,90.58,7859,4850,61.398
Central Washington University,UG,UG,YouTube,Central Washington University - UG - YouTube - Awareness,Central Washington University - UG - YouTube - Awareness,Unknown - Unknown - 20921238679,,,,,Central Washington University - UG - YouTube - Awareness - Discovery (In-Feed),2024-01-22,31971,0,0,0,0,0,,60.25,543,133,1.761
Central Washington University,UG,UG,YouTube,Central Washington University - UG - YouTube - Awareness,Central Washington University - UG - YouTube - Awareness,Unknown - Unknown - 20917700864,,,,,Central Washington University - UG - YouTube - Awareness - Instream (Skippable),2024-01-22,7516,0,0,0,0,0,,90.46,7476,4588,60.937
Central Washington University,UG,UG,YouTube,Central Washington University - UG - YouTube - Awareness,Central Washington University - UG - YouTube - Awareness,Unknown - Unknown - 20921238679,,,,,Central Washington University - UG - YouTube - Awareness - Discovery (In-Feed),2024-01-23,34904,0,0,0,0,0,,60.31,605,139,1.756
Central Washington University,UG,UG,YouTube,Central Washington University - UG - YouTube - Awareness,Central Washington University - UG - YouTube - Awareness,Unknown - Unknown - 20917700864,,,,,Central Washington University - UG - YouTube - Awareness - Instream (Skippable),2024-01-23,7589,1,0,0,0,0,,90.54,7554,4728,62.353
Central Washington University,UG,UG,YouTube,Central Washington University - UG - YouTube - Awareness,Central Washington University - UG - YouTube - Awareness,Unknown - Unknown - 20921238679,,,,,Central Washington University - UG - YouTube - Awareness - Discovery (In-Feed),2024-01-24,36158,0,0,0,0,0,,60.9,610,121,1.72
Central Washington University,UG,UG,YouTube,Central Washington University - UG - YouTube - Awareness,Central Washington University - UG - YouTube - Awareness,Unknown - Unknown - 20917700864,,,,,Central Washington University - UG - YouTube - Awareness - Instream (Skippable),2024-01-24,7468,3,0,0,0,0,,90.42,7427,4724,63.39
Central Washington University,UG,UG,YouTube,Central Washington University - UG - YouTube - Awareness,Central Washington University - UG - YouTube - Awareness,Unknown - Unknown - 20921238679,,,,,Central Washington University - UG - YouTube - Awareness - Discovery (In-Feed),2024-01-25,28422,0,0,0,0,0,,60.84,524,111,1.882
Central Washington University,UG,UG,YouTube,Central Washington University - UG - YouTube - Awareness,Central Washington University - UG - YouTube - Awareness,Unknown - Unknown - 20917700864,,,,,Central Washington University - UG - YouTube - Awareness - Instream (Skippable),2024-01-25,7379,3,0,0,0,0,,90.39,7333,4626,62.597
Central Washington University,UG,UG,YouTube,Central Washington University - UG - YouTube - Awareness,Central Washington University - UG - YouTube - Awareness,Unknown - Unknown - 20921238679,,,,,Central Washington University - UG - YouTube - Awareness - Discovery (In-Feed),2024-01-26,30156,0,0,0,0,0,,60.63,515,124,1.754
Central Washington University,UG,UG,YouTube,Central Washington University - UG - YouTube - Awareness,Central Washington University - UG - YouTube - Awareness,Unknown - Unknown - 20917700864,,,,,Central Washington University - UG - YouTube - Awareness - Instream (Skippable),2024-01-26,7017,1,0,0,0,0,,90.41,6981,4381,62.477
Central Washington University,UG,UG,YouTube,Central Washington University - UG - YouTube - Awareness,Central Washington University - UG - YouTube - Awareness,Unknown - Unknown - 20921238679,,,,,Central Washington University - UG - YouTube - Awareness - Discovery (In-Feed),2024-01-27,32782,0,0,0,0,0,,60.62,541,138,1.614
Central Washington University,UG,UG,YouTube,Central Washington University - UG - YouTube - Awareness,Central Washington University - UG - YouTube - Awareness,Unknown - Unknown - 20917700864,,,,,Central Washington University - UG - YouTube - Awareness - Instream (Skippable),2024-01-27,7360,0,0,0,0,0,,90.43,7314,4500,61.155
Central Washington University,UG,UG,YouTube,Central Washington University - UG - YouTube - Awareness,Central Washington University - UG - YouTube - Awareness,Unknown - Unknown - 20921238679,,,,,Central Washington University - UG - YouTube - Awareness - Discovery (In-Feed),2024-01-28,29138,0,0,0,0,0,,60.87,451,160,1.459
Central Washington University,UG,UG,YouTube,Central Washington University - UG - YouTube - Awareness,Central Washington University - UG - YouTube - Awareness,Unknown - Unknown - 20917700864,,,,,Central Washington University - UG - YouTube - Awareness - Instream (Skippable),2024-01-28,7233,0,0,0,0,0,,90.57,7186,4406,60.86
Central Washington University,UG,UG,YouTube,Central Washington University - UG - YouTube - Awareness,Central Washington University - UG - YouTube - Awareness,Unknown - Unknown - 20921238679,,,,,Central Washington University - UG - YouTube - Awareness - Discovery (In-Feed),2024-01-29,30798,0,0,0,0,0,,60.77,485,147,1.614
Central Washington University,UG,UG,YouTube,Central Washington University - UG - YouTube - Awareness,Central Washington University - UG - YouTube - Awareness,Unknown - Unknown - 20917700864,,,,,Central Washington University - UG - YouTube - Awareness - Instream (Skippable),2024-01-29,7331,0,0,0,0,0,,90.75,7287,4536,61.888
Central Washington University,UG,UG,YouTube,Central Washington University - UG - YouTube - Awareness,Central Washington University - UG - YouTube - Awareness,Unknown - Unknown - 20921238679,,,,,Central Washington University - UG - YouTube - Awareness - Discovery (In-Feed),2024-01-30,32275,0,0,0,0,0,,61.24,551,146,1.735
Central Washington University,UG,UG,YouTube,Central Washington University - UG - YouTube - Awareness,Central Washington University - UG - YouTube - Awareness,Unknown - Unknown - 20917700864,,,,,Central Washington University - UG - YouTube - Awareness - Instream (Skippable),2024-01-30,7238,0,0,0,0,0,,90.54,7198,4546,62.738
Central Washington University,UG,UG,YouTube,Central Washington University - UG - YouTube - Awareness,Central Washington University - UG - YouTube - Awareness,Unknown - Unknown - 20921238679,,,,,Central Washington University - UG - YouTube - Awareness - Discovery (In-Feed),2024-01-31,35446,0,0,0,0,0,,60.71,604,151,1.729
Central Washington University,UG,UG,YouTube,Central Washington University - UG - YouTube - Awareness,Central Washington University - UG - YouTube - Awareness,Unknown - Unknown - 20917700864,,,,,Central Washington University - UG - YouTube - Awareness - Instream (Skippable),2024-01-31,6936,1,0,0,0,0,,90.95,6900,4305,61.866
Central Washington University,UG,UG,YouTube,Central Washington University - UG - YouTube - Awareness,Central Washington University - UG - YouTube - Awareness,Unknown - Unknown - 20921238679,,,,,Central Washington University - UG - YouTube - Awareness - Discovery (In-Feed),2024-02-01,33619,0,0,0,0,0,,62.75,609,143,1.838
Central Washington University,UG,UG,YouTube,Central Washington University - UG - YouTube - Awareness,Central Washington University - UG - YouTube - Awareness,Unknown - Unknown - 20917700864,,,,,Central Washington University - UG - YouTube - Awareness - Instream (Skippable),2024-02-01,7061,3,0,0,0,0,,88.07,7004,4217,59.595
Central Washington University,UG,UG,YouTube,Central Washington University - UG - YouTube - Awareness,Central Washington University - UG - YouTube - Awareness,Unknown - Unknown - 20921238679,,,,,Central Washington University - UG - YouTube - Awareness - Discovery (In-Feed),2024-02-02,37144,0,0,0,0,0,,63.07,650,134,1.771
Central Washington University,UG,UG,YouTube,Central Washington University - UG - YouTube - Awareness,Central Washington University - UG - YouTube - Awareness,Unknown - Unknown - 20917700864,,,,,Central Washington University - UG - YouTube - Awareness - Instream (Skippable),2024-02-02,6763,2,0,0,0,0,,88.19,6734,4202,62.103
Central Washington University,UG,UG,YouTube,Central Washington University - UG - YouTube - Awareness,Central Washington University - UG - YouTube - Awareness,Unknown - Unknown - 20921238679,,,,,Central Washington University - UG - YouTube - Awareness - Discovery (In-Feed),2024-02-03,38345,0,0,0,0,0,,63.96,592,94,1.591
Central Washington University,UG,UG,YouTube,Central Washington University - UG - YouTube - Awareness,Central Washington University - UG - YouTube - Awareness,Unknown - Unknown - 20917700864,,,,,Central Washington University - UG - YouTube - Awareness - Instream (Skippable),2024-02-03,6977,1,0,0,0,0,,87.36,6946,4389,62.907
Central Washington University,UG,UG,YouTube,Central Washington University - UG - YouTube - Awareness,Central Washington University - UG - YouTube - Awareness,Unknown - Unknown - 20921238679,,,,,Central Washington University - UG - YouTube - Awareness - Discovery (In-Feed),2024-02-04,38835,0,0,0,0,0,,62.62,625,124,1.635
Central Washington University,UG,UG,YouTube,Central Washington University - UG - YouTube - Awareness,Central Washington University - UG - YouTube - Awareness,Unknown - Unknown - 20917700864,,,,,Central Washington University - UG - YouTube - Awareness - Instream (Skippable),2024-02-04,7100,1,0,0,0,0,,88.36,7069,4372,61.535
Central Washington University,UG,UG,YouTube,Central Washington University - UG - YouTube - Awareness,Central Washington University - UG - YouTube - Awareness,Unknown - Unknown - 20921238679,,,,,Central Washington University - UG - YouTube - Awareness - Discovery (In-Feed),2024-02-05,36726,0,0,0,0,0,,62.08,633,139,1.745
Central Washington University,UG,UG,YouTube,Central Washington University - UG - YouTube - Awareness,Central Washington University - UG - YouTube - Awareness,Unknown - Unknown - 20917700864,,,,,Central Washington University - UG - YouTube - Awareness - Instream (Skippable),2024-02-05,6863,1,0,0,0,0,,88.97,6816,4243,61.722
Central Washington University,UG,UG,YouTube,Central Washington University - UG - YouTube - Awareness,Central Washington University - UG - YouTube - Awareness,Unknown - Unknown - 20921238679,,,,,Central Washington University - UG - YouTube - Awareness - Discovery (In-Feed),2024-02-06,34474,0,0,0,0,0,,64.87,559,125,1.656
Central Washington University,UG,UG,YouTube,Central Washington University - UG - YouTube - Awareness,Central Washington University - UG - YouTube - Awareness,Unknown - Unknown - 20917700864,,,,,Central Washington University - UG - YouTube - Awareness - Instream (Skippable),2024-02-06,6069,1,0,0,0,0,,86.44,6048,3779,62.004
Central Washington University,UG,UG,YouTube,Central Washington University - UG - YouTube - Awareness,Central Washington University - UG - YouTube - Awareness,Unknown - Unknown - 20921238679,,,,,Central Washington University - UG - YouTube - Awareness - Discovery (In-Feed),2024-02-07,33968,0,0,0,0,0,,63.69,523,121,1.584
Central Washington University,UG,UG,YouTube,Central Washington University - UG - YouTube - Awareness,Central Washington University - UG - YouTube - Awareness,Unknown - Unknown - 20917700864,,,,,Central Washington University - UG - YouTube - Awareness - Instream (Skippable),2024-02-07,6404,0,0,0,0,0,,87.25,6382,4032,62.523
Central Washington University,UG,UG,YouTube,Central Washington University - UG - YouTube - Awareness,Central Washington University - UG - YouTube - Awareness,Unknown - Unknown - 20921238679,,,,,Central Washington University - UG - YouTube - Awareness - Discovery (In-Feed),2024-02-08,34352,0,0,0,0,0,,62.67,554,127,1.636
Central Washington University,UG,UG,YouTube,Central Washington University - UG - YouTube - Awareness,Central Washington University - UG - YouTube - Awareness,Unknown - Unknown - 20917700864,,,,,Central Washington University - UG - YouTube - Awareness - Instream (Skippable),2024-02-08,6265,1,0,0,0,0,,87.07,6224,3879,61.532
Central Washington University,UG,UG,YouTube,Central Washington University - UG - YouTube - Awareness,Central Washington University - UG - YouTube - Awareness,Unknown - Unknown - 20921238679,,,,,Central Washington University - UG - YouTube - Awareness - Discovery (In-Feed),2024-02-09,25152,0,0,0,0,0,,63.31,346,112,1.411
Central Washington University,UG,UG,YouTube,Central Washington University - UG - YouTube - Awareness,Central Washington University - UG - YouTube - Awareness,Unknown - Unknown - 20917700864,,,,,Central Washington University - UG - YouTube - Awareness - Instream (Skippable),2024-02-09,6026,1,0,0,0,0,,87.6,5993,3798,62.894
Central Washington University,UG,UG,YouTube,Central Washington University - UG - YouTube - Awareness,Central Washington University - UG - YouTube - Awareness,Unknown - Unknown - 20921238679,,,,,Central Washington University - UG - YouTube - Awareness - Discovery (In-Feed),2024-02-10,35776,0,0,0,0,0,,63.25,450,114,1.277
Central Washington University,UG,UG,YouTube,Central Washington University - UG - YouTube - Awareness,Central Washington University - UG - YouTube - Awareness,Unknown - Unknown - 20917700864,,,,,Central Washington University - UG - YouTube - Awareness - Instream (Skippable),2024-02-10,6373,0,0,0,0,0,,88.06,6340,3822,59.94
Central Washington University,UG,UG,YouTube,Central Washington University - UG - YouTube - Awareness,Central Washington University - UG - YouTube - Awareness,Unknown - Unknown - 20921238679,,,,,Central Washington University - UG - YouTube - Awareness - Discovery (In-Feed),2024-02-11,40379,0,0,0,0,0,,62.68,596,118,1.506
Central Washington University,UG,UG,YouTube,Central Washington University - UG - YouTube - Awareness,Central Washington University - UG - YouTube - Awareness,Unknown - Unknown - 20917700864,,,,,Central Washington University - UG - YouTube - Awareness - Instream (Skippable),2024-02-11,6016,2,0,0,0,0,,88.97,5989,3738,62.168
Central Washington University,UG,UG,YouTube,Central Washington University - UG - YouTube - Awareness,Central Washington University - UG - YouTube - Awareness,Unknown - Unknown - 20921238679,,,,,Central Washington University - UG - YouTube - Awareness - Discovery (In-Feed),2024-02-12,36101,0,0,0,0,0,,63.56,543,105,1.537
Central Washington University,UG,UG,YouTube,Central Washington University - UG - YouTube - Awareness,Central Washington University - UG - YouTube - Awareness,Unknown - Unknown - 20917700864,,,,,Central Washington University - UG - YouTube - Awareness - Instream (Skippable),2024-02-12,5968,2,0,0,0,0,,88.03,5916,3607,60.389
Central Washington University,UG,UG,YouTube,Central Washington University - UG - YouTube - Awareness,Central Washington University - UG - YouTube - Awareness,Unknown - Unknown - 20921238679,,,,,Central Washington University - UG - YouTube - Awareness - Discovery (In-Feed),2024-02-13,21927,0,0,0,0,0,,39.14,336,73,1.546
Central Washington University,UG,UG,YouTube,Central Washington University - UG - YouTube - Awareness,Central Washington University - UG - YouTube - Awareness,Unknown - Unknown - 20917700864,,,,,Central Washington University - UG - YouTube - Awareness - Instream (Skippable),2024-02-13,3650,0,0,0,0,0,,55.87,3627,2361,64.63
Central Washington University,UG,UG,YouTube,Central Washington University - UG - YouTube - Awareness,Central Washington University - UG - YouTube - Awareness,Unknown - Unknown - 20921238679,,,,,Central Washington University - UG - YouTube - Awareness - Discovery (In-Feed),2024-02-15,32128,0,0,0,0,0,,66.22,506,117,1.603
Central Washington University,UG,UG,YouTube,Central Washington University - UG - YouTube - Awareness,Central Washington University - UG - YouTube - Awareness,Unknown - Unknown - 20917700864,,,,,Central Washington University - UG - YouTube - Awareness - Instream (Skippable),2024-02-15,5989,2,0,0,0,0,,88.07,5952,3317,55.201
Central Washington University,UG,UG,YouTube,Central Washington University - UG - YouTube - Awareness,Central Washington University - UG - YouTube - Awareness,Unknown - Unknown - 20921238679,,,,,Central Washington University - UG - YouTube - Awareness - Discovery (In-Feed),2024-02-16,37285,0,0,0,0,0,,64.99,600,136,1.631
Central Washington University,UG,UG,YouTube,Central Washington University - UG - YouTube - Awareness,Central Washington University - UG - YouTube - Awareness,Unknown - Unknown - 20917700864,,,,,Central Washington University - UG - YouTube - Awareness - Instream (Skippable),2024-02-16,5640,1,0,0,0,0,,88.44,5599,3235,57.34
Central Washington University,UG,UG,YouTube,Central Washington University - UG - YouTube - Awareness,Central Washington University - UG - YouTube - Awareness,Unknown - Unknown - 20921238679,,,,,Central Washington University - UG - YouTube - Awareness - Discovery (In-Feed),2024-02-17,35488,0,0,0,0,0,,65.31,564,132,1.626
Central Washington University,UG,UG,YouTube,Central Washington University - UG - YouTube - Awareness,Central Washington University - UG - YouTube - Awareness,Unknown - Unknown - 20917700864,,,,,Central Washington University - UG - YouTube - Awareness - Instream (Skippable),2024-02-17,6281,6,0,0,0,0,,89.14,6255,3780,60.277
Central Washington University,UG,UG,YouTube,Central Washington University - UG - YouTube - Awareness,Central Washington University - UG - YouTube - Awareness,Unknown - Unknown - 20921238679,,,,,Central Washington University - UG - YouTube - Awareness - Discovery (In-Feed),2024-02-18,36647,0,0,0,0,0,,63.69,623,163,1.725
Central Washington University,UG,UG,YouTube,Central Washington University - UG - YouTube - Awareness,Central Washington University - UG - YouTube - Awareness,Unknown - Unknown - 20917700864,,,,,Central Washington University - UG - YouTube - Awareness - Instream (Skippable),2024-02-18,6567,6,0,0,0,0,,89.83,6539,4046,61.626
Central Washington University,UG,UG,YouTube,Central Washington University - UG - YouTube - Awareness,Central Washington University - UG - YouTube - Awareness,Unknown - Unknown - 20921238679,,,,,Central Washington University - UG - YouTube - Awareness - Discovery (In-Feed),2024-02-19,37559,0,0,0,0,0,,64.74,609,130,1.664
Central Washington University,UG,UG,YouTube,Central Washington University - UG - YouTube - Awareness,Central Washington University - UG - YouTube - Awareness,Unknown - Unknown - 20917700864,,,,,Central Washington University - UG - YouTube - Awareness - Instream (Skippable),2024-02-19,6762,2,0,0,0,0,,89.03,6738,4176,61.757
Central Washington University,UG,UG,YouTube,Central Washington University - UG - YouTube - Awareness,Central Washington University - UG - YouTube - Awareness,Unknown - Unknown - 20921238679,,,,,Central Washington University - UG - YouTube - Awareness - Discovery (In-Feed),2024-02-20,37413,0,0,0,0,0,,67.68,635,140,1.737
Central Washington University,UG,UG,YouTube,Central Washington University - UG - YouTube - Awareness,Central Washington University - UG - YouTube - Awareness,Unknown - Unknown - 20917700864,,,,,Central Washington University - UG - YouTube - Awareness - Instream (Skippable),2024-02-20,6109,4,0,0,0,0,,86.29,6075,3727,60.894
Central Washington University,UG,UG,YouTube,Central Washington University - UG - YouTube - Awareness,Central Washington University - UG - YouTube - Awareness,Unknown - Unknown - 20921238679,,,,,Central Washington University - UG - YouTube - Awareness - Discovery (In-Feed),2024-02-21,38186,0,0,0,0,0,,70.78,609,138,1.637
Central Washington University,UG,UG,YouTube,Central Washington University - UG - YouTube - Awareness,Central Washington University - UG - YouTube - Awareness,Unknown - Unknown - 20917700864,,,,,Central Washington University - UG - YouTube - Awareness - Instream (Skippable),2024-02-21,5867,3,0,0,0,0,,83.51,5827,3699,62.979
Central Washington University,UG,UG,YouTube,Central Washington University - UG - YouTube - Awareness,Central Washington University - UG - YouTube - Awareness,Unknown - Unknown - 20921238679,,,,,Central Washington University - UG - YouTube - Awareness - Discovery (In-Feed),2024-02-22,36448,0,0,0,0,0,,67.75,589,127,1.665
Central Washington University,UG,UG,YouTube,Central Washington University - UG - YouTube - Awareness,Central Washington University - UG - YouTube - Awareness,Unknown - Unknown - 20917700864,,,,,Central Washington University - UG - YouTube - Awareness - Instream (Skippable),2024-02-22,6286,3,0,0,0,0,,87.31,6249,3876,61.534
Central Washington University,UG,UG,YouTube,Central Washington University - UG - YouTube - Awareness,Central Washington University - UG - YouTube - Awareness,Unknown - Unknown - 20921238679,,,,,Central Washington University - UG - YouTube - Awareness - Discovery (In-Feed),2024-02-23,39633,0,0,0,0,0,,66.74,574,137,1.468
Central Washington University,UG,UG,YouTube,Central Washington University - UG - YouTube - Awareness,Central Washington University - UG - YouTube - Awareness,Unknown - Unknown - 20917700864,,,,,Central Washington University - UG - YouTube - Awareness - Instream (Skippable),2024-02-23,5780,4,0,0,0,0,,87.54,5753,3671,63.478
Central Washington University,UG,UG,YouTube,Central Washington University - UG - YouTube - Awareness,Central Washington University - UG - YouTube - Awareness,Unknown - Unknown - 20921238679,,,,,Central Washington University - UG - YouTube - Awareness - Discovery (In-Feed),2024-02-24,40509,0,0,0,0,0,,66.99,561,134,1.419
Central Washington University,UG,UG,YouTube,Central Washington University - UG - YouTube - Awareness,Central Washington University - UG - YouTube - Awareness,Unknown - Unknown - 20917700864,,,,,Central Washington University - UG - YouTube - Awareness - Instream (Skippable),2024-02-24,6361,7,0,0,0,0,,87.89,6334,3950,62.223
Central Washington University,UG,UG,YouTube,Central Washington University - UG - YouTube - Awareness,Central Washington University - UG - YouTube - Awareness,Unknown - Unknown - 20921238679,,,,,Central Washington University - UG - YouTube - Awareness - Discovery (In-Feed),2024-02-25,37510,0,0,0,0,0,,67.01,572,131,1.554
Central Washington University,UG,UG,YouTube,Central Washington University - UG - YouTube - Awareness,Central Washington University - UG - YouTube - Awareness,Unknown - Unknown - 20917700864,,,,,Central Washington University - UG - YouTube - Awareness - Instream (Skippable),2024-02-25,6468,4,0,0,0,0,,87.04,6442,4004,61.858
Central Washington University,UG,UG,YouTube,Central Washington University - UG - YouTube - Awareness,Central Washington University - UG - YouTube - Awareness,Unknown - Unknown - 20921238679,,,,,Central Washington University - UG - YouTube - Awareness - Discovery (In-Feed),2024-02-26,37908,0,0,0,0,0,,71.35,494,112,1.324
Central Washington University,UG,UG,YouTube,Central Washington University - UG - YouTube - Awareness,Central Washington University - UG - YouTube - Awareness,Unknown - Unknown - 20917700864,,,,,Central Washington University - UG - YouTube - Awareness - Instream (Skippable),2024-02-26,5856,4,0,0,0,0,,83.46,5829,3817,65.181
Central Washington University,UG,UG,YouTube,Central Washington University - UG - YouTube - Awareness,Central Washington University - UG - YouTube - Awareness,Unknown - Unknown - 20921238679,,,,,Central Washington University - UG - YouTube - Awareness - Discovery (In-Feed),2024-02-27,34192,0,0,0,0,0,,68.89,400,87,1.182
Central Washington University,UG,UG,YouTube,Central Washington University - UG - YouTube - Awareness,Central Washington University - UG - YouTube - Awareness,Unknown - Unknown - 20917700864,,,,,Central Washington University - UG - YouTube - Awareness - Instream (Skippable),2024-02-27,5782,4,0,0,0,0,,86.08,5753,3543,61.242
Central Washington University,UG,UG,YouTube,Central Washington University - UG - YouTube - Awareness,Central Washington University - UG - YouTube - Awareness,Unknown - Unknown - 20921238679,,,,,Central Washington University - UG - YouTube - Awareness - Discovery (In-Feed),2024-02-28,31353,0,0,0,0,0,,68.47,392,87,1.279
Central Washington University,UG,UG,YouTube,Central Washington University - UG - YouTube - Awareness,Central Washington University - UG - YouTube - Awareness,Unknown - Unknown - 20917700864,,,,,Central Washington University - UG - YouTube - Awareness - Instream (Skippable),2024-02-28,5649,4,0,0,0,0,,86.14,5615,3339,59.126
Central Washington University,UG,UG,YouTube,Central Washington University - UG - YouTube - Awareness,Central Washington University - UG - YouTube - Awareness,Unknown - Unknown - 20921238679,,,,,Central Washington University - UG - YouTube - Awareness - Discovery (In-Feed),2024-02-29,31593,0,0,0,0,0,,68.47,403,90,1.288
Central Washington University,UG,UG,YouTube,Central Washington University - UG - YouTube - Awareness,Central Washington University - UG - YouTube - Awareness,Unknown - Unknown - 20917700864,,,,,Central Washington University - UG - YouTube - Awareness - Instream (Skippable),2024-02-29,5900,2,0,0,0,0,,86.43,5868,3478,58.797
Central Washington University,UG,UG,YouTube,Central Washington University - UG - YouTube - Awareness,Central Washington University - UG - YouTube - Awareness,Unknown - Unknown - 20921238679,,,,,Central Washington University - UG - YouTube - Awareness - Discovery (In-Feed),2024-03-01,29362,0,0,0,0,0,,61.22,356,77,1.243
Central Washington University,UG,UG,YouTube,Central Washington University - UG - YouTube - Awareness,Central Washington University - UG - YouTube - Awareness,Unknown - Unknown - 20917700864,,,,,Central Washington University - UG - YouTube - Awareness - Instream (Skippable),2024-03-01,6328,5,0,0,0,0,,90.68,6280,3770,59.592
Central Washington University,UG,UG,YouTube,Central Washington University - UG - YouTube - Awareness,Central Washington University - UG - YouTube - Awareness,Unknown - Unknown - 20921238679,,,,,Central Washington University - UG - YouTube - Awareness - Discovery (In-Feed),2024-03-02,32981,0,0,0,0,0,,60.53,382,77,1.186
Central Washington University,UG,UG,YouTube,Central Washington University - UG - YouTube - Awareness,Central Washington University - UG - YouTube - Awareness,Unknown - Unknown - 20917700864,,,,,Central Washington University - UG - YouTube - Awareness - Instream (Skippable),2024-03-02,6569,1,0,0,0,0,,90.86,6536,3916,59.583
Central Washington University,UG,UG,YouTube,Central Washington University - UG - YouTube - Awareness,Central Washington University - UG - YouTube - Awareness,Unknown - Unknown - 20921238679,,,,,Central Washington University - UG - YouTube - Awareness - Discovery (In-Feed),2024-03-03,33125,0,0,0,0,0,,62.52,389,70,1.208
Central Washington University,UG,UG,YouTube,Central Washington University - UG - YouTube - Awareness,Central Washington University - UG - YouTube - Awareness,Unknown - Unknown - 20917700864,,,,,Central Washington University - UG - YouTube - Awareness - Instream (Skippable),2024-03-03,6730,2,0,0,0,0,,90.49,6696,3958,58.782
Central Washington University,UG,UG,YouTube,Central Washington University - UG - YouTube - Awareness,Central Washington University - UG - YouTube - Awareness,Unknown - Unknown - 20921238679,,,,,Central Washington University - UG - YouTube - Awareness - Discovery (In-Feed),2024-03-04,28244,0,0,0,0,0,,61.54,349,66,1.268
Central Washington University,UG,UG,YouTube,Central Washington University - UG - YouTube - Awareness,Central Washington University - UG - YouTube - Awareness,Unknown - Unknown - 20917700864,,,,,Central Washington University - UG - YouTube - Awareness - Instream (Skippable),2024-03-04,6228,6,0,0,0,0,,90.4,6196,3613,58.06
Central Washington University,UG,UG,YouTube,Central Washington University - UG - YouTube - Awareness,Central Washington University - UG - YouTube - Awareness,Unknown - Unknown - 20921238679,,,,,Central Washington University - UG - YouTube - Awareness - Discovery (In-Feed),2024-03-05,29472,0,0,0,0,0,,62.15,356,81,1.242
Central Washington University,UG,UG,YouTube,Central Washington University - UG - YouTube - Awareness,Central Washington University - UG - YouTube - Awareness,Unknown - Unknown - 20917700864,,,,,Central Washington University - UG - YouTube - Awareness - Instream (Skippable),2024-03-05,6159,2,0,0,0,0,,90.76,6127,3631,58.889
Central Washington University,UG,UG,YouTube,Central Washington University - UG - YouTube - Awareness,Central Washington University - UG - YouTube - Awareness,Unknown - Unknown - 20921238679,,,,,Central Washington University - UG - YouTube - Awareness - Discovery (In-Feed),2024-03-06,31015,0,0,0,0,0,,60.93,340,94,1.135
Central Washington University,UG,UG,YouTube,Central Washington University - UG - YouTube - Awareness,Central Washington University - UG - YouTube - Awareness,Unknown - Unknown - 20917700864,,,,,Central Washington University - UG - YouTube - Awareness - Instream (Skippable),2024-03-06,6208,3,0,0,0,0,,90.76,6165,3682,59.246
Central Washington University,UG,UG,YouTube,Central Washington University - UG - YouTube - Awareness,Central Washington University - UG - YouTube - Awareness,Unknown - Unknown - 20921238679,,,,,Central Washington University - UG - YouTube - Awareness - Discovery (In-Feed),2024-03-07,27959,0,0,0,0,0,,61.36,345,69,1.263
Central Washington University,UG,UG,YouTube,Central Washington University - UG - YouTube - Awareness,Central Washington University - UG - YouTube - Awareness,Unknown - Unknown - 20917700864,,,,,Central Washington University - UG - YouTube - Awareness - Instream (Skippable),2024-03-07,6120,1,0,0,0,0,,90.72,6085,3641,59.379
Central Washington University,UG,UG,YouTube,Central Washington University - UG - YouTube - Awareness,Central Washington University - UG - YouTube - Awareness,Unknown - Unknown - 20921238679,,,,,Central Washington University - UG - YouTube - Awareness - Discovery (In-Feed),2024-03-08,26498,0,0,0,0,0,,60.83,325,68,1.287
Central Washington University,UG,UG,YouTube,Central Washington University - UG - YouTube - Awareness,Central Washington University - UG - YouTube - Awareness,Unknown - Unknown - 20917700864,,,,,Central Washington University - UG - YouTube - Awareness - Instream (Skippable),2024-03-08,6063,4,0,0,0,0,,90.49,6031,3629,59.69
Central Washington University,UG,UG,YouTube,Central Washington University - UG - YouTube - Awareness,Central Washington University - UG - YouTube - Awareness,Unknown - Unknown - 20921238679,,,,,Central Washington University - UG - YouTube - Awareness - Discovery (In-Feed),2024-03-09,31957,0,0,0,0,0,,60.9,386,79,1.267
Central Washington University,UG,UG,YouTube,Central Washington University - UG - YouTube - Awareness,Central Washington University - UG - YouTube - Awareness,Unknown - Unknown - 20917700864,,,,,Central Washington University - UG - YouTube - Awareness - Instream (Skippable),2024-03-09,6526,3,0,0,0,0,,90.78,6494,3875,59.439
Central Washington University,UG,UG,YouTube,Central Washington University - UG - YouTube - Awareness,Central Washington University - UG - YouTube - Awareness,Unknown - Unknown - 20921238679,,,,,Central Washington University - UG - YouTube - Awareness - Discovery (In-Feed),2024-03-10,32704,0,0,0,0,0,,60.46,393,63,1.235
Central Washington University,UG,UG,YouTube,Central Washington University - UG - YouTube - Awareness,Central Washington University - UG - YouTube - Awareness,Unknown - Unknown - 20917700864,,,,,Central Washington University - UG - YouTube - Awareness - Instream (Skippable),2024-03-10,6441,4,0,0,0,0,,90.68,6398,3732,57.957
Central Washington University,UG,UG,YouTube,Central Washington University - UG - YouTube - Awareness,Central Washington University - UG - YouTube - Awareness,Unknown - Unknown - 20921238679,,,,,Central Washington University - UG - YouTube - Awareness - Discovery (In-Feed),2024-03-11,28812,0,0,0,0,0,,60.56,353,67,1.256
Central Washington University,UG,UG,YouTube,Central Washington University - UG - YouTube - Awareness,Central Washington University - UG - YouTube - Awareness,Unknown - Unknown - 20917700864,,,,,Central Washington University - UG - YouTube - Awareness - Instream (Skippable),2024-03-11,6242,8,0,0,0,0,,90.69,6206,3592,57.53
Central Washington University,UG,UG,YouTube,Central Washington University - UG - YouTube - Awareness,Central Washington University - UG - YouTube - Awareness,Unknown - Unknown - 20921238679,,,,,Central Washington University - UG - YouTube - Awareness - Discovery (In-Feed),2024-03-12,32858,0,0,0,0,0,,60.65,361,76,1.132
Central Washington University,UG,UG,YouTube,Central Washington University - UG - YouTube - Awareness,Central Washington University - UG - YouTube - Awareness,Unknown - Unknown - 20917700864,,,,,Central Washington University - UG - YouTube - Awareness - Instream (Skippable),2024-03-12,5958,3,0,0,0,0,,90.37,5921,3604,60.423
Central Washington University,UG,UG,YouTube,Central Washington University - UG - YouTube - Awareness,Central Washington University - UG - YouTube - Awareness,Unknown - Unknown - 20921238679,,,,,Central Washington University - UG - YouTube - Awareness - Discovery (In-Feed),2024-03-13,29476,0,0,0,0,0,,61.09,337,74,1.181
Central Washington University,UG,UG,YouTube,Central Washington University - UG - YouTube - Awareness,Central Washington University - UG - YouTube - Awareness,Unknown - Unknown - 20917700864,,,,,Central Washington University - UG - YouTube - Awareness - Instream (Skippable),2024-03-13,6330,3,0,0,0,0,,90,6270,3694,58.404
Central Washington University,UG,UG,YouTube,Central Washington University - UG - YouTube - Awareness,Central Washington University - UG - YouTube - Awareness,Unknown - Unknown - 20921238679,,,,,Central Washington University - UG - YouTube - Awareness - Discovery (In-Feed),2024-03-14,28032,0,0,0,0,0,,60.26,322,79,1.174
Central Washington University,UG,UG,YouTube,Central Washington University - UG - YouTube - Awareness,Central Washington University - UG - YouTube - Awareness,Unknown - Unknown - 20917700864,,,,,Central Washington University - UG - YouTube - Awareness - Instream (Skippable),2024-03-14,5849,1,0,0,0,0,,90.5,5820,3551,60.745
Central Washington University,UG,UG,YouTube,Central Washington University - UG - YouTube - Awareness,Central Washington University - UG - YouTube - Awareness,Unknown - Unknown - 20921238679,,,,,Central Washington University - UG - YouTube - Awareness - Discovery (In-Feed),2024-03-15,29772,0,0,0,0,0,,61.77,316,62,1.095
Central Washington University,UG,UG,YouTube,Central Washington University - UG - YouTube - Awareness,Central Washington University - UG - YouTube - Awareness,Unknown - Unknown - 20917700864,,,,,Central Washington University - UG - YouTube - Awareness - Instream (Skippable),2024-03-15,5835,3,0,0,0,0,,90.51,5812,3573,61.131
Central Washington University,UG,UG,YouTube,Central Washington University - UG - YouTube - Awareness,Central Washington University - UG - YouTube - Awareness,Unknown - Unknown - 20921238679,,,,,Central Washington University - UG - YouTube - Awareness - Discovery (In-Feed),2024-03-16,32465,0,0,0,0,0,,61.49,349,67,1.1
Central Washington University,UG,UG,YouTube,Central Washington University - UG - YouTube - Awareness,Central Washington University - UG - YouTube - Awareness,Unknown - Unknown - 20917700864,,,,,Central Washington University - UG - YouTube - Awareness - Instream (Skippable),2024-03-16,5833,4,0,0,0,0,,90.58,5802,3514,60.278
Central Washington University,UG,UG,YouTube,Central Washington University - UG - YouTube - Awareness,Central Washington University - UG - YouTube - Awareness,Unknown - Unknown - 20921238679,,,,,Central Washington University - UG - YouTube - Awareness - Discovery (In-Feed),2024-03-17,31730,0,0,0,0,0,,60.55,349,75,1.128
Central Washington University,UG,UG,YouTube,Central Washington University - UG - YouTube - Awareness,Central Washington University - UG - YouTube - Awareness,Unknown - Unknown - 20917700864,,,,,Central Washington University - UG - YouTube - Awareness - Instream (Skippable),2024-03-17,6135,4,0,0,0,0,,90.6,6094,3598,58.615
Central Washington University,UG,UG,YouTube,Central Washington University - UG - YouTube - Awareness,Central Washington University - UG - YouTube - Awareness,Unknown - Unknown - 20921238679,,,,,Central Washington University - UG - YouTube - Awareness - Discovery (In-Feed),2024-03-18,29003,0,0,0,0,0,,61.23,346,70,1.238
Central Washington University,UG,UG,YouTube,Central Washington University - UG - YouTube - Awareness,Central Washington University - UG - YouTube - Awareness,Unknown - Unknown - 20917700864,,,,,Central Washington University - UG - YouTube - Awareness - Instream (Skippable),2024-03-18,5864,5,0,0,0,0,,90.64,5812,3398,57.964
Central Washington University,UG,UG,YouTube,Central Washington University - UG - YouTube - Awareness,Central Washington University - UG - YouTube - Awareness,Unknown - Unknown - 20921238679,,,,,Central Washington University - UG - YouTube - Awareness - Discovery (In-Feed),2024-03-19,27001,0,0,0,0,0,,61.92,295,66,1.137
Central Washington University,UG,UG,YouTube,Central Washington University - UG - YouTube - Awareness,Central Washington University - UG - YouTube - Awareness,Unknown - Unknown - 20917700864,,,,,Central Washington University - UG - YouTube - Awareness - Instream (Skippable),2024-03-19,5666,8,0,0,0,0,,90.3,5636,3342,58.983
Central Washington University,UG,UG,YouTube,Central Washington University - UG - YouTube - Awareness,Central Washington University - UG - YouTube - Awareness,Unknown - Unknown - 20921238679,,,,,Central Washington University - UG - YouTube - Awareness - Discovery (In-Feed),2024-03-20,25572,0,0,0,0,0,,60.94,303,66,1.208
Central Washington University,UG,UG,YouTube,Central Washington University - UG - YouTube - Awareness,Central Washington University - UG - YouTube - Awareness,Unknown - Unknown - 20917700864,,,,,Central Washington University - UG - YouTube - Awareness - Instream (Skippable),2024-03-20,5890,1,0,0,0,0,,90.31,5858,3587,60.764
Central Washington University,UG,UG,YouTube,Central Washington University - UG - YouTube - Awareness,Central Washington University - UG - YouTube - Awareness,Unknown - Unknown - 20921238679,,,,,Central Washington University - UG - YouTube - Awareness - Discovery (In-Feed),2024-03-21,23946,0,0,0,0,0,,60.84,297,47,1.286
Central Washington University,UG,UG,YouTube,Central Washington University - UG - YouTube - Awareness,Central Washington University - UG - YouTube - Awareness,Unknown - Unknown - 20917700864,,,,,Central Washington University - UG - YouTube - Awareness - Instream (Skippable),2024-03-21,5709,4,0,0,0,0,,90.37,5673,3340,58.382
Central Washington University,UG,UG,YouTube,Central Washington University - UG - YouTube - Awareness,Central Washington University - UG - YouTube - Awareness,Unknown - Unknown - 20921238679,,,,,Central Washington University - UG - YouTube - Awareness - Discovery (In-Feed),2024-03-22,25959,0,0,0,0,0,,61.15,306,59,1.217
Central Washington University,UG,UG,YouTube,Central Washington University - UG - YouTube - Awareness,Central Washington University - UG - YouTube - Awareness,Unknown - Unknown - 20917700864,,,,,Central Washington University - UG - YouTube - Awareness - Instream (Skippable),2024-03-22,5786,5,0,0,0,0,,90.22,5749,3323,57.397
Central Washington University,UG,UG,YouTube,Central Washington University - UG - YouTube - Awareness,Central Washington University - UG - YouTube - Awareness,Unknown - Unknown - 20921238679,,,,,Central Washington University - UG - YouTube - Awareness - Discovery (In-Feed),2024-03-23,27224,0,0,0,0,0,,60.75,304,64,1.168
Central Washington University,UG,UG,YouTube,Central Washington University - UG - YouTube - Awareness,Central Washington University - UG - YouTube - Awareness,Unknown - Unknown - 20917700864,,,,,Central Washington University - UG - YouTube - Awareness - Instream (Skippable),2024-03-23,6132,7,0,0,0,0,,90.66,6094,3497,57.11
Central Washington University,UG,UG,YouTube,Central Washington University - UG - YouTube - Awareness,Central Washington University - UG - YouTube - Awareness,Unknown - Unknown - 20921238679,,,,,Central Washington University - UG - YouTube - Awareness - Discovery (In-Feed),2024-03-24,27552,0,0,0,0,0,,60.32,344,53,1.285
Central Washington University,UG,UG,YouTube,Central Washington University - UG - YouTube - Awareness,Central Washington University - UG - YouTube - Awareness,Unknown - Unknown - 20917700864,,,,,Central Washington University - UG - YouTube - Awareness - Instream (Skippable),2024-03-24,6024,3,0,0,0,0,,90.4,5988,3471,57.636
Central Washington University,UG,UG,YouTube,Central Washington University - UG - YouTube - Awareness,Central Washington University - UG - YouTube - Awareness,Unknown - Unknown - 20921238679,,,,,Central Washington University - UG - YouTube - Awareness - Discovery (In-Feed),2024-03-25,28752,0,0,0,0,0,,61.95,330,71,1.183
Central Washington University,UG,UG,YouTube,Central Washington University - UG - YouTube - Awareness,Central Washington University - UG - YouTube - Awareness,Unknown - Unknown - 20917700864,,,,,Central Washington University - UG - YouTube - Awareness - Instream (Skippable),2024-03-25,6134,2,0,0,0,0,,89.77,6104,3547,57.711
Central Washington University,UG,UG,YouTube,Central Washington University - UG - YouTube - Awareness,Central Washington University - UG - YouTube - Awareness,Unknown - Unknown - 20921238679,,,,,Central Washington University - UG - YouTube - Awareness - Discovery (In-Feed),2024-03-26,26533,0,0,0,0,0,,60.92,325,56,1.259
Central Washington University,UG,UG,YouTube,Central Washington University - UG - YouTube - Awareness,Central Washington University - UG - YouTube - Awareness,Unknown - Unknown - 20917700864,,,,,Central Washington University - UG - YouTube - Awareness - Instream (Skippable),2024-03-26,5859,2,0,0,0,0,,90.34,5821,3424,58.355
Central Washington University,UG,UG,YouTube,Central Washington University - UG - YouTube - Awareness,Central Washington University - UG - YouTube - Awareness,Unknown - Unknown - 20921238679,,,,,Central Washington University - UG - YouTube - Awareness - Discovery (In-Feed),2024-03-27,29604,0,0,0,0,0,,60.94,329,50,1.145
Central Washington University,UG,UG,YouTube,Central Washington University - UG - YouTube - Awareness,Central Washington University - UG - YouTube - Awareness,Unknown - Unknown - 20917700864,,,,,Central Washington University - UG - YouTube - Awareness - Instream (Skippable),2024-03-27,5380,4,0,0,0,0,,90.37,5349,3222,59.907
Central Washington University,UG,UG,YouTube,Central Washington University - UG - YouTube - Awareness,Central Washington University - UG - YouTube - Awareness,Unknown - Unknown - 20921238679,,,,,Central Washington University - UG - YouTube - Awareness - Discovery (In-Feed),2024-03-28,26682,0,0,0,0,0,,60.9,338,74,1.293
Central Washington University,UG,UG,YouTube,Central Washington University - UG - YouTube - Awareness,Central Washington University - UG - YouTube - Awareness,Unknown - Unknown - 20917700864,,,,,Central Washington University - UG - YouTube - Awareness - Instream (Skippable),2024-03-28,5538,5,0,0,0,0,,90.55,5519,3262,59.01
Central Washington University,UG,UG,YouTube,Central Washington University - UG - YouTube - Awareness,Central Washington University - UG - YouTube - Awareness,Unknown - Unknown - 20921238679,,,,,Central Washington University - UG - YouTube - Awareness - Discovery (In-Feed),2024-03-29,28499,0,0,0,0,0,,61.67,335,68,1.204
Central Washington University,UG,UG,YouTube,Central Washington University - UG - YouTube - Awareness,Central Washington University - UG - YouTube - Awareness,Unknown - Unknown - 20917700864,,,,,Central Washington University - UG - YouTube - Awareness - Instream (Skippable),2024-03-29,5551,2,0,0,0,0,,90.48,5512,3269,58.854
Central Washington University,UG,UG,YouTube,Central Washington University - UG - YouTube - Awareness,Central Washington University - UG - YouTube - Awareness,Unknown - Unknown - 20921238679,,,,,Central Washington University - UG - YouTube - Awareness - Discovery (In-Feed),2024-03-30,28982,0,0,0,0,0,,60.84,364,65,1.29
Central Washington University,UG,UG,YouTube,Central Washington University - UG - YouTube - Awareness,Central Washington University - UG - YouTube - Awareness,Unknown - Unknown - 20917700864,,,,,Central Washington University - UG - YouTube - Awareness - Instream (Skippable),2024-03-30,5898,5,0,0,0,0,,90.75,5870,3337,56.629
Central Washington University,UG,UG,YouTube,Central Washington University - UG - YouTube - Awareness,Central Washington University - UG - YouTube - Awareness,Unknown - Unknown - 20921238679,,,,,Central Washington University - UG - YouTube - Awareness - Discovery (In-Feed),2024-03-31,30302,0,0,0,0,0,,62.47,383,87,1.307
Central Washington University,UG,UG,YouTube,Central Washington University - UG - YouTube - Awareness,Central Washington University - UG - YouTube - Awareness,Unknown - Unknown - 20917700864,,,,,Central Washington University - UG - YouTube - Awareness - Instream (Skippable),2024-03-31,6226,6,0,0,0,0,,90.69,6182,3474,55.927
Central Washington University,UG,UG,YouTube,Central Washington University - UG - YouTube - Awareness,Central Washington University - UG - YouTube - Awareness,Unknown - Unknown - 20921238679,,,,,Central Washington University - UG - YouTube - Awareness - Discovery (In-Feed),2024-04-01,31085,0,0,0,0,0,,63.13,412,97,1.39
Central Washington University,UG,UG,YouTube,Central Washington University - UG - YouTube - Awareness,Central Washington University - UG - YouTube - Awareness,Unknown - Unknown - 20917700864,,,,,Central Washington University - UG - YouTube - Awareness - Instream (Skippable),2024-04-01,6797,4,0,0,0,0,,90.83,6756,3867,56.643
Central Washington University,UG,UG,YouTube,Central Washington University - UG - YouTube - Awareness,Central Washington University - UG - YouTube - Awareness,Unknown - Unknown - 20921238679,,,,,Central Washington University - UG - YouTube - Awareness - Discovery (In-Feed),2024-04-02,28937,0,0,0,0,0,,63.68,399,88,1.427
Central Washington University,UG,UG,YouTube,Central Washington University - UG - YouTube - Awareness,Central Washington University - UG - YouTube - Awareness,Unknown - Unknown - 20917700864,,,,,Central Washington University - UG - YouTube - Awareness - Instream (Skippable),2024-04-02,6694,2,0,0,0,0,,90.68,6651,4107,61.249
Central Washington University,UG,UG,YouTube,Central Washington University - UG - YouTube - Awareness,Central Washington University - UG - YouTube - Awareness,Unknown - Unknown - 20921238679,,,,,Central Washington University - UG - YouTube - Awareness - Discovery (In-Feed),2024-04-03,29495,0,0,0,0,0,,62.71,402,106,1.417
Central Washington University,UG,UG,YouTube,Central Washington University - UG - YouTube - Awareness,Central Washington University - UG - YouTube - Awareness,Unknown - Unknown - 20917700864,,,,,Central Washington University - UG - YouTube - Awareness - Instream (Skippable),2024-04-03,6283,3,0,0,0,0,,91.49,6251,3757,59.812
Central Washington University,UG,UG,YouTube,Central Washington University - UG - YouTube - Awareness,Central Washington University - UG - YouTube - Awareness,Unknown - Unknown - 20921238679,,,,,Central Washington University - UG - YouTube - Awareness - Discovery (In-Feed),2024-04-04,30363,0,0,0,0,0,,62.94,359,89,1.225
Central Washington University,UG,UG,YouTube,Central Washington University - UG - YouTube - Awareness,Central Washington University - UG - YouTube - Awareness,Unknown - Unknown - 20917700864,,,,,Central Washington University - UG - YouTube - Awareness - Instream (Skippable),2024-04-04,6378,3,0,0,0,0,,91.32,6344,3854,60.395
Central Washington University,UG,UG,YouTube,Central Washington University - UG - YouTube - Awareness,Central Washington University - UG - YouTube - Awareness,Unknown - Unknown - 20921238679,,,,,Central Washington University - UG - YouTube - Awareness - Discovery (In-Feed),2024-04-05,31150,0,0,0,0,0,,62.91,369,99,1.226
Central Washington University,UG,UG,YouTube,Central Washington University - UG - YouTube - Awareness,Central Washington University - UG - YouTube - Awareness,Unknown - Unknown - 20917700864,,,,,Central Washington University - UG - YouTube - Awareness - Instream (Skippable),2024-04-05,6353,5,0,0,0,0,,91.48,6313,3696,58.209
Central Washington University,UG,UG,YouTube,Central Washington University - UG - YouTube - Awareness,Central Washington University - UG - YouTube - Awareness,Unknown - Unknown - 20921238679,,,,,Central Washington University - UG - YouTube - Awareness - Discovery (In-Feed),2024-04-06,32219,0,0,0,0,0,,63.23,367,95,1.186
Central Washington University,UG,UG,YouTube,Central Washington University - UG - YouTube - Awareness,Central Washington University - UG - YouTube - Awareness,Unknown - Unknown - 20917700864,,,,,Central Washington University - UG - YouTube - Awareness - Instream (Skippable),2024-04-06,6446,5,0,0,0,0,,91.44,6400,3754,58.3
Central Washington University,UG,UG,YouTube,Central Washington University - UG - YouTube - Awareness,Central Washington University - UG - YouTube - Awareness,Unknown - Unknown - 20921238679,,,,,Central Washington University - UG - YouTube - Awareness - Discovery (In-Feed),2024-04-07,33550,0,0,0,0,0,,62.52,384,82,1.174
Central Washington University,UG,UG,YouTube,Central Washington University - UG - YouTube - Awareness,Central Washington University - UG - YouTube - Awareness,Unknown - Unknown - 20917700864,,,,,Central Washington University - UG - YouTube - Awareness - Instream (Skippable),2024-04-07,6762,1,0,0,0,0,,91.69,6724,4030,59.642
Central Washington University,UG,UG,YouTube,Central Washington University - UG - YouTube - Awareness,Central Washington University - UG - YouTube - Awareness,Unknown - Unknown - 20921238679,,,,,Central Washington University - UG - YouTube - Awareness - Discovery (In-Feed),2024-04-08,28454,0,0,0,0,0,,63.2,329,90,1.202
Central Washington University,UG,UG,YouTube,Central Washington University - UG - YouTube - Awareness,Central Washington University - UG - YouTube - Awareness,Unknown - Unknown - 20917700864,,,,,Central Washington University - UG - YouTube - Awareness - Instream (Skippable),2024-04-08,6331,5,0,0,0,0,,91.12,6284,3734,58.98
Central Washington University,UG,UG,YouTube,Central Washington University - UG - YouTube - Awareness,Central Washington University - UG - YouTube - Awareness,Unknown - Unknown - 20921238679,,,,,Central Washington University - UG - YouTube - Awareness - Discovery (In-Feed),2024-04-09,24824,0,0,0,0,0,,63.81,336,79,1.37
Central Washington University,UG,UG,YouTube,Central Washington University - UG - YouTube - Awareness,Central Washington University - UG - YouTube - Awareness,Unknown - Unknown - 20917700864,,,,,Central Washington University - UG - YouTube - Awareness - Instream (Skippable),2024-04-09,6299,5,0,0,0,0,,90.23,6254,3743,59.438
Central Washington University,UG,UG,YouTube,Central Washington University - UG - YouTube - Awareness,Central Washington University - UG - YouTube - Awareness,Unknown - Unknown - 20921238679,,,,,Central Washington University - UG - YouTube - Awareness - Discovery (In-Feed),2024-04-10,28238,0,0,0,0,0,,64.27,355,85,1.286
Central Washington University,UG,UG,YouTube,Central Washington University - UG - YouTube - Awareness,Central Washington University - UG - YouTube - Awareness,Unknown - Unknown - 20917700864,,,,,Central Washington University - UG - YouTube - Awareness - Instream (Skippable),2024-04-10,6088,3,0,0,0,0,,90.22,6044,3610,59.346
Central Washington University,UG,UG,YouTube,Central Washington University - UG - YouTube - Awareness,Central Washington University - UG - YouTube - Awareness,Unknown - Unknown - 20921238679,,,,,Central Washington University - UG - YouTube - Awareness - Discovery (In-Feed),2024-04-11,26831,0,0,0,0,0,,63.65,337,79,1.308
Central Washington University,UG,UG,YouTube,Central Washington University - UG - YouTube - Awareness,Central Washington University - UG - YouTube - Awareness,Unknown - Unknown - 20917700864,,,,,Central Washington University - UG - YouTube - Awareness - Instream (Skippable),2024-04-11,5940,2,0,0,0,0,,90.39,5906,3525,59.276
Central Washington University,UG,UG,YouTube,Central Washington University - UG - YouTube - Awareness,Central Washington University - UG - YouTube - Awareness,Unknown - Unknown - 20921238679,,,,,Central Washington University - UG - YouTube - Awareness - Discovery (In-Feed),2024-04-12,23218,0,0,0,0,0,,63.18,331,83,1.486
Central Washington University,UG,UG,YouTube,Central Washington University - UG - YouTube - Awareness,Central Washington University - UG - YouTube - Awareness,Unknown - Unknown - 20917700864,,,,,Central Washington University - UG - YouTube - Awareness - Instream (Skippable),2024-04-12,5880,3,0,0,0,0,,91.2,5846,3457,58.793
Central Washington University,UG,UG,YouTube,Central Washington University - UG - YouTube - Awareness,Central Washington University - UG - YouTube - Awareness,Unknown - Unknown - 20921238679,,,,,Central Washington University - UG - YouTube - Awareness - Discovery (In-Feed),2024-04-13,29341,0,0,0,0,0,,63.7,350,82,1.237
Central Washington University,UG,UG,YouTube,Central Washington University - UG - YouTube - Awareness,Central Washington University - UG - YouTube - Awareness,Unknown - Unknown - 20917700864,,,,,Central Washington University - UG - YouTube - Awareness - Instream (Skippable),2024-04-13,5663,6,0,0,0,0,,90.6,5617,3289,58.202
Central Washington University,UG,UG,YouTube,Central Washington University - UG - YouTube - Awareness,Central Washington University - UG - YouTube - Awareness,Unknown - Unknown - 20921238679,,,,,Central Washington University - UG - YouTube - Awareness - Discovery (In-Feed),2024-04-14,29471,0,0,0,0,0,,62.67,376,92,1.296
Central Washington University,UG,UG,YouTube,Central Washington University - UG - YouTube - Awareness,Central Washington University - UG - YouTube - Awareness,Unknown - Unknown - 20917700864,,,,,Central Washington University - UG - YouTube - Awareness - Instream (Skippable),2024-04-14,6028,9,0,0,0,0,,91.26,5991,3566,59.307
Central Washington University,UG,UG,YouTube,Central Washington University - UG - YouTube - Awareness,Central Washington University - UG - YouTube - Awareness,Unknown - Unknown - 20921238679,,,,,Central Washington University - UG - YouTube - Awareness - Discovery (In-Feed),2024-04-15,27099,0,0,0,0,0,,62.54,335,63,1.288
Central Washington University,UG,UG,YouTube,Central Washington University - UG - YouTube - Awareness,Central Washington University - UG - YouTube - Awareness,Unknown - Unknown - 20917700864,,,,,Central Washington University - UG - YouTube - Awareness - Instream (Skippable),2024-04-15,5895,9,0,0,0,0,,91.63,5851,3554,60.322
Central Washington University,UG,UG,YouTube,Central Washington University - UG - YouTube - Awareness,Central Washington University - UG - YouTube - Awareness,Unknown - Unknown - 20921238679,,,,,Central Washington University - UG - YouTube - Awareness - Discovery (In-Feed),2024-04-16,24967,0,0,0,0,0,,62.68,318,74,1.334
Central Washington University,UG,UG,YouTube,Central Washington University - UG - YouTube - Awareness,Central Washington University - UG - YouTube - Awareness,Unknown - Unknown - 20917700864,,,,,Central Washington University - UG - YouTube - Awareness - Instream (Skippable),2024-04-16,5713,7,0,0,0,0,,91.5,5686,3437,60.179
Central Washington University,UG,UG,YouTube,Central Washington University - UG - YouTube - Awareness,Central Washington University - UG - YouTube - Awareness,Unknown - Unknown - 20921238679,,,,,Central Washington University - UG - YouTube - Awareness - Discovery (In-Feed),2024-04-17,25927,0,0,0,0,0,,62.36,345,96,1.377
Central Washington University,UG,UG,YouTube,Central Washington University - UG - YouTube - Awareness,Central Washington University - UG - YouTube - Awareness,Unknown - Unknown - 20917700864,,,,,Central Washington University - UG - YouTube - Awareness - Instream (Skippable),2024-04-17,5680,4,0,0,0,0,,91.47,5651,3534,62.201
Central Washington University,UG,UG,YouTube,Central Washington University - UG - YouTube - Awareness,Central Washington University - UG - YouTube - Awareness,Unknown - Unknown - 20921238679,,,,,Central Washington University - UG - YouTube - Awareness - Discovery (In-Feed),2024-04-18,25185,0,0,0,0,0,,63.98,341,96,1.421
Central Washington University,UG,UG,YouTube,Central Washington University - UG - YouTube - Awareness,Central Washington University - UG - YouTube - Awareness,Unknown - Unknown - 20917700864,,,,,Central Washington University - UG - YouTube - Awareness - Instream (Skippable),2024-04-18,5809,4,0,0,0,0,,90.79,5789,3464,59.632
Central Washington University,UG,UG,YouTube,Central Washington University - UG - YouTube - Awareness,Central Washington University - UG - YouTube - Awareness,Unknown - Unknown - 20921238679,,,,,Central Washington University - UG - YouTube - Awareness - Discovery (In-Feed),2024-04-19,24598,0,0,0,0,0,,62.83,349,85,1.5
Central Washington University,UG,UG,YouTube,Central Washington University - UG - YouTube - Awareness,Central Washington University - UG - YouTube - Awareness,Unknown - Unknown - 20917700864,,,,,Central Washington University - UG - YouTube - Awareness - Instream (Skippable),2024-04-19,5638,2,0,0,0,0,,91.34,5597,3450,61.032
Central Washington University,UG,UG,YouTube,Central Washington University - UG - YouTube - Awareness,Central Washington University - UG - YouTube - Awareness,Unknown - Unknown - 20921238679,,,,,Central Washington University - UG - YouTube - Awareness - Discovery (In-Feed),2024-04-20,26845,0,0,0,0,0,,62.16,371,75,1.419
Central Washington University,UG,UG,YouTube,Central Washington University - UG - YouTube - Awareness,Central Washington University - UG - YouTube - Awareness,Unknown - Unknown - 20917700864,,,,,Central Washington University - UG - YouTube - Awareness - Instream (Skippable),2024-04-20,5647,6,0,0,0,0,,91.48,5609,3349,59.447
Central Washington University,UG,UG,YouTube,Central Washington University - UG - YouTube - Awareness,Central Washington University - UG - YouTube - Awareness,Unknown - Unknown - 20921238679,,,,,Central Washington University - UG - YouTube - Awareness - Discovery (In-Feed),2024-04-21,33169,0,0,0,0,0,,62.81,392,98,1.233
Central Washington University,UG,UG,YouTube,Central Washington University - UG - YouTube - Awareness,Central Washington University - UG - YouTube - Awareness,Unknown - Unknown - 20917700864,,,,,Central Washington University - UG - YouTube - Awareness - Instream (Skippable),2024-04-21,5924,10,0,0,0,0,,91.45,5874,3503,59.251
Central Washington University,UG,UG,YouTube,Central Washington University - UG - YouTube - Awareness,Central Washington University - UG - YouTube - Awareness,Unknown - Unknown - 20921238679,,,,,Central Washington University - UG - YouTube - Awareness - Discovery (In-Feed),2024-04-22,22243,0,0,0,0,0,,62.45,321,78,1.506
Central Washington University,UG,UG,YouTube,Central Washington University - UG - YouTube - Awareness,Central Washington University - UG - YouTube - Awareness,Unknown - Unknown - 20917700864,,,,,Central Washington University - UG - YouTube - Awareness - Instream (Skippable),2024-04-22,5821,8,0,0,0,0,,91.58,5775,3504,60.316
Central Washington University,UG,UG,YouTube,Central Washington University - UG - YouTube - Awareness,Central Washington University - UG - YouTube - Awareness,Unknown - Unknown - 20921238679,,,,,Central Washington University - UG - YouTube - Awareness - Discovery (In-Feed),2024-04-23,25689,0,0,0,0,0,,63.17,329,91,1.316
Central Washington University,UG,UG,YouTube,Central Washington University - UG - YouTube - Awareness,Central Washington University - UG - YouTube - Awareness,Unknown - Unknown - 20917700864,,,,,Central Washington University - UG - YouTube - Awareness - Instream (Skippable),2024-04-23,5964,4,0,0,0,0,,91.14,5936,3726,62.374
Central Washington University,UG,UG,YouTube,Central Washington University - UG - YouTube - Awareness,Central Washington University - UG - YouTube - Awareness,Unknown - Unknown - 20921238679,,,,,Central Washington University - UG - YouTube - Awareness - Discovery (In-Feed),2024-04-24,23898,0,0,0,0,0,,62.93,344,98,1.511
Central Washington University,UG,UG,YouTube,Central Washington University - UG - YouTube - Awareness,Central Washington University - UG - YouTube - Awareness,Unknown - Unknown - 20917700864,,,,,Central Washington University - UG - YouTube - Awareness - Instream (Skippable),2024-04-24,5993,6,0,0,0,0,,91.64,5940,3588,59.937
Central Washington University,UG,UG,YouTube,Central Washington University - UG - YouTube - Awareness,Central Washington University - UG - YouTube - Awareness,Unknown - Unknown - 20921238679,,,,,Central Washington University - UG - YouTube - Awareness - Discovery (In-Feed),2024-04-25,24468,0,0,0,0,0,,62.58,318,82,1.349
Central Washington University,UG,UG,YouTube,Central Washington University - UG - YouTube - Awareness,Central Washington University - UG - YouTube - Awareness,Unknown - Unknown - 20917700864,,,,,Central Washington University - UG - YouTube - Awareness - Instream (Skippable),2024-04-25,6024,4,0,0,0,0,,91.46,5987,3575,59.213
Central Washington University,UG,UG,YouTube,Central Washington University - UG - YouTube - Awareness,Central Washington University - UG - YouTube - Awareness,Unknown - Unknown - 20921238679,,,,,Central Washington University - UG - YouTube - Awareness - Discovery (In-Feed),2024-04-26,23774,0,0,0,0,0,,62.61,329,87,1.43
Central Washington University,UG,UG,YouTube,Central Washington University - UG - YouTube - Awareness,Central Washington University - UG - YouTube - Awareness,Unknown - Unknown - 20917700864,,,,,Central Washington University - UG - YouTube - Awareness - Instream (Skippable),2024-04-26,5746,3,0,0,0,0,,91.72,5715,3450,60.007
Central Washington University,UG,UG,YouTube,Central Washington University - UG - YouTube - Awareness,Central Washington University - UG - YouTube - Awareness,Unknown - Unknown - 20921238679,,,,,Central Washington University - UG - YouTube - Awareness - Discovery (In-Feed),2024-04-27,27147,0,0,0,0,0,,64.08,338,80,1.304
Central Washington University,UG,UG,YouTube,Central Washington University - UG - YouTube - Awareness,Central Washington University - UG - YouTube - Awareness,Unknown - Unknown - 20917700864,,,,,Central Washington University - UG - YouTube - Awareness - Instream (Skippable),2024-04-27,6077,7,0,0,0,0,,90.9,6051,3555,58.697
Central Washington University,UG,UG,YouTube,Central Washington University - UG - YouTube - Awareness,Central Washington University - UG - YouTube - Awareness,Unknown - Unknown - 20921238679,,,,,Central Washington University - UG - YouTube - Awareness - Discovery (In-Feed),2024-04-28,28547,0,0,0,0,0,,62.99,366,84,1.352
Central Washington University,UG,UG,YouTube,Central Washington University - UG - YouTube - Awareness,Central Washington University - UG - YouTube - Awareness,Unknown - Unknown - 20917700864,,,,,Central Washington University - UG - YouTube - Awareness - Instream (Skippable),2024-04-28,6451,4,0,0,0,0,,91.74,6410,3732,57.914
Central Washington University,UG,UG,YouTube,Central Washington University - UG - YouTube - Awareness,Central Washington University - UG - YouTube - Awareness,Unknown - Unknown - 20921238679,,,,,Central Washington University - UG - YouTube - Awareness - Discovery (In-Feed),2024-04-29,26140,0,0,0,0,0,,62.4,345,87,1.385
Central Washington University,UG,UG,YouTube,Central Washington University - UG - YouTube - Awareness,Central Washington University - UG - YouTube - Awareness,Unknown - Unknown - 20917700864,,,,,Central Washington University - UG - YouTube - Awareness - Instream (Skippable),2024-04-29,6196,3,0,0,0,0,,91.9,6159,3720,60.055
Central Washington University,UG,UG,YouTube,Central Washington University - UG - YouTube - Awareness,Central Washington University - UG - YouTube - Awareness,Unknown - Unknown - 20921238679,,,,,Central Washington University - UG - YouTube - Awareness - Discovery (In-Feed),2024-04-30,27399,0,0,0,0,0,,62.77,338,93,1.27
Central Washington University,UG,UG,YouTube,Central Washington University - UG - YouTube - Awareness,Central Washington University - UG - YouTube - Awareness,Unknown - Unknown - 20917700864,,,,,Central Washington University - UG - YouTube - Awareness - Instream (Skippable),2024-04-30,6052,4,0,0,0,0,,91.93,6021,3519,57.997
Central Washington University,UG,UG,YouTube,Central Washington University - UG - YouTube - Awareness,Central Washington University - UG - YouTube - Awareness,Unknown - Unknown - 20921238679,,,,,Central Washington University - UG - YouTube - Awareness - Discovery (In-Feed),2024-05-01,25461,0,0,0,0,0,,61.78,330,68,1.339
Central Washington University,UG,UG,YouTube,Central Washington University - UG - YouTube - Awareness,Central Washington University - UG - YouTube - Awareness,Unknown - Unknown - 20917700864,,,,,Central Washington University - UG - YouTube - Awareness - Instream (Skippable),2024-05-01,6469,10,0,0,0,0,,91.71,6420,3858,59.685
Central Washington University,UG,UG,YouTube,Central Washington University - UG - YouTube - Awareness,Central Washington University - UG - YouTube - Awareness,Unknown - Unknown - 20921238679,,,,,Central Washington University - UG - YouTube - Awareness - Discovery (In-Feed),2024-05-02,23786,0,0,0,0,0,,61.8,347,88,1.513
Central Washington University,UG,UG,YouTube,Central Washington University - UG - YouTube - Awareness,Central Washington University - UG - YouTube - Awareness,Unknown - Unknown - 20917700864,,,,,Central Washington University - UG - YouTube - Awareness - Instream (Skippable),2024-05-02,6172,7,0,0,0,0,,92.43,6131,3732,60.288
Central Washington University,UG,UG,YouTube,Central Washington University - UG - YouTube - Awareness,Central Washington University - UG - YouTube - Awareness,Unknown - Unknown - 20921238679,,,,,Central Washington University - UG - YouTube - Awareness - Discovery (In-Feed),2024-05-03,25462,0,0,0,0,0,,62.04,367,71,1.492
Central Washington University,UG,UG,YouTube,Central Washington University - UG - YouTube - Awareness,Central Washington University - UG - YouTube - Awareness,Unknown - Unknown - 20917700864,,,,,Central Washington University - UG - YouTube - Awareness - Instream (Skippable),2024-05-03,6334,12,0,0,0,0,,92.38,6292,3745,59.189
Central Washington University,UG,UG,YouTube,Central Washington University - UG - YouTube - Awareness,Central Washington University - UG - YouTube - Awareness,Unknown - Unknown - 20921238679,,,,,Central Washington University - UG - YouTube - Awareness - Discovery (In-Feed),2024-05-04,31885,0,0,0,0,0,,61.69,386,80,1.273
Central Washington University,UG,UG,YouTube,Central Washington University - UG - YouTube - Awareness,Central Washington University - UG - YouTube - Awareness,Unknown - Unknown - 20917700864,,,,,Central Washington University - UG - YouTube - Awareness - Instream (Skippable),2024-05-04,6580,6,0,0,0,0,,91.74,6523,3717,56.641
Central Washington University,UG,UG,YouTube,Central Washington University - UG - YouTube - Awareness,Central Washington University - UG - YouTube - Awareness,Unknown - Unknown - 20921238679,,,,,Central Washington University - UG - YouTube - Awareness - Discovery (In-Feed),2024-05-05,32306,0,0,0,0,0,,62.8,426,77,1.368
Central Washington University,UG,UG,YouTube,Central Washington University - UG - YouTube - Awareness,Central Washington University - UG - YouTube - Awareness,Unknown - Unknown - 20917700864,,,,,Central Washington University - UG - YouTube - Awareness - Instream (Skippable),2024-05-05,6889,3,0,0,0,0,,91.65,6839,3922,56.989
Central Washington University,UG,UG,YouTube,Central Washington University - UG - YouTube - Awareness,Central Washington University - UG - YouTube - Awareness,Unknown - Unknown - 20921238679,,,,,Central Washington University - UG - YouTube - Awareness - Discovery (In-Feed),2024-05-06,25171,0,0,0,0,0,,61.74,415,76,1.669
Central Washington University,UG,UG,YouTube,Central Washington University - UG - YouTube - Awareness,Central Washington University - UG - YouTube - Awareness,Unknown - Unknown - 20917700864,,,,,Central Washington University - UG - YouTube - Awareness - Instream (Skippable),2024-05-06,6496,3,0,0,0,0,,91.65,6441,3889,59.529
Central Washington University,UG,UG,YouTube,Central Washington University - UG - YouTube - Awareness,Central Washington University - UG - YouTube - Awareness,Unknown - Unknown - 20921238679,,,,,Central Washington University - UG - YouTube - Awareness - Discovery (In-Feed),2024-05-07,25811,0,0,0,0,0,,61.95,385,91,1.519
Central Washington University,UG,UG,YouTube,Central Washington University - UG - YouTube - Awareness,Central Washington University - UG - YouTube - Awareness,Unknown - Unknown - 20917700864,,,,,Central Washington University - UG - YouTube - Awareness - Instream (Skippable),2024-05-07,6145,3,0,0,0,0,,91.69,6087,3718,60.277
Central Washington University,UG,UG,YouTube,Central Washington University - UG - YouTube - Awareness,Central Washington University - UG - YouTube - Awareness,Unknown - Unknown - 20921238679,,,,,Central Washington University - UG - YouTube - Awareness - Discovery (In-Feed),2024-05-08,22162,0,0,0,0,0,,61.83,386,91,1.818
Central Washington University,UG,UG,YouTube,Central Washington University - UG - YouTube - Awareness,Central Washington University - UG - YouTube - Awareness,Unknown - Unknown - 20917700864,,,,,Central Washington University - UG - YouTube - Awareness - Instream (Skippable),2024-05-08,6064,5,0,0,0,0,,91.82,6006,3744,61.708
Central Washington University,UG,UG,YouTube,Central Washington University - UG - YouTube - Awareness,Central Washington University - UG - YouTube - Awareness,Unknown - Unknown - 20921238679,,,,,Central Washington University - UG - YouTube - Awareness - Discovery (In-Feed),2024-05-09,23280,0,0,0,0,0,,61.87,390,100,1.735
Central Washington University,UG,UG,YouTube,Central Washington University - UG - YouTube - Awareness,Central Washington University - UG - YouTube - Awareness,Unknown - Unknown - 20917700864,,,,,Central Washington University - UG - YouTube - Awareness - Instream (Skippable),2024-05-09,5828,7,0,0,0,0,,92.18,5795,3518,60.226
Central Washington University,UG,UG,YouTube,Central Washington University - UG - YouTube - Awareness,Central Washington University - UG - YouTube - Awareness,Unknown - Unknown - 20921238679,,,,,Central Washington University - UG - YouTube - Awareness - Discovery (In-Feed),2024-05-10,24436,0,0,0,0,0,,62.42,422,103,1.772
Central Washington University,UG,UG,YouTube,Central Washington University - UG - YouTube - Awareness,Central Washington University - UG - YouTube - Awareness,Unknown - Unknown - 20917700864,,,,,Central Washington University - UG - YouTube - Awareness - Instream (Skippable),2024-05-10,5853,7,0,0,0,0,,91.32,5821,3517,60.072
Central Washington University,UG,UG,YouTube,Central Washington University - UG - YouTube - Awareness,Central Washington University - UG - YouTube - Awareness,Unknown - Unknown - 20921238679,,,,,Central Washington University - UG - YouTube - Awareness - Discovery (In-Feed),2024-05-11,27306,0,0,0,0,0,,61.42,440,116,1.648
Central Washington University,UG,UG,YouTube,Central Washington University - UG - YouTube - Awareness,Central Washington University - UG - YouTube - Awareness,Unknown - Unknown - 20917700864,,,,,Central Washington University - UG - YouTube - Awareness - Instream (Skippable),2024-05-11,6362,4,0,0,0,0,,91.71,6320,3752,58.944
Central Washington University,UG,UG,YouTube,Central Washington University - UG - YouTube - Awareness,Central Washington University - UG - YouTube - Awareness,Unknown - Unknown - 20921238679,,,,,Central Washington University - UG - YouTube - Awareness - Discovery (In-Feed),2024-05-12,24424,0,0,0,0,0,,61.78,448,81,1.892
Central Washington University,UG,UG,YouTube,Central Washington University - UG - YouTube - Awareness,Central Washington University - UG - YouTube - Awareness,Unknown - Unknown - 20917700864,,,,,Central Washington University - UG - YouTube - Awareness - Instream (Skippable),2024-05-12,6151,2,0,0,0,0,,92.12,6118,3624,58.868
Central Washington University,UG,UG,YouTube,Central Washington University - UG - YouTube - Awareness,Central Washington University - UG - YouTube - Awareness,Unknown - Unknown - 20921238679,,,,,Central Washington University - UG - YouTube - Awareness - Discovery (In-Feed),2024-05-13,23135,0,0,0,0,0,,61.49,417,86,1.815
Central Washington University,UG,UG,YouTube,Central Washington University - UG - YouTube - Awareness,Central Washington University - UG - YouTube - Awareness,Unknown - Unknown - 20917700864,,,,,Central Washington University - UG - YouTube - Awareness - Instream (Skippable),2024-05-13,6338,5,0,0,0,0,,92.15,6308,3770,59.419
Central Washington University,UG,UG,YouTube,Central Washington University - UG - YouTube - Awareness,Central Washington University - UG - YouTube - Awareness,Unknown - Unknown - 20921238679,,,,,Central Washington University - UG - YouTube - Awareness - Discovery (In-Feed),2024-05-14,21037,0,0,0,0,0,,61.04,416,109,1.996
Central Washington University,UG,UG,YouTube,Central Washington University - UG - YouTube - Awareness,Central Washington University - UG - YouTube - Awareness,Unknown - Unknown - 20917700864,,,,,Central Washington University - UG - YouTube - Awareness - Instream (Skippable),2024-05-14,6250,5,0,0,0,0,,91.9,6207,3810,60.944
Central Washington University,UG,UG,YouTube,Central Washington University - UG - YouTube - Awareness,Central Washington University - UG - YouTube - Awareness,Unknown - Unknown - 20921238679,,,,,Central Washington University - UG - YouTube - Awareness - Discovery (In-Feed),2024-05-15,23532,0,0,0,0,0,,61.45,415,106,1.776
Central Washington University,UG,UG,YouTube,Central Washington University - UG - YouTube - Awareness,Central Washington University - UG - YouTube - Awareness,Unknown - Unknown - 20917700864,,,,,Central Washington University - UG - YouTube - Awareness - Instream (Skippable),2024-05-15,6285,6,0,0,0,0,,92.29,6242,3639,57.804
Central Washington University,UG,UG,YouTube,Central Washington University - UG - YouTube - Awareness,Central Washington University - UG - YouTube - Awareness,Unknown - Unknown - 20921238679,,,,,Central Washington University - UG - YouTube - Awareness - Discovery (In-Feed),2024-05-16,24322,0,0,0,0,0,,61.84,397,106,1.682
Central Washington University,UG,UG,YouTube,Central Washington University - UG - YouTube - Awareness,Central Washington University - UG - YouTube - Awareness,Unknown - Unknown - 20917700864,,,,,Central Washington University - UG - YouTube - Awareness - Instream (Skippable),2024-05-16,5971,5,0,0,0,0,,91.84,5918,3452,57.846
Central Washington University,UG,UG,YouTube,Central Washington University - UG - YouTube - Awareness,Central Washington University - UG - YouTube - Awareness,Unknown - Unknown - 20921238679,,,,,Central Washington University - UG - YouTube - Awareness - Discovery (In-Feed),2024-05-17,25437,0,0,0,0,0,,61.69,372,91,1.51
Central Washington University,UG,UG,YouTube,Central Washington University - UG - YouTube - Awareness,Central Washington University - UG - YouTube - Awareness,Unknown - Unknown - 20917700864,,,,,Central Washington University - UG - YouTube - Awareness - Instream (Skippable),2024-05-17,5888,6,0,0,0,0,,92.14,5837,3490,59.154
Central Washington University,UG,UG,YouTube,Central Washington University - UG - YouTube - Awareness,Central Washington University - UG - YouTube - Awareness,Unknown - Unknown - 20921238679,,,,,Central Washington University - UG - YouTube - Awareness - Discovery (In-Feed),2024-05-18,25942,0,0,0,0,0,,61.92,389,93,1.538
Central Washington University,UG,UG,YouTube,Central Washington University - UG - YouTube - Awareness,Central Washington University - UG - YouTube - Awareness,Unknown - Unknown - 20917700864,,,,,Central Washington University - UG - YouTube - Awareness - Instream (Skippable),2024-05-18,6026,5,0,0,0,0,,91.93,5983,3467,57.551
Central Washington University,UG,UG,YouTube,Central Washington University - UG - YouTube - Awareness,Central Washington University - UG - YouTube - Awareness,Unknown - Unknown - 20921238679,,,,,Central Washington University - UG - YouTube - Awareness - Discovery (In-Feed),2024-05-19,24059,0,0,0,0,0,,61.77,407,81,1.758
Central Washington University,UG,UG,YouTube,Central Washington University - UG - YouTube - Awareness,Central Washington University - UG - YouTube - Awareness,Unknown - Unknown - 20917700864,,,,,Central Washington University - UG - YouTube - Awareness - Instream (Skippable),2024-05-19,6247,4,0,0,0,0,,91.98,6212,3448,55.227
Central Washington University,UG,UG,YouTube,Central Washington University - UG - YouTube - Awareness,Central Washington University - UG - YouTube - Awareness,Unknown - Unknown - 20921238679,,,,,Central Washington University - UG - YouTube - Awareness - Discovery (In-Feed),2024-05-20,25209,0,0,0,0,0,,62.49,410,107,1.682
Central Washington University,UG,UG,YouTube,Central Washington University - UG - YouTube - Awareness,Central Washington University - UG - YouTube - Awareness,Unknown - Unknown - 20917700864,,,,,Central Washington University - UG - YouTube - Awareness - Instream (Skippable),2024-05-20,6259,6,0,0,0,0,,91.77,6206,3582,57.102
Central Washington University,UG,UG,YouTube,Central Washington University - UG - YouTube - Awareness,Central Washington University - UG - YouTube - Awareness,Unknown - Unknown - 20921238679,,,,,Central Washington University - UG - YouTube - Awareness - Discovery (In-Feed),2024-05-21,26689,0,0,0,0,0,,61.93,379,88,1.484
Central Washington University,UG,UG,YouTube,Central Washington University - UG - YouTube - Awareness,Central Washington University - UG - YouTube - Awareness,Unknown - Unknown - 20917700864,,,,,Central Washington University - UG - YouTube - Awareness - Instream (Skippable),2024-05-21,6064,5,0,0,0,0,,91.69,6014,3486,57.404
Central Washington University,UG,UG,YouTube,Central Washington University - UG - YouTube - Awareness,Central Washington University - UG - YouTube - Awareness,Unknown - Unknown - 20921238679,,,,,Central Washington University - UG - YouTube - Awareness - Discovery (In-Feed),2024-05-22,24916,0,0,0,0,0,,61.83,380,78,1.537
Central Washington University,UG,UG,YouTube,Central Washington University - UG - YouTube - Awareness,Central Washington University - UG - YouTube - Awareness,Unknown - Unknown - 20917700864,,,,,Central Washington University - UG - YouTube - Awareness - Instream (Skippable),2024-05-22,6160,8,0,0,0,0,,91.86,6121,3574,57.987
Central Washington University,UG,UG,YouTube,Central Washington University - UG - YouTube - Awareness,Central Washington University - UG - YouTube - Awareness,Unknown - Unknown - 20921238679,,,,,Central Washington University - UG - YouTube - Awareness - Discovery (In-Feed),2024-05-23,23864,0,0,0,0,0,,61.87,357,88,1.542
Central Washington University,UG,UG,YouTube,Central Washington University - UG - YouTube - Awareness,Central Washington University - UG - YouTube - Awareness,Unknown - Unknown - 20917700864,,,,,Central Washington University - UG - YouTube - Awareness - Instream (Skippable),2024-05-23,5960,4,0,0,0,0,,91.97,5915,3558,59.581
Central Washington University,UG,UG,YouTube,Central Washington University - UG - YouTube - Awareness,Central Washington University - UG - YouTube - Awareness,Unknown - Unknown - 20921238679,,,,,Central Washington University - UG - YouTube - Awareness - Discovery (In-Feed),2024-05-24,26741,0,0,0,0,0,,61.89,383,85,1.481
Central Washington University,UG,UG,YouTube,Central Washington University - UG - YouTube - Awareness,Central Washington University - UG - YouTube - Awareness,Unknown - Unknown - 20917700864,,,,,Central Washington University - UG - YouTube - Awareness - Instream (Skippable),2024-05-24,5698,5,0,0,0,0,,91.73,5654,3382,59.284
Central Washington University,UG,UG,YouTube,Central Washington University - UG - YouTube - Awareness,Central Washington University - UG - YouTube - Awareness,Unknown - Unknown - 20921238679,,,,,Central Washington University - UG - YouTube - Awareness - Discovery (In-Feed),2024-05-25,28596,0,0,0,0,0,,61.92,413,96,1.462
Central Washington University,UG,UG,YouTube,Central Washington University - UG - YouTube - Awareness,Central Washington University - UG - YouTube - Awareness,Unknown - Unknown - 20917700864,,,,,Central Washington University - UG - YouTube - Awareness - Instream (Skippable),2024-05-25,5928,5,0,0,0,0,,91.97,5898,3543,59.801
Central Washington University,UG,UG,YouTube,Central Washington University - UG - YouTube - Awareness,Central Washington University - UG - YouTube - Awareness,Unknown - Unknown - 20921238679,,,,,Central Washington University - UG - YouTube - Awareness - Discovery (In-Feed),2024-05-26,29261,0,0,0,0,0,,61.84,416,91,1.439
Central Washington University,UG,UG,YouTube,Central Washington University - UG - YouTube - Awareness,Central Washington University - UG - YouTube - Awareness,Unknown - Unknown - 20917700864,,,,,Central Washington University - UG - YouTube - Awareness - Instream (Skippable),2024-05-26,6193,11,0,0,0,0,,91.89,6150,3472,56.241
Central Washington University,UG,UG,YouTube,Central Washington University - UG - YouTube - Awareness,Central Washington University - UG - YouTube - Awareness,Unknown - Unknown - 20921238679,,,,,Central Washington University - UG - YouTube - Awareness - Discovery (In-Feed),2024-05-27,26282,0,0,0,0,0,,61.87,432,86,1.686
Central Washington University,UG,UG,YouTube,Central Washington University - UG - YouTube - Awareness,Central Washington University - UG - YouTube - Awareness,Unknown - Unknown - 20917700864,,,,,Central Washington University - UG - YouTube - Awareness - Instream (Skippable),2024-05-27,6302,9,0,0,0,0,,92.16,6283,3546,56.3
Central Washington University,UG,UG,YouTube,Central Washington University - UG - YouTube - Awareness,Central Washington University - UG - YouTube - Awareness,Unknown - Unknown - 20921238679,,,,,Central Washington University - UG - YouTube - Awareness - Discovery (In-Feed),2024-05-28,26801,0,0,0,0,0,,61.42,413,94,1.571
Central Washington University,UG,UG,YouTube,Central Washington University - UG - YouTube - Awareness,Central Washington University - UG - YouTube - Awareness,Unknown - Unknown - 20917700864,,,,,Central Washington University - UG - YouTube - Awareness - Instream (Skippable),2024-05-28,6415,10,0,0,0,0,,92.09,6369,3730,58.207
Central Washington University,UG,UG,YouTube,Central Washington University - UG - YouTube - Awareness,Central Washington University - UG - YouTube - Awareness,Unknown - Unknown - 20921238679,,,,,Central Washington University - UG - YouTube - Awareness - Discovery (In-Feed),2024-05-29,27657,0,0,0,0,0,,62.25,407,80,1.511
Central Washington University,UG,UG,YouTube,Central Washington University - UG - YouTube - Awareness,Central Washington University - UG - YouTube - Awareness,Unknown - Unknown - 20917700864,,,,,Central Washington University - UG - YouTube - Awareness - Instream (Skippable),2024-05-29,6026,6,0,0,0,0,,92.31,5998,3674,60.919
Central Washington University,UG,UG,YouTube,Central Washington University - UG - YouTube - Awareness,Central Washington University - UG - YouTube - Awareness,Unknown - Unknown - 20921238679,,,,,Central Washington University - UG - YouTube - Awareness - Discovery (In-Feed),2024-05-30,23924,0,0,0,0,0,,61.87,396,84,1.701
Central Washington University,UG,UG,YouTube,Central Washington University - UG - YouTube - Awareness,Central Washington University - UG - YouTube - Awareness,Unknown - Unknown - 20917700864,,,,,Central Washington University - UG - YouTube - Awareness - Instream (Skippable),2024-05-30,6246,2,0,0,0,0,,92.15,6200,3696,58.95
Central Washington University,UG,UG,YouTube,Central Washington University - UG - YouTube - Awareness,Central Washington University - UG - YouTube - Awareness,Unknown - Unknown - 20921238679,,,,,Central Washington University - UG - YouTube - Awareness - Discovery (In-Feed),2024-05-31,23703,0,0,0,0,0,,62.18,358,89,1.565
Central Washington University,UG,UG,YouTube,Central Washington University - UG - YouTube - Awareness,Central Washington University - UG - YouTube - Awareness,Unknown - Unknown - 20917700864,,,,,Central Washington University - UG - YouTube - Awareness - Instream (Skippable),2024-05-31,5878,8,0,0,0,0,,91.99,5843,3473,58.983
Central Washington University,UG,UG,YouTube,Central Washington University - UG - YouTube - Awareness,Central Washington University - UG - YouTube,Unknown - Unknown - 21574548180,,,,,Central Washington University - UG - YouTube - Video Views,2024-08-13,3106,1,0,0,0,0,,52.07,3088,1394,47.843
Central Washington University,UG,UG,YouTube,Central Washington University - UG - YouTube - Awareness,Central Washington University - UG - YouTube,Unknown - Unknown - 21574548180,,,,,Central Washington University - UG - YouTube - Video Views,2024-08-14,5908,0,0,0,0,0,,97.5,5865,3295,58.006
Central Washington University,UG,UG,YouTube,Central Washington University - UG - YouTube - Awareness,Central Washington University - UG - YouTube,Unknown - Unknown - 21574548180,,,,,Central Washington University - UG - YouTube - Video Views,2024-08-15,6094,1,0,0,0,0,,97.49,6049,3788,64.424
Central Washington University,UG,UG,YouTube,Central Washington University - UG - YouTube - Awareness,Central Washington University - UG - YouTube,Unknown - Unknown - 21574548180,,,,,Central Washington University - UG - YouTube - Video Views,2024-08-16,5896,1,0,0,0,0,,97.74,5859,3589,63.382
Central Washington University,UG,UG,YouTube,Central Washington University - UG - YouTube - Awareness,Central Washington University - UG - YouTube,Unknown - Unknown - 21574548180,,,,,Central Washington University - UG - YouTube - Video Views,2024-08-17,6298,0,0,0,0,0,,97.43,6269,3954,65.322
Central Washington University,UG,UG,YouTube,Central Washington University - UG - YouTube - Awareness,Central Washington University - UG - YouTube,Unknown - Unknown - 21574548180,,,,,Central Washington University - UG - YouTube - Video Views,2024-08-18,6548,0,0,0,0,0,,97.85,6502,3964,63.134
Central Washington University,UG,UG,YouTube,Central Washington University - UG - YouTube - Awareness,Central Washington University - UG - YouTube,Unknown - Unknown - 21574548180,,,,,Central Washington University - UG - YouTube - Video Views,2024-08-19,6492,1,0,0,0,0,,97.68,6444,4097,65.296
Central Washington University,UG,UG,YouTube,Central Washington University - UG - YouTube - Awareness,Central Washington University - UG - YouTube,Unknown - Unknown - 21574548180,,,,,Central Washington University - UG - YouTube - Video Views,2024-08-20,6549,1,0,0,0,0,,97.73,6517,4071,64.743
Central Washington University,UG,UG,YouTube,Central Washington University - UG - YouTube - Awareness,Central Washington University - UG - YouTube,Unknown - Unknown - 21574548180,,,,,Central Washington University - UG - YouTube - Video Views,2024-08-21,6492,0,0,0,0,0,,97.91,6463,4136,66.066
Central Washington University,UG,UG,YouTube,Central Washington University - UG - YouTube - Awareness,Central Washington University - UG - YouTube,Unknown - Unknown - 21574548180,,,,,Central Washington University - UG - YouTube - Video Views,2024-08-22,6249,2,0,0,0,0,,97.85,6215,3859,64.154
Central Washington University,UG,UG,YouTube,Central Washington University - UG - YouTube - Awareness,Central Washington University - UG - YouTube,Unknown - Unknown - 21574548180,,,,,Central Washington University - UG - YouTube - Video Views,2024-08-23,6471,3,0,0,0,0,,97.82,6437,4037,65.137
Central Washington University,UG,UG,YouTube,Central Washington University - UG - YouTube - Awareness,Central Washington University - UG - YouTube,Unknown - Unknown - 21574548180,,,,,Central Washington University - UG - YouTube - Video Views,2024-08-24,6615,1,0,0,0,0,,97.86,6586,4026,63.462
Central Washington University,UG,UG,YouTube,Central Washington University - UG - YouTube - Awareness,Central Washington University - UG - YouTube,Unknown - Unknown - 21574548180,,,,,Central Washington University - UG - YouTube - Video Views,2024-08-25,6556,1,0,0,0,0,,97.78,6515,3965,62.614
Central Washington University,UG,UG,YouTube,Central Washington University - UG - YouTube - Awareness,Central Washington University - UG - YouTube,Unknown - Unknown - 21574548180,,,,,Central Washington University - UG - YouTube - Video Views,2024-08-26,6436,1,0,0,0,0,,97.56,6382,3895,63.145
Central Washington University,UG,UG,YouTube,Central Washington University - UG - YouTube - Awareness,Central Washington University - UG - YouTube,Unknown - Unknown - 21574548180,,,,,Central Washington University - UG - YouTube - Video Views,2024-08-27,6462,2,0,0,0,0,,97.88,6443,3947,63.463
Central Washington University,UG,UG,YouTube,Central Washington University - UG - YouTube - Awareness,Central Washington University - UG - YouTube,Unknown - Unknown - 21574548180,,,,,Central Washington University - UG - YouTube - Video Views,2024-08-28,6533,3,0,0,0,0,,97.68,6488,3884,61.978
Central Washington University,UG,UG,YouTube,Central Washington University - UG - YouTube - Awareness,Central Washington University - UG - YouTube,Unknown - Unknown - 21574548180,,,,,Central Washington University - UG - YouTube - Video Views,2024-08-29,6205,3,0,0,0,0,,97.68,6157,3850,64.738
Central Washington University,UG,UG,YouTube,Central Washington University - UG - YouTube - Awareness,Central Washington University - UG - YouTube,Unknown - Unknown - 21574548180,,,,,Central Washington University - UG - YouTube - Video Views,2024-08-30,6242,3,0,0,0,0,,98.01,6200,3789,62.929
Central Washington University,UG,UG,YouTube,Central Washington University - UG - YouTube - Awareness,Central Washington University - UG - YouTube,Unknown - Unknown - 21574548180,,,,,Central Washington University - UG - YouTube - Video Views,2024-08-31,6318,1,0,0,0,0,,98.08,6287,3858,63.644
Central Washington University,UG,UG,YouTube,Central Washington University - UG - YouTube - Awareness,Central Washington University - UG - YouTube,Unknown - Unknown - 21574548180,,,,,Central Washington University - UG - YouTube - Video Views,2024-09-01,6799,0,0,0,0,0,,99.77,6752,4001,61.612
Central Washington University,UG,UG,YouTube,Central Washington University - UG - YouTube - Awareness,Central Washington University - UG - YouTube,Unknown - Unknown - 21574548180,,,,,Central Washington University - UG - YouTube - Video Views,2024-09-02,6928,4,0,0,0,0,,99.77,6879,4042,61.057
Central Washington University,UG,UG,YouTube,Central Washington University - UG - YouTube - Awareness,Central Washington University - UG - YouTube,Unknown - Unknown - 21574548180,,,,,Central Washington University - UG - YouTube - Video Views,2024-09-03,6489,1,0,0,0,0,,99.69,6448,4027,64.324
Central Washington University,UG,UG,YouTube,Central Washington University - UG - YouTube - Awareness,Central Washington University - UG - YouTube,Unknown - Unknown - 21574548180,,,,,Central Washington University - UG - YouTube - Video Views,2024-09-04,6295,0,0,0,0,0,,99.69,6253,3863,63.431
Central Washington University,UG,UG,YouTube,Central Washington University - UG - YouTube - Awareness,Central Washington University - UG - YouTube,Unknown - Unknown - 21574548180,,,,,Central Washington University - UG - YouTube - Video Views,2024-09-05,6090,0,0,0,0,0,,99.42,6055,3745,63.924
Central Washington University,UG,UG,YouTube,Central Washington University - UG - YouTube - Awareness,Central Washington University - UG - YouTube,Unknown - Unknown - 21574548180,,,,,Central Washington University - UG - YouTube - Video Views,2024-09-06,5931,3,0,0,0,0,,99.52,5897,3564,62.772
Central Washington University,UG,UG,YouTube,Central Washington University - UG - YouTube - Awareness,Central Washington University - UG - YouTube,Unknown - Unknown - 21574548180,,,,,Central Washington University - UG - YouTube - Video Views,2024-09-07,6357,1,0,0,0,0,,99.96,6328,3772,61.806
Central Washington University,UG,UG,YouTube,Central Washington University - UG - YouTube - Awareness,Central Washington University - UG - YouTube,Unknown - Unknown - 21574548180,,,,,Central Washington University - UG - YouTube - Video Views,2024-09-08,6616,1,0,0,0,0,,99.8,6573,4038,63.422
Central Washington University,UG,UG,YouTube,Central Washington University - UG - YouTube - Awareness,Central Washington University - UG - YouTube,Unknown - Unknown - 21574548180,,,,,Central Washington University - UG - YouTube - Video Views,2024-09-09,6118,1,0,0,0,0,,99.9,6081,3964,66.917
Central Washington University,UG,UG,YouTube,Central Washington University - UG - YouTube - Awareness,Central Washington University - UG - YouTube,Unknown - Unknown - 21574548180,,,,,Central Washington University - UG - YouTube - Video Views,2024-09-10,5924,0,0,0,0,0,,99.86,5893,3765,65.226
Central Washington University,UG,UG,YouTube,Central Washington University - UG - YouTube - Awareness,Central Washington University - UG - YouTube,Unknown - Unknown - 21574548180,,,,,Central Washington University - UG - YouTube - Video Views,2024-09-11,5884,2,0,0,0,0,,99.35,5842,3585,63.222
Central Washington University,UG,UG,YouTube,Central Washington University - UG - YouTube - Awareness,Central Washington University - UG - YouTube,Unknown - Unknown - 21574548180,,,,,Central Washington University - UG - YouTube - Video Views,2024-09-12,5583,2,0,0,0,0,,99.49,5560,3546,65.574
Central Washington University,UG,UG,YouTube,Central Washington University - UG - YouTube - Awareness,Central Washington University - UG - YouTube,Unknown - Unknown - 21574548180,,,,,Central Washington University - UG - YouTube - Video Views,2024-09-13,5744,0,0,0,0,0,,99.67,5718,3618,65.303
Central Washington University,UG,UG,YouTube,Central Washington University - UG - YouTube - Awareness,Central Washington University - UG - YouTube,Unknown - Unknown - 21574548180,,,,,Central Washington University - UG - YouTube - Video Views,2024-09-14,6174,2,0,0,0,0,,100.16,6117,3704,62.553
Central Washington University,UG,UG,YouTube,Central Washington University - UG - YouTube - Awareness,Central Washington University - UG - YouTube,Unknown - Unknown - 21574548180,,,,,Central Washington University - UG - YouTube - Video Views,2024-09-15,6483,0,0,0,0,0,,99.8,6450,4091,65.294
Central Washington University,UG,UG,YouTube,Central Washington University - UG - YouTube - Awareness,Central Washington University - UG - YouTube,Unknown - Unknown - 21574548180,,,,,Central Washington University - UG - YouTube - Video Views,2024-09-16,6238,1,0,0,0,0,,99.55,6191,3977,65.742
Central Washington University,UG,UG,YouTube,Central Washington University - UG - YouTube - Awareness,Central Washington University - UG - YouTube,Unknown - Unknown - 21574548180,,,,,Central Washington University - UG - YouTube - Video Views,2024-09-17,6161,0,0,0,0,0,,99.5,6118,4046,67.976
Central Washington University,UG,UG,YouTube,Central Washington University - UG - YouTube - Awareness,Central Washington University - UG - YouTube,Unknown - Unknown - 21574548180,,,,,Central Washington University - UG - YouTube - Video Views,2024-09-18,5662,1,0,0,0,0,,99.73,5633,3691,67.662
Central Washington University,UG,UG,YouTube,Central Washington University - UG - YouTube - Awareness,Central Washington University - UG - YouTube,Unknown - Unknown - 21574548180,,,,,Central Washington University - UG - YouTube - Video Views,2024-09-19,5523,3,0,0,0,0,,99.76,5502,3510,66.087
Central Washington University,UG,UG,YouTube,Central Washington University - UG - YouTube - Awareness,Central Washington University - UG - YouTube,Unknown - Unknown - 21574548180,,,,,Central Washington University - UG - YouTube - Video Views,2024-09-20,5498,1,0,0,0,0,,99.82,5460,3474,65.369
Central Washington University,UG,UG,YouTube,Central Washington University - UG - YouTube - Awareness,Central Washington University - UG - YouTube,Unknown - Unknown - 21574548180,,,,,Central Washington University - UG - YouTube - Video Views,2024-09-21,5685,1,0,0,0,0,,99.75,5650,3406,62.551
Central Washington University,UG,UG,YouTube,Central Washington University - UG - YouTube - Awareness,Central Washington University - UG - YouTube,Unknown - Unknown - 21574548180,,,,,Central Washington University - UG - YouTube - Video Views,2024-09-22,5835,2,0,0,0,0,,99.63,5801,3484,62.022
Central Washington University,UG,UG,YouTube,Central Washington University - UG - YouTube - Awareness,Central Washington University - UG - YouTube,Unknown - Unknown - 21574548180,,,,,Central Washington University - UG - YouTube - Video Views,2024-09-23,5666,1,0,0,0,0,,100.14,5624,3492,64.084
Central Washington University,UG,UG,YouTube,Central Washington University - UG - YouTube - Awareness,Central Washington University - UG - YouTube,Unknown - Unknown - 21574548180,,,,,Central Washington University - UG - YouTube - Video Views,2024-09-24,5742,1,0,0,0,0,,99.82,5706,3410,61.477
Central Washington University,UG,UG,YouTube,Central Washington University - UG - YouTube - Awareness,Central Washington University - UG - YouTube,Unknown - Unknown - 21574548180,,,,,Central Washington University - UG - YouTube - Video Views,2024-09-25,5365,2,0,0,0,0,,99.67,5337,3342,64.399
Central Washington University,UG,UG,YouTube,Central Washington University - UG - YouTube - Awareness,Central Washington University - UG - YouTube,Unknown - Unknown - 21574548180,,,,,Central Washington University - UG - YouTube - Video Views,2024-09-26,5362,3,0,0,0,0,,99.7,5340,3372,64.715
Central Washington University,UG,UG,YouTube,Central Washington University - UG - YouTube - Awareness,Central Washington University - UG - YouTube,Unknown - Unknown - 21574548180,,,,,Central Washington University - UG - YouTube - Video Views,2024-09-27,5276,3,0,0,0,0,,99.89,5246,3241,63.723
Central Washington University,UG,UG,YouTube,Central Washington University - UG - YouTube - Awareness,Central Washington University - UG - YouTube,Unknown - Unknown - 21574548180,,,,,Central Washington University - UG - YouTube - Video Views,2024-09-28,5566,2,0,0,0,0,,100.06,5534,3303,61.732
Central Washington University,UG,UG,YouTube,Central Washington University - UG - YouTube - Awareness,Central Washington University - UG - YouTube,Unknown - Unknown - 21574548180,,,,,Central Washington University - UG - YouTube - Video Views,2024-09-29,5903,2,0,0,0,0,,100.28,5849,3481,61.308
Central Washington University,UG,UG,YouTube,Central Washington University - UG - YouTube - Awareness,Central Washington University - UG - YouTube,Unknown - Unknown - 21574548180,,,,,Central Washington University - UG - YouTube - Video Views,2024-09-30,6045,1,0,0,0,0,,99.93,6013,3587,61.754
Central Washington University,UG,UG,YouTube,Central Washington University - UG - YouTube - Awareness,Central Washington University - UG - YouTube,Unknown - Unknown - 21574548180,,,,,Central Washington University - UG - YouTube - Video Views,2024-10-01,6634,2,0,0,0,0,68.66,96.06,6601,3870,60.612
Central Washington University,UG,UG,YouTube,Central Washington University - UG - YouTube - Awareness,Central Washington University - UG - YouTube,Unknown - Unknown - 21574548180,,,,,Central Washington University - UG - YouTube - Video Views,2024-10-02,6092,4,0,0,0,0,69.01,96.54,6060,3684,62.508
Central Washington University,UG,UG,YouTube,Central Washington University - UG - YouTube - Awareness,Central Washington University - UG - YouTube,Unknown - Unknown - 21574548180,,,,,Central Washington University - UG - YouTube - Video Views,2024-10-03,6147,1,0,0,0,0,68.85,96.32,6116,3730,63.104
Central Washington University,UG,UG,YouTube,Central Washington University - UG - YouTube - Awareness,Central Washington University - UG - YouTube,Unknown - Unknown - 21574548180,,,,,Central Washington University - UG - YouTube - Video Views,2024-10-04,6064,1,0,0,0,0,69.04,96.59,6027,3628,62.038
Central Washington University,UG,UG,YouTube,Central Washington University - UG - YouTube - Awareness,Central Washington University - UG - YouTube,Unknown - Unknown - 21574548180,,,,,Central Washington University - UG - YouTube - Video Views,2024-10-05,6174,0,0,0,0,0,69.08,96.64,6142,3664,61.467
Central Washington University,UG,UG,YouTube,Central Washington University - UG - YouTube - Awareness,Central Washington University - UG - YouTube,Unknown - Unknown - 21574548180,,,,,Central Washington University - UG - YouTube - Video Views,2024-10-06,6132,2,0,0,0,0,69.08,96.64,6106,3588,60.861
Central Washington University,UG,UG,YouTube,Central Washington University - UG - YouTube - Awareness,Central Washington University - UG - YouTube,Unknown - Unknown - 21574548180,,,,,Central Washington University - UG - YouTube - Video Views,2024-10-07,5916,2,0,0,0,0,69,96.53,5870,3531,62.035
Central Washington University,UG,UG,YouTube,Central Washington University - UG - YouTube - Awareness,Central Washington University - UG - YouTube,Unknown - Unknown - 21574548180,,,,,Central Washington University - UG - YouTube - Video Views,2024-10-08,5916,2,0,0,0,0,68.62,96,5876,3595,62.88
Central Washington University,UG,UG,YouTube,Central Washington University - UG - YouTube - Awareness,Central Washington University - UG - YouTube,Unknown - Unknown - 21574548180,,,,,Central Washington University - UG - YouTube - Video Views,2024-10-09,5658,1,0,0,0,0,68.94,96.45,5619,3429,62.69
Central Washington University,UG,UG,YouTube,Central Washington University - UG - YouTube - Awareness,Central Washington University - UG - YouTube,Unknown - Unknown - 21574548180,,,,,Central Washington University - UG - YouTube - Video Views,2024-10-10,5890,5,0,1,0,1,68.83,96.29,5863,3551,62.513
Central Washington University,UG,UG,YouTube,Central Washington University - UG - YouTube - Awareness,Central Washington University - UG - YouTube,Unknown - Unknown - 21574548180,,,,,Central Washington University - UG - YouTube - Video Views,2024-10-11,5556,2,0,0,0,0,68.7,96.11,5529,3304,61.717
Central Washington University,UG,UG,YouTube,Central Washington University - UG - YouTube - Awareness,Central Washington University - UG - YouTube,Unknown - Unknown - 21574548180,,,,,Central Washington University - UG - YouTube - Video Views,2024-10-12,5754,1,0,0,0,0,68.95,96.46,5718,3390,61.366
Central Washington University,UG,UG,YouTube,Central Washington University - UG - YouTube - Awareness,Central Washington University - UG - YouTube,Unknown - Unknown - 21574548180,,,,,Central Washington University - UG - YouTube - Video Views,2024-10-13,5775,2,0,0,0,0,68.96,96.47,5739,3260,58.632
Central Washington University,UG,UG,YouTube,Central Washington University - UG - YouTube - Awareness,Central Washington University - UG - YouTube,Unknown - Unknown - 21574548180,,,,,Central Washington University - UG - YouTube - Video Views,2024-10-14,5844,1,0,0,0,0,69.02,96.56,5797,3260,58.282
Central Washington University,UG,UG,YouTube,Central Washington University - UG - YouTube - Awareness,Central Washington University - UG - YouTube,Unknown - Unknown - 21574548180,,,,,Central Washington University - UG - YouTube - Video Views,2024-10-15,5626,0,0,0,0,0,69.06,96.61,5597,3204,59.136
Central Washington University,UG,UG,YouTube,Central Washington University - UG - YouTube - Awareness,Central Washington University - UG - YouTube,Unknown - Unknown - 21574548180,,,,,Central Washington University - UG - YouTube - Video Views,2024-10-16,5318,0,0,0,0,0,69.6,97.37,5291,3131,61.414
Central Washington University,UG,UG,YouTube,Central Washington University - UG - YouTube - Awareness,Central Washington University - UG - YouTube,Unknown - Unknown - 21574548180,,,,,Central Washington University - UG - YouTube - Video Views,2024-10-17,5181,3,0,0,0,0,69.24,96.87,5147,3073,61.417
Central Washington University,UG,UG,YouTube,Central Washington University - UG - YouTube - Awareness,Central Washington University - UG - YouTube,Unknown - Unknown - 21574548180,,,,,Central Washington University - UG - YouTube - Video Views,2024-10-18,4953,3,0,0,0,0,68.9,96.39,4930,3050,63.618
Central Washington University,UG,UG,YouTube,Central Washington University - UG - YouTube - Awareness,Central Washington University - UG - YouTube,Unknown - Unknown - 21574548180,,,,,Central Washington University - UG - YouTube - Video Views,2024-10-19,5463,3,0,0,0,0,68.87,96.35,5429,3170,60.187
Central Washington University,UG,UG,YouTube,Central Washington University - UG - YouTube - Awareness,Central Washington University - UG - YouTube,Unknown - Unknown - 21574548180,,,,,Central Washington University - UG - YouTube - Video Views,2024-10-20,5345,1,0,1,0,1,69.16,96.75,5310,3006,59.196
Central Washington University,UG,UG,YouTube,Central Washington University - UG - YouTube - Awareness,Central Washington University - UG - YouTube,Unknown - Unknown - 21574548180,,,,,Central Washington University - UG - YouTube - Video Views,2024-10-21,5072,0,0,0,0,0,68.97,96.49,5038,3000,61.554
Central Washington University,UG,UG,YouTube,Central Washington University - UG - YouTube - Awareness,Central Washington University - UG - YouTube,Unknown - Unknown - 21574548180,,,,,Central Washington University - UG - YouTube - Video Views,2024-10-22,5082,1,0,0,0,0,69.07,96.63,5046,2965,60.744
Central Washington University,UG,UG,YouTube,Central Washington University - UG - YouTube - Awareness,Central Washington University - UG - YouTube,Unknown - Unknown - 21574548180,,,,,Central Washington University - UG - YouTube - Video Views,2024-10-23,4950,4,0,0,0,0,68.98,96.5,4921,2894,60.97
Central Washington University,UG,UG,YouTube,Central Washington University - UG - YouTube - Awareness,Central Washington University - UG - YouTube,Unknown - Unknown - 21574548180,,,,,Central Washington University - UG - YouTube - Video Views,2024-10-24,4946,1,0,0,0,0,69.03,96.57,4926,2973,62.576
Central Washington University,UG,UG,YouTube,Central Washington University - UG - YouTube - Awareness,Central Washington University - UG - YouTube,Unknown - Unknown - 21574548180,,,,,Central Washington University - UG - YouTube - Video Views,2024-10-25,4978,0,0,0,0,0,69.04,96.59,4943,2914,61.049
Central Washington University,UG,UG,YouTube,Central Washington University - UG - YouTube - Awareness,Central Washington University - UG - YouTube,Unknown - Unknown - 21574548180,,,,,Central Washington University - UG - YouTube - Video Views,2024-10-26,5316,2,0,0,0,0,69.18,96.78,5285,2968,58.503
Central Washington University,UG,UG,YouTube,Central Washington University - UG - YouTube - Awareness,Central Washington University - UG - YouTube,Unknown - Unknown - 21574548180,,,,,Central Washington University - UG - YouTube - Video Views,2024-10-27,5229,0,0,0,0,0,69.14,96.73,5201,2969,59.227
Central Washington University,UG,UG,YouTube,Central Washington University - UG - YouTube - Awareness,Central Washington University - UG - YouTube,Unknown - Unknown - 21574548180,,,,,Central Washington University - UG - YouTube - Video Views,2024-10-28,5114,0,0,0,0,0,69.1,96.67,5077,2872,58.428
Central Washington University,UG,UG,YouTube,Central Washington University - UG - YouTube - Awareness,Central Washington University - UG - YouTube,Unknown - Unknown - 21574548180,,,,,Central Washington University - UG - YouTube - Video Views,2024-10-29,4867,1,0,0,0,0,69.09,96.66,4832,2852,61.722
Central Washington University,UG,UG,YouTube,Central Washington University - UG - YouTube - Awareness,Central Washington University - UG - YouTube,Unknown - Unknown - 21574548180,,,,,Central Washington University - UG - YouTube - Video Views,2024-10-30,5010,0,0,0,0,0,69.08,96.64,4981,2902,60.379
Central Washington University,UG,UG,YouTube,Central Washington University - UG - YouTube - Awareness,Central Washington University - UG - YouTube,Unknown - Unknown - 21574548180,,,,,Central Washington University - UG - YouTube - Video Views,2024-10-31,4876,0,0,0,0,0,69.22,96.84,4852,3039,64.643
Central Washington University,UG,UG,YouTube,Central Washington University - UG - YouTube - Awareness,Central Washington University - UG - YouTube,Unknown - Unknown - 21574548180,,,,,Central Washington University - UG - YouTube - Video Views,2024-11-01,5249,2,0,0,0,0,70.36,99.9,5214,3071,61.44
Central Washington University,UG,UG,YouTube,Central Washington University - UG - YouTube - Awareness,Central Washington University - UG - YouTube,Unknown - Unknown - 21574548180,,,,,Central Washington University - UG - YouTube - Video Views,2024-11-02,5500,1,0,0,0,0,70.42,99.99,5471,3203,60.691
Central Washington University,UG,UG,YouTube,Central Washington University - UG - YouTube - Awareness,Central Washington University - UG - YouTube,Unknown - Unknown - 21574548180,,,,,Central Washington University - UG - YouTube - Video Views,2024-11-03,5729,1,0,1,0,1,71.52,101.55,5697,3252,58.806
Central Washington University,UG,UG,YouTube,Central Washington University - UG - YouTube - Awareness,Central Washington University - UG - YouTube,Unknown - Unknown - 21574548180,,,,,Central Washington University - UG - YouTube - Video Views,2024-11-04,5271,1,0,0,0,0,70.28,99.79,5243,3054,60.899
Central Washington University,UG,UG,YouTube,Central Washington University - UG - YouTube - Awareness,Central Washington University - UG - YouTube,Unknown - Unknown - 21574548180,,,,,Central Washington University - UG - YouTube - Video Views,2024-11-05,5586,1,0,0,0,0,70.11,99.55,5562,3272,61.207
Central Washington University,UG,UG,YouTube,Central Washington University - UG - YouTube - Awareness,Central Washington University - UG - YouTube,Unknown - Unknown - 21574548180,,,,,Central Washington University - UG - YouTube - Video Views,2024-11-06,6558,1,0,0,0,0,70.04,99.45,6514,3761,59.607
Central Washington University,UG,UG,YouTube,Central Washington University - UG - YouTube - Awareness,Central Washington University - UG - YouTube,Unknown - Unknown - 21574548180,,,,,Central Washington University - UG - YouTube - Video Views,2024-11-07,6237,0,0,0,0,0,70.15,99.61,6214,3744,62.274
Central Washington University,UG,UG,YouTube,Central Washington University - UG - YouTube - Awareness,Central Washington University - UG - YouTube,Unknown - Unknown - 21574548180,,,,,Central Washington University - UG - YouTube - Video Views,2024-11-08,5847,0,0,0,0,0,70.15,99.61,5818,3371,59.843
Central Washington University,UG,UG,YouTube,Central Washington University - UG - YouTube - Awareness,Central Washington University - UG - YouTube,Unknown - Unknown - 21574548180,,,,,Central Washington University - UG - YouTube - Video Views,2024-11-09,6653,1,0,0,0,0,70.23,99.72,6627,3770,59.011
Central Washington University,UG,UG,YouTube,Central Washington University - UG - YouTube - Awareness,Central Washington University - UG - YouTube,Unknown - Unknown - 21574548180,,,,,Central Washington University - UG - YouTube - Video Views,2024-11-10,6387,3,0,0,0,0,70.22,99.71,6347,3613,59.089
Central Washington University,UG,UG,YouTube,Central Washington University - UG - YouTube - Awareness,Central Washington University - UG - YouTube,Unknown - Unknown - 21574548180,,,,,Central Washington University - UG - YouTube - Video Views,2024-11-11,6125,1,0,0,0,0,70.25,99.75,6080,3431,58.514
Central Washington University,UG,UG,YouTube,Central Washington University - UG - YouTube - Awareness,Central Washington University - UG - YouTube,Unknown - Unknown - 21574548180,,,,,Central Washington University - UG - YouTube - Video Views,2024-11-12,5537,0,0,0,0,0,70.15,99.61,5500,3299,61.965
Central Washington University,UG,UG,YouTube,Central Washington University - UG - YouTube - Awareness,Central Washington University - UG - YouTube,Unknown - Unknown - 21574548180,,,,,Central Washington University - UG - YouTube - Video Views,2024-11-13,5536,1,0,1,0,1,69.87,99.21,5487,3231,60.784
Central Washington University,UG,UG,YouTube,Central Washington University - UG - YouTube - Awareness,Central Washington University - UG - YouTube,Unknown - Unknown - 21574548180,,,,,Central Washington University - UG - YouTube - Video Views,2024-11-14,5340,0,0,0,0,0,70.15,99.61,5317,3172,61.461
Central Washington University,UG,UG,YouTube,Central Washington University - UG - YouTube - Awareness,Central Washington University - UG - YouTube,Unknown - Unknown - 21574548180,,,,,Central Washington University - UG - YouTube - Video Views,2024-11-15,5070,2,0,0,0,0,70.26,99.76,5044,2934,60.197
Central Washington University,UG,UG,YouTube,Central Washington University - UG - YouTube - Awareness,Central Washington University - UG - YouTube,Unknown - Unknown - 21574548180,,,,,Central Washington University - UG - YouTube - Video Views,2024-11-16,5535,1,0,0,0,0,70.36,99.9,5507,3122,59.024
Central Washington University,UG,UG,YouTube,Central Washington University - UG - YouTube - Awareness,Central Washington University - UG - YouTube,Unknown - Unknown - 21574548180,,,,,Central Washington University - UG - YouTube - Video Views,2024-11-17,5744,1,0,0,0,0,70.37,99.92,5718,3220,58.757
Central Washington University,UG,UG,YouTube,Central Washington University - UG - YouTube - Awareness,Central Washington University - UG - YouTube,Unknown - Unknown - 21574548180,,,,,Central Washington University - UG - YouTube - Video Views,2024-11-18,5245,1,0,0,0,0,70.09,99.52,5215,2991,59.352
Central Washington University,UG,UG,YouTube,Central Washington University - UG - YouTube - Awareness,Central Washington University - UG - YouTube,Unknown - Unknown - 21574548180,,,,,Central Washington University - UG - YouTube - Video Views,2024-11-19,5076,1,0,0,0,0,70.31,99.83,5043,2993,61.485
Central Washington University,UG,UG,YouTube,Central Washington University - UG - YouTube - Awareness,Central Washington University - UG - YouTube,Unknown - Unknown - 21574548180,,,,,Central Washington University - UG - YouTube - Video Views,2024-11-20,5021,0,0,0,0,0,70.17,99.63,4968,2875,60.147
Central Washington University,UG,UG,YouTube,Central Washington University - UG - YouTube - Awareness,Central Washington University - UG - YouTube,Unknown - Unknown - 21574548180,,,,,Central Washington University - UG - YouTube - Video Views,2024-11-21,4859,0,0,0,0,0,70.02,99.42,4832,2855,61.041
Central Washington University,UG,UG,YouTube,Central Washington University - UG - YouTube - Awareness,Central Washington University - UG - YouTube,Unknown - Unknown - 21574548180,,,,,Central Washington University - UG - YouTube - Video Views,2024-11-22,4973,0,0,0,0,0,70.26,99.76,4944,2981,60.426
Central Washington University,UG,UG,YouTube,Central Washington University - UG - YouTube - Awareness,Central Washington University - UG - YouTube,Unknown - Unknown - 21574548180,,,,,Central Washington University - UG - YouTube - Video Views,2024-11-23,5366,1,0,0,0,0,70.19,99.66,5343,3140,58.498
Central Washington University,UG,UG,YouTube,Central Washington University - UG - YouTube - Awareness,Central Washington University - UG - YouTube,Unknown - Unknown - 21574548180,,,,,Central Washington University - UG - YouTube - Video Views,2024-11-24,5426,2,0,0,0,0,70.35,99.89,5397,3145,57.925
Central Washington University,UG,UG,YouTube,Central Washington University - UG - YouTube - Awareness,Central Washington University - UG - YouTube,Unknown - Unknown - 21574548180,,,,,Central Washington University - UG - YouTube - Video Views,2024-11-25,5231,1,0,0,0,0,70.3,99.82,5193,3157,60.352
Central Washington University,UG,UG,YouTube,Central Washington University - UG - YouTube - Awareness,Central Washington University - UG - YouTube,Unknown - Unknown - 21574548180,,,,,Central Washington University - UG - YouTube - Video Views,2024-11-26,5178,2,0,0,0,0,70.15,99.61,5154,3092,59.676
Central Washington University,UG,UG,YouTube,Central Washington University - UG - YouTube - Awareness,Central Washington University - UG - YouTube,Unknown - Unknown - 21574548180,,,,,Central Washington University - UG - YouTube - Video Views,2024-11-27,5123,0,0,0,0,0,70.3,99.82,5097,3163,61.644
Central Washington University,UG,UG,YouTube,Central Washington University - UG - YouTube - Awareness,Central Washington University - UG - YouTube,Unknown - Unknown - 21574548180,,,,,Central Washington University - UG - YouTube - Video Views,2024-11-28,4695,0,0,0,0,0,70.29,99.81,4666,2922,62.13
Central Washington University,UG,UG,YouTube,Central Washington University - UG - YouTube - Awareness,Central Washington University - UG - YouTube,Unknown - Unknown - 21574548180,,,,,Central Washington University - UG - YouTube - Video Views,2024-11-29,4717,1,0,0,0,0,70.34,99.88,4690,2732,57.791
Central Washington University,UG,UG,YouTube,Central Washington University - UG - YouTube - Awareness,Central Washington University - UG - YouTube,Unknown - Unknown - 21574548180,,,,,Central Washington University - UG - YouTube - Video Views,2024-11-30,5293,1,0,0,0,0,70.31,99.83,5267,3034,57.245
Central Washington University,UG,UG,YouTube,Central Washington University - UG - YouTube - Awareness,Central Washington University - UG - YouTube,Unknown - Unknown - 21574548180,,,,,Central Washington University - UG - YouTube - Video Views,2024-12-01,5746,2,0,1,0,1,70.1,98.06,5717,3373,58.545
Central Washington University,UG,UG,YouTube,Central Washington University - UG - YouTube - Awareness,Central Washington University - UG - YouTube,Unknown - Unknown - 21574548180,,,,,Central Washington University - UG - YouTube - Video Views,2024-12-02,5487,0,0,0,0,0,68.66,96.05,5442,3340,60.762
Central Washington University,UG,UG,YouTube,Central Washington University - UG - YouTube - Awareness,Central Washington University - UG - YouTube,Unknown - Unknown - 21574548180,,,,,Central Washington University - UG - YouTube - Video Views,2024-12-03,5561,0,0,0,0,0,68.5,95.83,5504,3363,60.313
Central Washington University,UG,UG,YouTube,Central Washington University - UG - YouTube - Awareness,Central Washington University - UG - YouTube,Unknown - Unknown - 21574548180,,,,,Central Washington University - UG - YouTube - Video Views,2024-12-04,5498,0,0,0,0,0,68.86,96.33,5452,3398,61.677
Central Washington University,UG,UG,YouTube,Central Washington University - UG - YouTube - Awareness,Central Washington University - UG - YouTube,Unknown - Unknown - 21574548180,,,,,Central Washington University - UG - YouTube - Video Views,2024-12-05,5448,0,0,0,0,0,68.49,95.81,5418,3358,61.417
Central Washington University,UG,UG,YouTube,Central Washington University - UG - YouTube - Awareness,Central Washington University - UG - YouTube,Unknown - Unknown - 21574548180,,,,,Central Washington University - UG - YouTube - Video Views,2024-12-06,5228,2,0,0,0,0,68.94,96.44,5203,3195,60.998
Central Washington University,UG,UG,YouTube,Central Washington University - UG - YouTube - Awareness,Central Washington University - UG - YouTube,Unknown - Unknown - 21574548180,,,,,Central Washington University - UG - YouTube - Video Views,2024-12-07,5695,3,0,0,0,0,68.94,96.44,5663,3408,59.754
Central Washington University,UG,UG,YouTube,Central Washington University - UG - YouTube - Awareness,Central Washington University - UG - YouTube,Unknown - Unknown - 21574548180,,,,,Central Washington University - UG - YouTube - Video Views,2024-12-08,5784,1,0,0,0,0,69.21,96.82,5755,3360,58.074
Central Washington University,UG,UG,YouTube,Central Washington University - UG - YouTube - Awareness,Central Washington University - UG - YouTube,Unknown - Unknown - 21574548180,,,,,Central Washington University - UG - YouTube - Video Views,2024-12-09,5516,0,0,1,0,1,69.17,96.76,5472,3315,59.935
Central Washington University,UG,UG,YouTube,Central Washington University - UG - YouTube - Awareness,Central Washington University - UG - YouTube,Unknown - Unknown - 21574548180,,,,,Central Washington University - UG - YouTube - Video Views,2024-12-10,5434,2,0,0,0,0,69.03,96.57,5398,3364,61.796
Central Washington University,UG,UG,YouTube,Central Washington University - UG - YouTube - Awareness,Central Washington University - UG - YouTube,Unknown - Unknown - 21574548180,,,,,Central Washington University - UG - YouTube - Video Views,2024-12-11,5380,0,0,0,0,0,68.73,96.15,5341,3317,61.543
Central Washington University,UG,UG,YouTube,Central Washington University - UG - YouTube - Awareness,Central Washington University - UG - YouTube,Unknown - Unknown - 21574548180,,,,,Central Washington University - UG - YouTube - Video Views,2024-12-12,5087,0,0,0,0,0,68.82,96.27,5046,3192,62.611
Central Washington University,UG,UG,YouTube,Central Washington University - UG - YouTube - Awareness,Central Washington University - UG - YouTube,Unknown - Unknown - 21574548180,,,,,Central Washington University - UG - YouTube - Video Views,2024-12-13,5078,1,0,0,0,0,68.83,96.29,5048,3170,62.288
Central Washington University,UG,UG,YouTube,Central Washington University - UG - YouTube - Awareness,Central Washington University - UG - YouTube,Unknown - Unknown - 21574548180,,,,,Central Washington University - UG - YouTube - Video Views,2024-12-14,5683,1,0,0,0,0,69.19,96.79,5651,3339,58.701
Central Washington University,UG,UG,YouTube,Central Washington University - UG - YouTube - Awareness,Central Washington University - UG - YouTube,Unknown - Unknown - 21574548180,,,,,Central Washington University - UG - YouTube - Video Views,2024-12-15,5794,0,0,0,0,0,68.94,96.44,5753,3418,58.923
Central Washington University,UG,UG,YouTube,Central Washington University - UG - YouTube - Awareness,Central Washington University - UG - YouTube,Unknown - Unknown - 21574548180,,,,,Central Washington University - UG - YouTube - Video Views,2024-12-16,5889,0,0,0,0,0,68.99,96.51,5855,3497,59.195
Central Washington University,UG,UG,YouTube,Central Washington University - UG - YouTube - Awareness,Central Washington University - UG - YouTube,Unknown - Unknown - 21574548180,,,,,Central Washington University - UG - YouTube - Video Views,2024-12-17,5725,0,0,0,0,0,68.89,96.37,5690,3445,60.14
Central Washington University,UG,UG,YouTube,Central Washington University - UG - YouTube - Awareness,Central Washington University - UG - YouTube,Unknown - Unknown - 21574548180,,,,,Central Washington University - UG - YouTube - Video Views,2024-12-18,5786,1,0,0,0,0,68.95,96.46,5757,3424,59.212
Central Washington University,UG,UG,YouTube,Central Washington University - UG - YouTube - Awareness,Central Washington University - UG - YouTube,Unknown - Unknown - 21574548180,,,,,Central Washington University - UG - YouTube - Video Views,2024-12-19,5394,1,0,0,0,0,68.87,96.34,5354,3281,60.679
Central Washington University,UG,UG,YouTube,Central Washington University - UG - YouTube - Awareness,Central Washington University - UG - YouTube,Unknown - Unknown - 21574548180,,,,,Central Washington University - UG - YouTube - Video Views,2024-12-20,5577,2,0,0,0,0,68.89,96.37,5538,3436,61.431
Central Washington University,UG,UG,YouTube,Central Washington University - UG - YouTube - Awareness,Central Washington University - UG - YouTube,Unknown - Unknown - 21574548180,,,,,Central Washington University - UG - YouTube - Video Views,2024-12-21,5730,1,0,0,0,0,69.01,96.54,5703,3464,60.349
Central Washington University,UG,UG,YouTube,Central Washington University - UG - YouTube - Awareness,Central Washington University - UG - YouTube,Unknown - Unknown - 21574548180,,,,,Central Washington University - UG - YouTube - Video Views,2024-12-22,5654,3,0,0,0,0,69.08,96.64,5623,3376,59.71
Central Washington University,UG,UG,YouTube,Central Washington University - UG - YouTube - Awareness,Central Washington University - UG - YouTube,Unknown - Unknown - 21574548180,,,,,Central Washington University - UG - YouTube - Video Views,2024-12-23,6024,1,0,0,0,0,68.85,96.32,5980,3553,58.848
Central Washington University,UG,UG,YouTube,Central Washington University - UG - YouTube - Awareness,Central Washington University - UG - YouTube,Unknown - Unknown - 21574548180,,,,,Central Washington University - UG - YouTube - Video Views,2024-12-24,6238,0,0,0,0,0,68.96,96.47,6201,3835,61.366
Central Washington University,UG,UG,YouTube,Central Washington University - UG - YouTube - Awareness,Central Washington University - UG - YouTube,Unknown - Unknown - 21574548180,,,,,Central Washington University - UG - YouTube - Video Views,2024-12-25,6445,0,0,0,0,0,69.22,96.83,6415,3776,58.542
Central Washington University,UG,UG,YouTube,Central Washington University - UG - YouTube - Awareness,Central Washington University - UG - YouTube,Unknown - Unknown - 21574548180,,,,,Central Washington University - UG - YouTube - Video Views,2024-12-26,6572,1,0,0,0,0,69.05,96.6,6529,3832,58.049
Central Washington University,UG,UG,YouTube,Central Washington University - UG - YouTube - Awareness,Central Washington University - UG - YouTube,Unknown - Unknown - 21574548180,,,,,Central Washington University - UG - YouTube - Video Views,2024-12-27,7073,0,0,0,0,0,69.06,96.61,7012,3984,56.284
Central Washington University,UG,UG,YouTube,Central Washington University - UG - YouTube - Awareness,Central Washington University - UG - YouTube,Unknown - Unknown - 21574548180,,,,,Central Washington University - UG - YouTube - Video Views,2024-12-28,7064,0,0,0,0,0,69.39,97.07,7000,4080,57.715
Central Washington University,UG,UG,YouTube,Central Washington University - UG - YouTube - Awareness,Central Washington University - UG - YouTube,Unknown - Unknown - 21574548180,,,,,Central Washington University - UG - YouTube - Video Views,2024-12-29,6988,1,0,0,0,0,69.15,96.74,6928,4005,57.27
Central Washington University,UG,UG,YouTube,Central Washington University - UG - YouTube - Awareness,Central Washington University - UG - YouTube,Unknown - Unknown - 21574548180,,,,,Central Washington University - UG - YouTube - Video Views,2024-12-30,7827,0,0,0,0,0,69.27,96.21,7775,4394,56.113
Central Washington University,UG,UG,YouTube,Central Washington University - UG - YouTube - Awareness,Central Washington University - UG - YouTube,Unknown - Unknown - 21574548180,,,,,Central Washington University - UG - YouTube - Video Views,2024-12-31,8146,4,0,0,0,0,69.53,96.56,8090,4604,56.506
Central Washington University,UG,UG,YouTube,Central Washington University - UG - YouTube - Awareness,Central Washington University - UG - YouTube,Unknown - Unknown - 21574548180,,,,,Central Washington University - UG - YouTube - Video Views,2025-01-01,11627,1,0,0,0,0,68.77,96.24,11503,5845,50.125
Central Washington University,UG,UG,YouTube,Central Washington University - UG - YouTube - Awareness,Central Washington University - UG - YouTube,Unknown - Unknown - 21574548180,,,,,Central Washington University - UG - YouTube - Video Views,2025-01-02,9999,1,0,0,0,0,69.27,96.94,9914,5890,58.836
Central Washington University,UG,UG,YouTube,Central Washington University - UG - YouTube - Awareness,Central Washington University - UG - YouTube,Unknown - Unknown - 21574548180,,,,,Central Washington University - UG - YouTube - Video Views,2025-01-03,9097,1,0,1,0,1,68.97,96.52,9023,5133,56.403
Central Washington University,UG,UG,YouTube,Central Washington University - UG - YouTube - Awareness,Central Washington University - UG - YouTube,Unknown - Unknown - 21574548180,,,,,Central Washington University - UG - YouTube - Video Views,2025-01-04,9332,1,0,0,0,0,69.06,96.65,9261,5305,56.837
Central Washington University,UG,UG,YouTube,Central Washington University - UG - YouTube - Awareness,Central Washington University - UG - YouTube,Unknown - Unknown - 21574548180,,,,,Central Washington University - UG - YouTube - Video Views,2025-01-05,9759,1,0,0,0,0,69.01,96.58,9669,5536,56.696
Central Washington University,UG,UG,YouTube,Central Washington University - UG - YouTube - Awareness,Central Washington University - UG - YouTube,Unknown - Unknown - 21574548180,,,,,Central Washington University - UG - YouTube - Video Views,2025-01-06,9068,2,0,0,0,0,68.76,96.23,8979,5393,59.462
Central Washington University,UG,UG,YouTube,Central Washington University - UG - YouTube - Awareness,Central Washington University - UG - YouTube,Unknown - Unknown - 21574548180,,,,,Central Washington University - UG - YouTube - Video Views,2025-01-07,8289,1,0,0,0,0,68.91,96.44,8227,5060,60.936
Central Washington University,UG,UG,YouTube,Central Washington University - UG - YouTube - Awareness,Central Washington University - UG - YouTube,Unknown - Unknown - 21574548180,,,,,Central Washington University - UG - YouTube - Video Views,2025-01-08,7974,2,0,0,0,0,68.83,96.32,7902,4835,60.584
Central Washington University,UG,UG,YouTube,Central Washington University - UG - YouTube - Awareness,Central Washington University - UG - YouTube,Unknown - Unknown - 21574548180,,,,,Central Washington University - UG - YouTube - Video Views,2025-01-09,8331,1,0,0,0,0,68.97,96.52,8274,5015,60.197
Central Washington University,UG,UG,YouTube,Central Washington University - UG - YouTube - Awareness,Central Washington University - UG - YouTube,Unknown - Unknown - 21574548180,,,,,Central Washington University - UG - YouTube - Video Views,2025-01-10,8016,1,0,0,0,0,69.02,96.59,7946,4948,61.776
Central Washington University,UG,UG,YouTube,Central Washington University - UG - YouTube - Awareness,Central Washington University - UG - YouTube,Unknown - Unknown - 21574548180,,,,,Central Washington University - UG - YouTube - Video Views,2025-01-11,8337,2,0,0,0,0,69.08,96.67,8266,4877,58.426
Central Washington University,UG,UG,YouTube,Central Washington University - UG - YouTube - Awareness,Central Washington University - UG - YouTube,Unknown - Unknown - 21574548180,,,,,Central Washington University - UG - YouTube - Video Views,2025-01-12,9217,1,0,0,0,0,68.9,96.42,9149,5295,57.426
Central Washington University,UG,UG,YouTube,Central Washington University - UG - YouTube - Awareness,Central Washington University - UG - YouTube,Unknown - Unknown - 21574548180,,,,,Central Washington University - UG - YouTube - Video Views,2025-01-13,8404,1,0,0,0,0,69.05,96.63,8325,4989,59.4
Central Washington University,UG,UG,YouTube,Central Washington University - UG - YouTube - Awareness,Central Washington University - UG - YouTube,Unknown - Unknown - 21574548180,,,,,Central Washington University - UG - YouTube - Video Views,2025-01-14,7526,1,0,0,0,0,68.93,96.46,7483,4830,64.045
Central Washington University,UG,UG,YouTube,Central Washington University - UG - YouTube - Awareness,Central Washington University - UG - YouTube,Unknown - Unknown - 21574548180,,,,,Central Washington University - UG - YouTube - Video Views,2025-01-15,7510,1,0,0,0,0,69.03,96.6,7458,4661,62.064
Central Washington University,UG,UG,YouTube,Central Washington University - UG - YouTube - Awareness,Central Washington University - UG - YouTube,Unknown - Unknown - 21574548180,,,,,Central Washington University - UG - YouTube - Video Views,2025-01-16,8064,0,0,0,0,0,68.69,96.13,8011,4773,59.09
Central Washington University,UG,UG,YouTube,Central Washington University - UG - YouTube - Awareness,Central Washington University - UG - YouTube,Unknown - Unknown - 21574548180,,,,,Central Washington University - UG - YouTube - Video Views,2025-01-17,7966,0,0,0,0,0,68.97,96.52,7906,4913,61.624
Central Washington University,UG,UG,YouTube,Central Washington University - UG - YouTube - Awareness,Central Washington University - UG - YouTube,Unknown - Unknown - 21574548180,,,,,Central Washington University - UG - YouTube - Video Views,2025-01-18,7781,0,0,0,0,0,68.91,96.44,7734,4574,58.72
Central Washington University,UG,UG,YouTube,Central Washington University - UG - YouTube - Awareness,Central Washington University - UG - YouTube,Unknown - Unknown - 21574548180,,,,,Central Washington University - UG - YouTube - Video Views,2025-01-19,8038,0,0,0,0,0,69.45,97.19,8000,4819,59.903
Central Washington University,UG,UG,YouTube,Central Washington University - UG - YouTube - Awareness,Central Washington University - UG - YouTube,Unknown - Unknown - 21574548180,,,,,Central Washington University - UG - YouTube - Video Views,2025-01-20,8357,0,0,0,0,0,68.93,96.46,8272,4773,57.066
Central Washington University,UG,UG,YouTube,Central Washington University - UG - YouTube - Awareness,Central Washington University - UG - YouTube,Unknown - Unknown - 21574548180,,,,,Central Washington University - UG - YouTube - Video Views,2025-01-21,7531,1,0,0,0,0,68.98,96.53,7484,4673,61.997
Central Washington University,UG,UG,YouTube,Central Washington University - UG - YouTube - Awareness,Central Washington University - UG - YouTube,Unknown - Unknown - 21574548180,,,,,Central Washington University - UG - YouTube - Video Views,2025-01-22,7542,1,0,0,0,0,69.08,96.67,7477,4604,61.018
Central Washington University,UG,UG,YouTube,Central Washington University - UG - YouTube - Awareness,Central Washington University - UG - YouTube,Unknown - Unknown - 21574548180,,,,,Central Washington University - UG - YouTube - Video Views,2025-01-23,7163,0,0,0,0,0,68.76,96.23,7121,4455,62.111
Central Washington University,UG,UG,YouTube,Central Washington University - UG - YouTube - Awareness,Central Washington University - UG - YouTube,Unknown - Unknown - 21574548180,,,,,Central Washington University - UG - YouTube - Video Views,2025-01-24,7095,0,0,1,0,1,69.06,96.65,7056,4246,59.817
Central Washington University,UG,UG,YouTube,Central Washington University - UG - YouTube - Awareness,Central Washington University - UG - YouTube,Unknown - Unknown - 21574548180,,,,,Central Washington University - UG - YouTube - Video Views,2025-01-25,7361,2,0,0,0,0,69.02,96.59,7322,4358,59.19
Central Washington University,UG,UG,YouTube,Central Washington University - UG - YouTube - Awareness,Central Washington University - UG - YouTube,Unknown - Unknown - 21574548180,,,,,Central Washington University - UG - YouTube - Video Views,2025-01-26,7428,1,0,0,0,0,69.17,96.8,7380,4339,58.36
Central Washington University,UG,UG,YouTube,Central Washington University - UG - YouTube - Awareness,Central Washington University - UG - YouTube,Unknown - Unknown - 21574548180,,,,,Central Washington University - UG - YouTube - Video Views,2025-01-27,7127,0,0,1,0,1,69,96.56,7073,4227,59.282
Central Washington University,UG,UG,YouTube,Central Washington University - UG - YouTube - Awareness,Central Washington University - UG - YouTube,Unknown - Unknown - 21574548180,,,,,Central Washington University - UG - YouTube - Video Views,2025-01-28,6476,1,0,1,0,1,68.89,96.41,6438,3915,60.423
Central Washington University,UG,UG,YouTube,Central Washington University - UG - YouTube - Awareness,Central Washington University - UG - YouTube,Unknown - Unknown - 21574548180,,,,,Central Washington University - UG - YouTube - Video Views,2025-01-29,6725,1,0,1,0,1,69.1,96.7,6676,4113,61.13
Central Washington University,UG,UG,YouTube,Central Washington University - UG - YouTube - Awareness,Central Washington University - UG - YouTube,Unknown - Unknown - 21574548180,,,,,Central Washington University - UG - YouTube - Video Views,2025-01-30,6647,0,0,0,0,0,69.14,96.76,6605,3988,59.877
Central Washington University,UG,UG,YouTube,Central Washington University - UG - YouTube - Awareness,Central Washington University - UG - YouTube,Unknown - Unknown - 21574548180,,,,,Central Washington University - UG - YouTube - Video Views,2025-01-31,6755,1,0,0,0,0,69.12,96.73,6715,3958,58.52
Central Washington University,UG,UG,YouTube,Central Washington University - UG - YouTube - Awareness,Central Washington University - UG - YouTube,Unknown - Unknown - 21574548180,,,,,Central Washington University - UG - YouTube - Video Views,2025-04-07,0,0,0,1,0,1,0,0,0,0,0
Central Washington University,UG,UG,YouTube,Central Washington University - UG - YouTube - Awareness,DS - CWU - UG - YouTube - Efficient Reach,Unknown - Unknown - 22843425113,,,,,UG - YouTube - Efficient Reach - Outreach,2025-08-01,24070,6,0,0,0,0,74.52,103.46,12627,7512,3.112
Central Washington University,UG,UG,YouTube,Central Washington University - UG - YouTube - Awareness,DS - CWU - UG - YouTube - Efficient Reach,Unknown - Unknown - 22843425113,,,,,UG - YouTube - Efficient Reach - Outreach,2025-08-02,22607,14,0,0,0,0,74.29,103.14,16761,4197,3.105
Central Washington University,UG,UG,YouTube,Central Washington University - UG - YouTube - Awareness,DS - CWU - UG - YouTube - Efficient Reach,Unknown - Unknown - 22843425113,,,,,UG - YouTube - Efficient Reach - Outreach,2025-08-03,18362,8,0,0,0,0,74.32,103.18,13322,5999,5.059
Central Washington University,UG,UG,YouTube,Central Washington University - UG - YouTube - Awareness,DS - CWU - UG - YouTube - Efficient Reach,Unknown - Unknown - 22843425113,,,,,UG - YouTube - Efficient Reach - Outreach,2025-08-04,18886,3,0,0,0,0,74.25,103.09,14758,6196,4.755
Central Washington University,UG,UG,YouTube,Central Washington University - UG - YouTube - Awareness,DS - CWU - UG - YouTube - Efficient Reach,Unknown - Unknown - 22843425113,,,,,UG - YouTube - Efficient Reach - Outreach,2025-08-05,20030,3,0,0,0,0,74.31,103.17,14175,6466,4.798
Central Washington University,UG,UG,YouTube,Central Washington University - UG - YouTube - Awareness,DS - CWU - UG - YouTube - Efficient Reach,Unknown - Unknown - 22843425113,,,,,UG - YouTube - Efficient Reach - Outreach,2025-08-06,18899,2,0,0,0,0,74.3,103.16,15070,6947,4.683
Central Washington University,UG,UG,YouTube,Central Washington University - UG - YouTube - Awareness,DS - CWU - UG - YouTube - Efficient Reach,Unknown - Unknown - 22843425113,,,,,UG - YouTube - Efficient Reach - Outreach,2025-08-07,18351,4,0,0,0,0,74.28,103.13,13274,5546,4.528
Central Washington University,UG,UG,YouTube,Central Washington University - UG - YouTube - Awareness,DS - CWU - UG - YouTube - Efficient Reach,Unknown - Unknown - 22843425113,,,,,UG - YouTube - Efficient Reach - Outreach,2025-08-08,16574,5,0,0,0,0,74.37,103.25,13035,5843,5.575
Central Washington University,UG,UG,YouTube,Central Washington University - UG - YouTube - Awareness,DS - CWU - UG - YouTube - Efficient Reach,Unknown - Unknown - 22843425113,,,,,UG - YouTube - Efficient Reach - Outreach,2025-08-09,16758,7,0,0,0,0,74.29,103.14,12875,5814,5.454
Central Washington University,UG,UG,YouTube,Central Washington University - UG - YouTube - Awareness,DS - CWU - UG - YouTube - Efficient Reach,Unknown - Unknown - 22843425113,,,,,UG - YouTube - Efficient Reach - Outreach,2025-08-10,17786,5,0,0,0,0,74.38,103.27,12898,5537,5.223
Central Washington University,UG,UG,YouTube,Central Washington University - UG - YouTube - Awareness,DS - CWU - UG - YouTube - Efficient Reach,Unknown - Unknown - 22843425113,,,,,UG - YouTube - Efficient Reach - Outreach,2025-08-11,18603,7,0,0,0,0,74.38,103.27,13358,5905,5.365
Central Washington University,UG,UG,YouTube,Central Washington University - UG - YouTube - Awareness,DS - CWU - UG - YouTube - Efficient Reach,Unknown - Unknown - 22843425113,,,,,UG - YouTube - Efficient Reach - Outreach,2025-08-12,18505,3,0,0,0,0,74.29,103.14,14056,5964,4.253
Central Washington University,UG,UG,YouTube,Central Washington University - UG - YouTube - Awareness,DS - CWU - UG - YouTube - Efficient Reach,Unknown - Unknown - 22843425113,,,,,UG - YouTube - Efficient Reach - Outreach,2025-08-13,16059,8,0,0,0,0,74.66,103.66,12594,5278,5.044
Central Washington University,UG,UG,YouTube,Central Washington University - UG - YouTube - Awareness,DS - CWU - UG - YouTube - Efficient Reach,Unknown - Unknown - 22843425113,,,,,UG - YouTube - Efficient Reach - Outreach,2025-08-14,15941,1,0,1,0,1,74.36,103.24,12679,4978,4.46
Central Washington University,UG,UG,YouTube,Central Washington University - UG - YouTube - Awareness,DS - CWU - UG - YouTube - Efficient Reach,Unknown - Unknown - 22843425113,,,,,UG - YouTube - Efficient Reach - Outreach,2025-08-15,15950,2,0,0,0,0,74.4,103.29,12571,4936,4.853
Central Washington University,UG,UG,YouTube,Central Washington University - UG - YouTube - Awareness,DS - CWU - UG - YouTube - Efficient Reach,Unknown - Unknown - 22843425113,,,,,UG - YouTube - Efficient Reach - Outreach,2025-08-16,16784,4,0,1,0,1,74.39,103.28,12433,4843,5.07
Central Washington University,UG,UG,YouTube,Central Washington University - UG - YouTube - Awareness,DS - CWU - UG - YouTube - Efficient Reach,Unknown - Unknown - 22843425113,,,,,UG - YouTube - Efficient Reach - Outreach,2025-08-17,17688,2,0,0,0,0,74.4,103.29,13041,5586,5.179
Central Washington University,UG,UG,YouTube,Central Washington University - UG - YouTube - Awareness,DS - CWU - UG - YouTube - Efficient Reach,Unknown - Unknown - 22843425113,,,,,UG - YouTube - Efficient Reach - Outreach,2025-08-18,16442,8,0,0,0,0,74.26,103.1,12883,5404,4.701
Central Washington University,UG,UG,YouTube,Central Washington University - UG - YouTube - Awareness,DS - CWU - UG - YouTube - Efficient Reach,Unknown - Unknown - 22843425113,,,,,UG - YouTube - Efficient Reach - Outreach,2025-08-19,16653,1,0,0,0,0,74.3,103.16,12907,5429,5.098
Central Washington University,UG,UG,YouTube,Central Washington University - UG - YouTube - Awareness,DS - CWU - UG - YouTube - Efficient Reach,Unknown - Unknown - 22843425113,,,,,UG - YouTube - Efficient Reach - Outreach,2025-08-20,16719,6,0,0,0,0,74.33,103.2,12769,4868,4.725
Central Washington University,UG,UG,YouTube,Central Washington University - UG - YouTube - Awareness,DS - CWU - UG - YouTube - Efficient Reach,Unknown - Unknown - 22843425113,,,,,UG - YouTube - Efficient Reach - Outreach,2025-08-21,15618,7,0,0,0,0,74.41,103.31,12910,5302,4.296
Central Washington University,UG,UG,YouTube,Central Washington University - UG - YouTube - Awareness,DS - CWU - UG - YouTube - Efficient Reach,Unknown - Unknown - 22843425113,,,,,UG - YouTube - Efficient Reach - Outreach,2025-08-22,15799,6,0,0,0,0,74.35,103.22,12509,4903,4.019
Central Washington University,UG,UG,YouTube,Central Washington University - UG - YouTube - Awareness,DS - CWU - UG - YouTube - Efficient Reach,Unknown - Unknown - 22843425113,,,,,UG - YouTube - Efficient Reach - Outreach,2025-08-23,15954,4,0,1,0,1,74.21,103.03,12999,5343,4.883
Central Washington University,UG,UG,YouTube,Central Washington University - UG - YouTube - Awareness,DS - CWU - UG - YouTube - Efficient Reach,Unknown - Unknown - 22843425113,,,,,UG - YouTube - Efficient Reach - Outreach,2025-08-24,16068,1,0,0,0,0,74.27,103.11,12907,5672,4.954
Central Washington University,UG,UG,YouTube,Central Washington University - UG - YouTube - Awareness,DS - CWU - UG - YouTube - Efficient Reach,Unknown - Unknown - 22843425113,,,,,UG - YouTube - Efficient Reach - Outreach,2025-08-25,17222,5,0,0,0,0,74.33,103.2,13480,5927,3.931
Central Washington University,UG,UG,YouTube,Central Washington University - UG - YouTube - Awareness,DS - CWU - UG - YouTube - Efficient Reach,Unknown - Unknown - 22843425113,,,,,UG - YouTube - Efficient Reach - Outreach,2025-08-26,17184,4,0,0,0,0,74.33,103.2,13167,4957,3.445
Central Washington University,UG,UG,YouTube,Central Washington University - UG - YouTube - Awareness,DS - CWU - UG - YouTube - Efficient Reach,Unknown - Unknown - 22843425113,,,,,UG - YouTube - Efficient Reach - Outreach,2025-08-27,16089,8,0,0,0,0,74.38,103.27,12722,4802,4.084
Central Washington University,UG,UG,YouTube,Central Washington University - UG - YouTube - Awareness,DS - CWU - UG - YouTube - Efficient Reach,Unknown - Unknown - 22843425113,,,,,UG - YouTube - Efficient Reach - Outreach,2025-08-28,17359,4,0,1,0,1,74.41,103.31,12047,4475,4.032
Central Washington University,UG,UG,YouTube,Central Washington University - UG - YouTube - Awareness,DS - CWU - UG - YouTube - Efficient Reach,Unknown - Unknown - 22843425113,,,,,UG - YouTube - Efficient Reach - Outreach,2025-08-29,16157,9,0,0,0,0,74.35,103.22,13359,4934,3.608
Central Washington University,UG,UG,YouTube,Central Washington University - UG - YouTube - Awareness,DS - CWU - UG - YouTube - Efficient Reach,Unknown - Unknown - 22843425113,,,,,UG - YouTube - Efficient Reach - Outreach,2025-08-30,15093,5,0,0,0,0,74.28,103.13,12218,4797,4.002
Central Washington University,UG,UG,YouTube,Central Washington University - UG - YouTube - Awareness,DS - CWU - UG - YouTube - Efficient Reach,Unknown - Unknown - 22843425113,,,,,UG - YouTube - Efficient Reach - Outreach,2025-08-31,18563,6,0,0,0,0,74.46,103.38,13271,5925,3.976
Central Washington University,UG,UG,YouTube,Central Washington University - UG - YouTube - Awareness,DS - CWU - UG - YouTube - Efficient Reach,Unknown - Unknown - 22843425113,,,,,UG - YouTube - Efficient Reach - Outreach,2025-09-01,18998,6,0,0,0,0,75.48,106.64,13750,6289,4.553
Central Washington University,UG,UG,YouTube,Central Washington University - UG - YouTube - Awareness,DS - CWU - UG - YouTube - Efficient Reach,Unknown - Unknown - 22843425113,,,,,UG - YouTube - Efficient Reach - Outreach,2025-09-02,19411,1,0,0,0,0,75.43,106.57,13425,6539,4.534
Central Washington University,UG,UG,YouTube,Central Washington University - UG - YouTube - Awareness,DS - CWU - UG - YouTube - Efficient Reach,Unknown - Unknown - 22843425113,,,,,UG - YouTube - Efficient Reach - Outreach,2025-09-03,18954,4,0,0,0,0,75.51,106.68,13002,6143,4.543
Central Washington University,UG,UG,YouTube,Central Washington University - UG - YouTube - Awareness,DS - CWU - UG - YouTube - Efficient Reach,Unknown - Unknown - 22843425113,,,,,UG - YouTube - Efficient Reach - Outreach,2025-09-04,17158,5,0,1,0,1,75.53,106.71,12896,5944,4.878
Central Washington University,UG,UG,YouTube,Central Washington University - UG - YouTube - Awareness,DS - CWU - UG - YouTube - Efficient Reach,Unknown - Unknown - 22843425113,,,,,UG - YouTube - Efficient Reach - Outreach,2025-09-05,15508,3,0,0,0,0,75.51,106.68,12429,5743,4.398
Central Washington University,UG,UG,YouTube,Central Washington University - UG - YouTube - Awareness,DS - CWU - UG - YouTube - Efficient Reach,Unknown - Unknown - 22843425113,,,,,UG - YouTube - Efficient Reach - Outreach,2025-09-06,17083,3,0,0,0,0,75.52,106.7,12700,5646,4.589
Central Washington University,UG,UG,YouTube,Central Washington University - UG - YouTube - Awareness,DS - CWU - UG - YouTube - Efficient Reach,Unknown - Unknown - 22843425113,,,,,UG - YouTube - Efficient Reach - Outreach,2025-09-07,17596,4,0,0,0,0,75.45,106.6,14183,6415,4.018
Central Washington University,UG,UG,YouTube,Central Washington University - UG - YouTube - Awareness,DS - CWU - UG - YouTube - Efficient Reach,Unknown - Unknown - 22843425113,,,,,UG - YouTube - Efficient Reach - Outreach,2025-09-08,18370,2,0,1,0,1,75.45,106.6,14261,8011,4.034
Central Washington University,UG,UG,YouTube,Central Washington University - UG - YouTube - Awareness,DS - CWU - UG - YouTube - Efficient Reach,Unknown - Unknown - 22843425113,,,,,UG - YouTube - Efficient Reach - Outreach,2025-09-09,19334,4,0,0,0,0,75.38,106.5,13673,6997,4.138
Central Washington University,UG,UG,YouTube,Central Washington University - UG - YouTube - Awareness,DS - CWU - UG - YouTube - Efficient Reach,Unknown - Unknown - 22843425113,,,,,UG - YouTube - Efficient Reach - Outreach,2025-09-10,20090,1,0,0,0,0,75.42,106.56,14192,6016,3.758
Central Washington University,UG,UG,YouTube,Central Washington University - UG - YouTube - Awareness,DS - CWU - UG - YouTube - Efficient Reach,Unknown - Unknown - 22843425113,,,,,UG - YouTube - Efficient Reach - Outreach,2025-09-11,18264,3,0,0,0,0,75.47,106.63,12489,5863,3.74
Central Washington University,UG,UG,YouTube,Central Washington University - UG - YouTube - Awareness,DS - CWU - UG - YouTube - Efficient Reach,Unknown - Unknown - 22843425113,,,,,UG - YouTube - Efficient Reach - Outreach,2025-09-12,17977,5,0,0,0,0,75.59,106.8,12645,5313,4.083
Central Washington University,UG,UG,YouTube,Central Washington University - UG - YouTube - Awareness,DS - CWU - UG - YouTube - Efficient Reach,Unknown - Unknown - 22843425113,,,,,UG - YouTube - Efficient Reach - Outreach,2025-09-13,19000,3,0,0,0,0,75.48,106.64,13025,5625,3.774
Central Washington University,UG,UG,YouTube,Central Washington University - UG - YouTube - Awareness,DS - CWU - UG - YouTube - Efficient Reach,Unknown - Unknown - 22843425113,,,,,UG - YouTube - Efficient Reach - Outreach,2025-09-14,18831,5,0,0,0,0,75.4,106.53,12479,5224,3.903
Central Washington University,UG,UG,YouTube,Central Washington University - UG - YouTube - Awareness,DS - CWU - UG - YouTube - Efficient Reach,Unknown - Unknown - 22843425113,,,,,UG - YouTube - Efficient Reach - Outreach,2025-09-15,19193,7,0,0,0,0,75.51,106.68,13472,6777,4.22
Central Washington University,UG,UG,YouTube,Central Washington University - UG - YouTube - Awareness,DS - CWU - UG - YouTube - Efficient Reach,Unknown - Unknown - 22843425113,,,,,UG - YouTube - Efficient Reach - Outreach,2025-09-16,18019,3,0,0,0,0,75.47,106.63,12324,5468,3.796
Central Washington University,UG,UG,YouTube,Central Washington University - UG - YouTube - Awareness,DS - CWU - UG - YouTube - Efficient Reach,Unknown - Unknown - 22843425113,,,,,UG - YouTube - Efficient Reach - Outreach,2025-09-17,18192,4,0,0,0,0,75.53,106.71,12153,5328,3.892
Central Washington University,UG,UG,YouTube,Central Washington University - UG - YouTube - Awareness,DS - CWU - UG - YouTube - Efficient Reach,Unknown - Unknown - 22843425113,,,,,UG - YouTube - Efficient Reach - Outreach,2025-09-18,18995,8,0,0,0,0,75.57,106.77,12776,4771,3.548
Central Washington University,UG,UG,YouTube,Central Washington University - UG - YouTube - Awareness,DS - CWU - UG - YouTube - Efficient Reach,Unknown - Unknown - 22843425113,,,,,UG - YouTube - Efficient Reach - Outreach,2025-09-19,16115,9,0,0,0,0,75.53,106.71,11927,4371,4.176
Central Washington University,UG,UG,YouTube,Central Washington University - UG - YouTube - Awareness,DS - CWU - UG - YouTube - Efficient Reach,Unknown - Unknown - 22843425113,,,,,UG - YouTube - Efficient Reach - Outreach,2025-09-20,18937,4,0,0,0,0,75.51,106.68,12776,5019,3.385
Central Washington University,UG,UG,YouTube,Central Washington University - UG - YouTube - Awareness,DS - CWU - UG - YouTube - Efficient Reach,Unknown - Unknown - 22843425113,,,,,UG - YouTube - Efficient Reach - Outreach,2025-09-21,18265,4,0,0,0,0,75.5,106.67,12594,5427,3.969
Central Washington University,UG,UG,YouTube,Central Washington University - UG - YouTube - Awareness,DS - CWU - UG - YouTube - Efficient Reach,Unknown - Unknown - 22843425113,,,,,UG - YouTube - Efficient Reach - Outreach,2025-09-22,17720,1,0,0,0,0,75.49,106.65,11599,5343,4.216
Central Washington University,UG,UG,YouTube,Central Washington University - UG - YouTube - Awareness,DS - CWU - UG - YouTube - Efficient Reach,Unknown - Unknown - 22843425113,,,,,UG - YouTube - Efficient Reach - Outreach,2025-09-23,17460,3,0,0,0,0,75.43,106.57,12161,5324,3.814
Central Washington University,UG,UG,YouTube,Central Washington University - UG - YouTube - Awareness,DS - CWU - UG - YouTube - Efficient Reach,Unknown - Unknown - 22843425113,,,,,UG - YouTube - Efficient Reach - Outreach,2025-09-24,18101,7,0,0,0,0,75.57,106.77,12256,5377,4.171
Central Washington University,UG,UG,YouTube,Central Washington University - UG - YouTube - Awareness,DS - CWU - UG - YouTube - Efficient Reach,Unknown - Unknown - 22843425113,,,,,UG - YouTube - Efficient Reach - Outreach,2025-09-25,16477,4,0,0,0,0,75.49,106.65,11329,4777,4.704
Central Washington University,UG,UG,YouTube,Central Washington University - UG - YouTube - Awareness,DS - CWU - UG - YouTube - Efficient Reach,Unknown - Unknown - 22843425113,,,,,UG - YouTube - Efficient Reach - Outreach,2025-09-26,16233,5,0,1,0,1,75.58,106.78,11413,4885,4.115
Central Washington University,UG,UG,YouTube,Central Washington University - UG - YouTube - Awareness,DS - CWU - UG - YouTube - Efficient Reach,Unknown - Unknown - 22843425113,,,,,UG - YouTube - Efficient Reach - Outreach,2025-09-27,17088,3,0,0,0,0,75.48,106.64,11856,5129,4.02
Central Washington University,UG,UG,YouTube,Central Washington University - UG - YouTube - Awareness,DS - CWU - UG - YouTube - Efficient Reach,Unknown - Unknown - 22843425113,,,,,UG - YouTube - Efficient Reach - Outreach,2025-09-28,16651,4,0,0,0,0,75.51,106.68,11330,5015,4.18
Central Washington University,UG,UG,YouTube,Central Washington University - UG - YouTube - Awareness,DS - CWU - UG - YouTube - Efficient Reach,Unknown - Unknown - 22843425113,,,,,UG - YouTube - Efficient Reach - Outreach,2025-09-29,18540,6,0,0,0,0,75.55,106.74,11850,5708,4.865
Central Washington University,UG,UG,YouTube,Central Washington University - UG - YouTube - Awareness,DS - CWU - UG - YouTube - Efficient Reach,Unknown - Unknown - 22843425113,,,,,UG - YouTube - Efficient Reach - Outreach,2025-09-30,19116,5,0,0,0,0,75.61,106.82,12743,5868,3.369
Central Washington University,UG,UG,YouTube,Central Washington University - UG - YouTube - Awareness,DS - CWU - UG - YouTube - Efficient Reach,Unknown - Unknown - 22843425113,,,,,UG - YouTube - Efficient Reach - Outreach,2025-10-01,18988,5,0,0,0,0,74.2,103.1,13370,5979,5.214
Central Washington University,UG,UG,YouTube,Central Washington University - UG - YouTube - Awareness,DS - CWU - UG - YouTube - Efficient Reach,Unknown - Unknown - 22843425113,,,,,UG - YouTube - Efficient Reach - Outreach,2025-10-02,20683,3,0,0,0,0,74.36,103.33,13938,6974,3.863
Central Washington University,UG,UG,YouTube,Central Washington University - UG - YouTube - Awareness,DS - CWU - UG - YouTube - Efficient Reach,Unknown - Unknown - 22843425113,,,,,UG - YouTube - Efficient Reach - Outreach,2025-10-03,20182,3,0,1,0,1,74.28,103.21,14068,6330,3.696
Central Washington University,UG,UG,YouTube,Central Washington University - UG - YouTube - Awareness,DS - CWU - UG - YouTube - Efficient Reach,Unknown - Unknown - 22843425113,,,,,UG - YouTube - Efficient Reach - Outreach,2025-10-04,22287,5,0,0,0,0,74.35,103.31,15050,6488,3.024
Central Washington University,UG,UG,YouTube,Central Washington University - UG - YouTube - Awareness,DS - CWU - UG - YouTube - Efficient Reach,Unknown - Unknown - 22843425113,,,,,UG - YouTube - Efficient Reach - Outreach,2025-10-05,23600,6,0,0,0,0,74.27,103.2,15680,7873,3.305
Central Washington University,UG,UG,YouTube,Central Washington University - UG - YouTube - Awareness,DS - CWU - UG - YouTube - Efficient Reach,Unknown - Unknown - 22843425113,,,,,UG - YouTube - Efficient Reach - Outreach,2025-10-06,21341,3,0,1,0,1,74.25,103.17,14260,7099,4.17
Central Washington University,UG,UG,YouTube,Central Washington University - UG - YouTube - Awareness,DS - CWU - UG - YouTube - Efficient Reach,Unknown - Unknown - 22843425113,,,,,UG - YouTube - Efficient Reach - Outreach,2025-10-07,22212,8,0,1,0,1,74.33,103.28,15889,8042,3.075
Central Washington University,UG,UG,YouTube,Central Washington University - UG - YouTube - Awareness,DS - CWU - UG - YouTube - Efficient Reach,Unknown - Unknown - 22843425113,,,,,UG - YouTube - Efficient Reach - Outreach,2025-10-08,20588,5,0,0,0,0,74.3,103.24,12652,5944,3.371
Central Washington University,UG,UG,YouTube,Central Washington University - UG - YouTube - Awareness,DS - CWU - UG - YouTube - Efficient Reach,Unknown - Unknown - 22843425113,,,,,UG - YouTube - Efficient Reach - Outreach,2025-10-09,19018,4,0,0,0,0,74.29,103.23,13156,5688,4.222
Central Washington University,UG,UG,YouTube,Central Washington University - UG - YouTube - Awareness,DS - CWU - UG - YouTube - Efficient Reach,Unknown - Unknown - 22843425113,,,,,UG - YouTube - Efficient Reach - Outreach,2025-10-10,21420,7,0,1,0,1,74.25,103.17,14068,5405,3.063
Central Washington University,UG,UG,YouTube,Central Washington University - UG - YouTube - Awareness,DS - CWU - UG - YouTube - Efficient Reach,Unknown - Unknown - 22843425113,,,,,UG - YouTube - Efficient Reach - Outreach,2025-10-11,17955,3,0,0,0,0,74.23,103.15,12464,5414,4.411
Central Washington University,UG,UG,YouTube,Central Washington University - UG - YouTube - Awareness,DS - CWU - UG - YouTube - Efficient Reach,Unknown - Unknown - 22843425113,,,,,UG - YouTube - Efficient Reach - Outreach,2025-10-12,20530,8,0,0,0,0,74.37,103.34,14716,6754,3.678
Central Washington University,UG,UG,YouTube,Central Washington University - UG - YouTube - Awareness,DS - CWU - UG - YouTube - Efficient Reach,Unknown - Unknown - 22843425113,,,,,UG - YouTube - Efficient Reach - Outreach,2025-10-13,20516,7,0,1,0,1,74.22,103.13,14029,6663,3.973
Central Washington University,UG,UG,YouTube,Central Washington University - UG - YouTube - Awareness,DS - CWU - UG - YouTube - Efficient Reach,Unknown - Unknown - 22843425113,,,,,UG - YouTube - Efficient Reach - Outreach,2025-10-14,18195,6,0,0,0,0,74.29,103.23,12591,5687,4.485
Central Washington University,UG,UG,YouTube,Central Washington University - UG - YouTube - Awareness,DS - CWU - UG - YouTube - Efficient Reach,Unknown - Unknown - 22843425113,,,,,UG - YouTube - Efficient Reach - Outreach,2025-10-15,21346,8,0,0,0,0,74.32,103.27,13883,5507,3.696
Central Washington University,UG,UG,YouTube,Central Washington University - UG - YouTube - Awareness,DS - CWU - UG - YouTube - Efficient Reach,Unknown - Unknown - 22843425113,,,,,UG - YouTube - Efficient Reach - Outreach,2025-10-16,17308,9,0,0,0,0,73.75,102.48,12060,5184,4.131
Central Washington University,UG,UG,YouTube,Central Washington University - UG - YouTube - Awareness,DS - CWU - UG - YouTube - Efficient Reach,Unknown - Unknown - 22843425113,,,,,UG - YouTube - Efficient Reach - Outreach,2025-10-17,18373,5,0,0,0,0,74.44,103.44,12580,5584,4.251
Central Washington University,UG,UG,YouTube,Central Washington University - UG - YouTube - Awareness,DS - CWU - UG - YouTube - Efficient Reach,Unknown - Unknown - 22843425113,,,,,UG - YouTube - Efficient Reach - Outreach,2025-10-18,18517,1,0,0,0,0,74.42,103.41,13209,5854,3.867
Central Washington University,UG,UG,YouTube,Central Washington University - UG - YouTube - Awareness,DS - CWU - UG - YouTube - Efficient Reach,Unknown - Unknown - 22843425113,,,,,UG - YouTube - Efficient Reach - Outreach,2025-10-19,19898,2,0,0,0,0,74.27,103.2,14298,6276,3.287
Central Washington University,UG,UG,YouTube,Central Washington University - UG - YouTube - Awareness,DS - CWU - UG - YouTube - Efficient Reach,Unknown - Unknown - 22843425113,,,,,UG - YouTube - Efficient Reach - Outreach,2025-10-20,20103,3,0,0,0,0,74.23,103.15,13336,6672,3.975
Central Washington University,UG,UG,YouTube,Central Washington University - UG - YouTube - Awareness,DS - CWU - UG - YouTube - Efficient Reach,Unknown - Unknown - 22843425113,,,,,UG - YouTube - Efficient Reach - Outreach,2025-10-21,18725,5,0,1,0,1,74.4,103.38,13745,7183,3.685
Central Washington University,UG,UG,YouTube,Central Washington University - UG - YouTube - Awareness,DS - CWU - UG - YouTube - Efficient Reach,Unknown - Unknown - 22843425113,,,,,UG - YouTube - Efficient Reach - Outreach,2025-10-22,18172,2,0,0,0,0,74.31,103.26,12571,6190,3.615
Central Washington University,UG,UG,YouTube,Central Washington University - UG - YouTube - Awareness,DS - CWU - UG - YouTube - Efficient Reach,Unknown - Unknown - 22843425113,,,,,UG - YouTube - Efficient Reach - Outreach,2025-10-23,18423,4,0,1,0,1,74.29,103.23,12001,5259,4.386
Central Washington University,UG,UG,YouTube,Central Washington University - UG - YouTube - Awareness,DS - CWU - UG - YouTube - Efficient Reach,Unknown - Unknown - 22843425113,,,,,UG - YouTube - Efficient Reach - Outreach,2025-10-24,18809,4,0,0,0,0,74.26,103.19,12442,5045,3.966
Central Washington University,UG,UG,YouTube,Central Washington University - UG - YouTube - Awareness,DS - CWU - UG - YouTube - Efficient Reach,Unknown - Unknown - 22843425113,,,,,UG - YouTube - Efficient Reach - Outreach,2025-10-25,20532,6,0,1,0,1,74.28,103.21,13163,6045,3.049
Central Washington University,UG,UG,YouTube,Central Washington University - UG - YouTube - Awareness,DS - CWU - UG - YouTube - Efficient Reach,Unknown - Unknown - 22843425113,,,,,UG - YouTube - Efficient Reach - Outreach,2025-10-26,17539,2,0,0,0,0,74.27,103.2,13346,5964,3.746
Central Washington University,UG,UG,YouTube,Central Washington University - UG - YouTube - Awareness,DS - CWU - UG - YouTube - Efficient Reach,Unknown - Unknown - 22843425113,,,,,UG - YouTube - Efficient Reach - Outreach,2025-10-27,18358,3,0,1,0,1,74.26,103.19,13321,6644,3.061
Central Washington University,UG,UG,YouTube,Central Washington University - UG - YouTube - Awareness,DS - CWU - UG - YouTube - Efficient Reach,Unknown - Unknown - 22843425113,,,,,UG - YouTube - Efficient Reach - Outreach,2025-10-28,20726,5,0,1,0,1,74.27,103.2,12956,5778,3.329
Central Washington University,UG,UG,YouTube,Central Washington University - UG - YouTube - Awareness,DS - CWU - UG - YouTube - Efficient Reach,Unknown - Unknown - 22843425113,,,,,UG - YouTube - Efficient Reach - Outreach,2025-10-29,17586,2,0,0,0,0,74.35,103.31,12821,6303,3.946
Central Washington University,UG,UG,YouTube,Central Washington University - UG - YouTube - Awareness,DS - CWU - UG - YouTube - Efficient Reach,Unknown - Unknown - 22843425113,,,,,UG - YouTube - Efficient Reach - Outreach,2025-10-30,21159,6,0,1,0,1,74.34,103.3,13591,5920,2.699
Central Washington University,UG,UG,YouTube,Central Washington University - UG - YouTube - Awareness,DS - CWU - UG - YouTube - Efficient Reach,Unknown - Unknown - 22843425113,,,,,UG - YouTube - Efficient Reach - Outreach,2025-10-31,17330,5,0,0,0,0,74.48,103.49,12426,5143,3.849
Central Washington University,UG,UG,YouTube,Central Washington University - UG - YouTube - Awareness,DS - CWU - UG - YouTube - Efficient Reach,Unknown - Unknown - 22843425113,,,,,UG - YouTube - Efficient Reach - Outreach,2025-11-01,20923,2,0,1,0,1,74.34,104.2,15135,7266,3.088
Central Washington University,UG,UG,YouTube,Central Washington University - UG - YouTube - Awareness,DS - CWU - UG - YouTube - Efficient Reach,Unknown - Unknown - 22843425113,,,,,UG - YouTube - Efficient Reach - Outreach,2025-11-02,21063,4,0,0,0,0,74.37,104.24,15747,8464,2.858
Central Washington University,UG,UG,YouTube,Central Washington University - UG - YouTube - Awareness,DS - CWU - UG - YouTube - Efficient Reach,Unknown - Unknown - 22843425113,,,,,UG - YouTube - Efficient Reach - Outreach,2025-11-03,21451,4,0,0,0,0,76.15,106.74,16075,9361,2.979
Central Washington University,UG,UG,YouTube,Central Washington University - UG - YouTube - Awareness,DS - CWU - UG - YouTube - Efficient Reach,Unknown - Unknown - 22843425113,,,,,UG - YouTube - Efficient Reach - Outreach,2025-11-04,19956,3,0,0,0,0,76.22,106.84,15385,7743,3.167
Central Washington University,UG,UG,YouTube,Central Washington University - UG - YouTube - Awareness,DS - CWU - UG - YouTube - Efficient Reach,Unknown - Unknown - 22843425113,,,,,UG - YouTube - Efficient Reach - Outreach,2025-11-05,19377,5,0,3,0,3,76.15,106.74,15290,7929,3.427
Central Washington University,UG,UG,YouTube,Central Washington University - UG - YouTube - Awareness,DS - CWU - UG - YouTube - Efficient Reach,Unknown - Unknown - 22843425113,,,,,UG - YouTube - Efficient Reach - Outreach,2025-11-06,17505,9,0,1,0,1,76.18,106.78,13144,6124,4.393
Central Washington University,UG,UG,YouTube,Central Washington University - UG - YouTube - Awareness,DS - CWU - UG - YouTube - Efficient Reach,Unknown - Unknown - 22843425113,,,,,UG - YouTube - Efficient Reach - Outreach,2025-11-07,21288,6,0,0,0,0,76.19,106.79,16185,8703,2.372
Central Washington University,UG,UG,YouTube,Central Washington University - UG - YouTube - Awareness,DS - CWU - UG - YouTube - Efficient Reach,Unknown - Unknown - 22843425113,,,,,UG - YouTube - Efficient Reach - Outreach,2025-11-08,19164,3,0,0,0,0,76.2,106.81,14273,5544,3.616
Central Washington University,UG,UG,YouTube,Central Washington University - UG - YouTube - Awareness,DS - CWU - UG - YouTube - Efficient Reach,Unknown - Unknown - 22843425113,,,,,UG - YouTube - Efficient Reach - Outreach,2025-11-09,21282,2,0,1,0,1,76.21,106.82,15861,8323,3.205
Central Washington University,UG,UG,YouTube,Central Washington University - UG - YouTube - Awareness,DS - CWU - UG - YouTube - Efficient Reach,Unknown - Unknown - 22843425113,,,,,UG - YouTube - Efficient Reach - Outreach,2025-11-10,20521,7,0,0,0,0,76.18,106.78,15718,7845,2.802
Central Washington University,UG,UG,YouTube,Central Washington University - UG - YouTube - Awareness,DS - CWU - UG - YouTube - Efficient Reach,Unknown - Unknown - 22843425113,,,,,UG - YouTube - Efficient Reach - Outreach,2025-11-11,18573,5,0,2,0,2,76.16,106.75,14253,6676,3.462
Central Washington University,UG,UG,YouTube,Central Washington University - UG - YouTube - Awareness,DS - CWU - UG - YouTube - Efficient Reach,Unknown - Unknown - 22843425113,,,,,UG - YouTube - Efficient Reach - Outreach,2025-11-12,18396,6,0,0,0,0,76.25,106.88,14956,8959,3.044
Central Washington University,UG,UG,YouTube,Central Washington University - UG - YouTube - Awareness,DS - CWU - UG - YouTube - Efficient Reach,Unknown - Unknown - 22843425113,,,,,UG - YouTube - Efficient Reach - Outreach,2025-11-13,18210,11,0,0,0,0,76.25,106.88,13550,5710,3.509
Central Washington University,UG,UG,YouTube,Central Washington University - UG - YouTube - Awareness,DS - CWU - UG - YouTube - Efficient Reach,Unknown - Unknown - 22843425113,,,,,UG - YouTube - Efficient Reach - Outreach,2025-11-14,17141,9,0,0,0,0,76.13,106.71,13739,7289,3.623
Central Washington University,UG,UG,YouTube,Central Washington University - UG - YouTube - Awareness,DS - CWU - UG - YouTube - Efficient Reach,Unknown - Unknown - 22843425113,,,,,UG - YouTube - Efficient Reach - Outreach,2025-11-15,17856,5,0,1,0,1,76.16,106.75,14433,6748,2.957
Central Washington University,UG,UG,YouTube,Central Washington University - UG - YouTube - Awareness,DS - CWU - UG - YouTube - Efficient Reach,Unknown - Unknown - 22843425113,,,,,UG - YouTube - Efficient Reach - Outreach,2025-11-16,19675,7,0,0,0,0,76.13,106.71,15663,8300,2.958
Central Washington University,UG,UG,YouTube,Central Washington University - UG - YouTube - Awareness,DS - CWU - UG - YouTube - Efficient Reach,Unknown - Unknown - 22843425113,,,,,UG - YouTube - Efficient Reach - Outreach,2025-11-17,20385,5,0,1,0,1,76.14,106.72,14883,9270,2.556
Central Washington University,UG,UG,YouTube,Central Washington University - UG - YouTube - Awareness,DS - CWU - UG - YouTube - Efficient Reach,Unknown - Unknown - 22843425113,,,,,UG - YouTube - Efficient Reach - Outreach,2025-11-18,19549,1,0,0,0,0,76.14,106.72,14182,7268,3.504
Central Washington University,UG,UG,YouTube,Central Washington University - UG - YouTube - Awareness,DS - CWU - UG - YouTube - Efficient Reach,Unknown - Unknown - 22843425113,,,,,UG - YouTube - Efficient Reach - Outreach,2025-11-19,21366,5,0,0,0,0,76.2,106.81,17060,9272,2.406
Central Washington University,UG,UG,YouTube,Central Washington University - UG - YouTube - Awareness,DS - CWU - UG - YouTube - Efficient Reach,Unknown - Unknown - 22843425113,,,,,UG - YouTube - Efficient Reach - Outreach,2025-11-20,19337,4,0,0,0,0,76.19,106.79,14652,7398,3.196
Central Washington University,UG,UG,YouTube,Central Washington University - UG - YouTube - Awareness,DS - CWU - UG - YouTube - Efficient Reach,Unknown - Unknown - 22843425113,,,,,UG - YouTube - Efficient Reach - Outreach,2025-11-21,19475,3,0,0,0,0,76.31,106.96,15212,8401,2.29
Central Washington University,UG,UG,YouTube,Central Washington University - UG - YouTube - Awareness,DS - CWU - UG - YouTube - Efficient Reach,Unknown - Unknown - 22843425113,,,,,UG - YouTube - Efficient Reach - Outreach,2025-11-22,18267,3,0,0,0,0,76.2,106.81,14712,7730,2.962
Central Washington University,UG,UG,YouTube,Central Washington University - UG - YouTube - Awareness,DS - CWU - UG - YouTube - Efficient Reach,Unknown - Unknown - 22843425113,,,,,UG - YouTube - Efficient Reach - Outreach,2025-11-23,20412,4,0,0,0,0,76.22,106.84,16050,8683,2.067
Central Washington University,UG,UG,YouTube,Central Washington University - UG - YouTube - Awareness,DS - CWU - UG - YouTube - Efficient Reach,Unknown - Unknown - 22843425113,,,,,UG - YouTube - Efficient Reach - Outreach,2025-11-24,18685,3,0,0,0,0,76.23,106.85,14935,8530,2.703
Central Washington University,UG,UG,YouTube,Central Washington University - UG - YouTube - Awareness,DS - CWU - UG - YouTube - Efficient Reach,Unknown - Unknown - 22843425113,,,,,UG - YouTube - Efficient Reach - Outreach,2025-11-25,21674,4,0,1,0,1,76.31,106.96,17143,11034,1.726
Central Washington University,UG,UG,YouTube,Central Washington University - UG - YouTube - Awareness,DS - CWU - UG - YouTube - Efficient Reach,Unknown - Unknown - 22843425113,,,,,UG - YouTube - Efficient Reach - Outreach,2025-11-26,17383,7,0,0,0,0,76.35,107.02,14042,6693,3.216
Central Washington University,UG,UG,YouTube,Central Washington University - UG - YouTube - Awareness,DS - CWU - UG - YouTube - Efficient Reach,Unknown - Unknown - 22843425113,,,,,UG - YouTube - Efficient Reach - Outreach,2025-11-27,18020,0,0,0,0,0,76.26,106.89,15236,8430,2.014
Central Washington University,UG,UG,YouTube,Central Washington University - UG - YouTube - Awareness,DS - CWU - UG - YouTube - Efficient Reach,Unknown - Unknown - 22843425113,,,,,UG - YouTube - Efficient Reach - Outreach,2025-11-28,16566,5,0,0,0,0,76.4,107.09,14070,7144,2.064
Central Washington University,UG,UG,YouTube,Central Washington University - UG - YouTube - Awareness,DS - CWU - UG - YouTube - Efficient Reach,Unknown - Unknown - 22843425113,,,,,UG - YouTube - Efficient Reach - Outreach,2025-11-29,18117,5,0,0,0,0,76.36,107.03,14064,7663,2.059
Central Washington University,UG,UG,YouTube,Central Washington University - UG - YouTube - Awareness,DS - CWU - UG - YouTube - Efficient Reach,Unknown - Unknown - 22843425113,,,,,UG - YouTube - Efficient Reach - Outreach,2025-11-30,17692,2,0,0,0,0,76.38,107.06,14047,7495,2.402
Central Washington University,UG,UG,YouTube,Central Washington University - UG - YouTube - Awareness,DS - CWU - UG - YouTube - Efficient Reach,Unknown - Unknown - 22843425113,,,,,UG - YouTube - Efficient Reach - Outreach,2025-12-01,18320,3,0,0,0,0,74.23,103.14,15323,9518,1.703
Central Washington University,UG,UG,YouTube,Central Washington University - UG - YouTube - Awareness,DS - CWU - UG - YouTube - Efficient Reach,Unknown - Unknown - 22843425113,,,,,UG - YouTube - Efficient Reach - Outreach,2025-12-02,18698,5,0,1,0,1,74.31,103.25,13858,6993,2.407
Central Washington University,UG,UG,YouTube,Central Washington University - UG - YouTube - Awareness,DS - CWU - UG - YouTube - Efficient Reach,Unknown - Unknown - 22843425113,,,,,UG - YouTube - Efficient Reach - Outreach,2025-12-03,17545,1,0,1,0,1,74.31,103.25,14150,7705,2.36
Central Washington University,UG,UG,YouTube,Central Washington University - UG - YouTube - Awareness,DS - CWU - UG - YouTube - Efficient Reach,Unknown - Unknown - 22843425113,,,,,UG - YouTube - Efficient Reach - Outreach,2025-12-04,17468,5,0,1,0,1,74.29,103.22,13568,7499,2.473
Central Washington University,UG,UG,YouTube,Central Washington University - UG - YouTube - Awareness,DS - CWU - UG - YouTube - Efficient Reach,Unknown - Unknown - 22843425113,,,,,UG - YouTube - Efficient Reach - Outreach,2025-12-05,17869,3,0,2,0,2,74.29,103.22,13912,7701,2.434
Central Washington University,UG,UG,YouTube,Central Washington University - UG - YouTube - Awareness,DS - CWU - UG - YouTube - Efficient Reach,Unknown - Unknown - 22843425113,,,,,UG - YouTube - Efficient Reach - Outreach,2025-12-06,18635,0,0,1,0,1,74.29,103.22,14970,7814,2.764
Central Washington University,UG,UG,YouTube,Central Washington University - UG - YouTube - Awareness,DS - CWU - UG - YouTube - Efficient Reach,Unknown - Unknown - 22843425113,,,,,UG - YouTube - Efficient Reach - Outreach,2025-12-07,19125,1,0,3,0,3,74.28,103.2,14877,8371,2.886
Central Washington University,UG,UG,YouTube,Central Washington University - UG - YouTube - Awareness,DS - CWU - UG - YouTube - Efficient Reach,Unknown - Unknown - 22843425113,,,,,UG - YouTube - Efficient Reach - Outreach,2025-12-08,19283,4,0,0,0,0,74.23,103.14,14834,8895,2.966
Central Washington University,UG,UG,YouTube,Central Washington University - UG - YouTube - Awareness,DS - CWU - UG - YouTube - Efficient Reach,Unknown - Unknown - 22843425113,,,,,UG - YouTube - Efficient Reach - Outreach,2025-12-09,17182,4,0,1,0,1,74.31,103.25,13231,8271,3.69
Central Washington University,UG,UG,YouTube,Central Washington University - UG - YouTube - Awareness,DS - CWU - UG - YouTube - Efficient Reach,Unknown - Unknown - 22843425113,,,,,UG - YouTube - Efficient Reach - Outreach,2025-12-10,17939,10,0,0,0,0,74.28,103.2,14534,6063,3.294
Central Washington University,UG,UG,YouTube,Central Washington University - UG - YouTube - Awareness,DS - CWU - UG - YouTube - Efficient Reach,Unknown - Unknown - 22843425113,,,,,UG - YouTube - Efficient Reach - Outreach,2025-12-11,17843,1,0,1,0,1,74.31,103.25,14953,8322,3.486
Central Washington University,UG,UG,YouTube,Central Washington University - UG - YouTube - Awareness,DS - CWU - UG - YouTube - Efficient Reach,Unknown - Unknown - 22843425113,,,,,UG - YouTube - Efficient Reach - Outreach,2025-12-12,15841,4,0,1,0,1,74.33,103.27,13552,6827,4.349
Central Washington University,UG,UG,YouTube,Central Washington University - UG - YouTube - Awareness,DS - CWU - UG - YouTube - Efficient Reach,Unknown - Unknown - 22843425113,,,,,UG - YouTube - Efficient Reach - Outreach,2025-12-13,16361,3,0,0,0,0,74.23,103.14,13487,6836,3.789
Central Washington University,UG,UG,YouTube,Central Washington University - UG - YouTube - Awareness,DS - CWU - UG - YouTube - Efficient Reach,Unknown - Unknown - 22843425113,,,,,UG - YouTube - Efficient Reach - Outreach,2025-12-14,16974,0,0,0,0,0,74.27,103.19,13895,7189,3.576
Central Washington University,UG,UG,YouTube,Central Washington University - UG - YouTube - Awareness,DS - CWU - UG - YouTube - Efficient Reach,Unknown - Unknown - 22843425113,,,,,UG - YouTube - Efficient Reach - Outreach,2025-12-15,16607,11,0,1,0,1,74.24,103.15,12423,6404,4.293
Central Washington University,UG,UG,YouTube,Central Washington University - UG - YouTube - Awareness,DS - CWU - UG - YouTube - Efficient Reach,Unknown - Unknown - 22843425113,,,,,UG - YouTube - Efficient Reach - Outreach,2025-12-16,16114,3,0,1,0,1,74.33,103.27,13449,7095,4.648
Central Washington University,UG,UG,YouTube,Central Washington University - UG - YouTube - Awareness,DS - CWU - UG - YouTube - Efficient Reach,Unknown - Unknown - 22843425113,,,,,UG - YouTube - Efficient Reach - Outreach,2025-12-17,16604,6,0,0,0,0,74.29,103.22,13369,7014,4.162
Central Washington University,UG,UG,YouTube,Central Washington University - UG - YouTube - Awareness,DS - CWU - UG - YouTube - Efficient Reach,Unknown - Unknown - 22843425113,,,,,UG - YouTube - Efficient Reach - Outreach,2025-12-18,15784,5,0,0,0,0,74.29,103.22,13104,6661,3.985
Central Washington University,UG,UG,YouTube,Central Washington University - UG - YouTube - Awareness,DS - CWU - UG - YouTube - Efficient Reach,Unknown - Unknown - 22843425113,,,,,UG - YouTube - Efficient Reach - Outreach,2025-12-19,15858,2,0,0,0,0,74.29,103.22,13415,6583,4.042
Central Washington University,UG,UG,YouTube,Central Washington University - UG - YouTube - Awareness,DS - CWU - UG - YouTube - Efficient Reach,Unknown - Unknown - 22843425113,,,,,UG - YouTube - Efficient Reach - Outreach,2025-12-20,16026,2,0,0,0,0,74.28,103.2,13210,6413,4.555
Central Washington University,UG,UG,YouTube,Central Washington University - UG - YouTube - Awareness,DS - CWU - UG - YouTube - Efficient Reach,Unknown - Unknown - 22843425113,,,,,UG - YouTube - Efficient Reach - Outreach,2025-12-21,17438,6,0,0,0,0,74.24,103.15,14204,6976,4.06
Central Washington University,UG,UG,YouTube,Central Washington University - UG - YouTube - Awareness,DS - CWU - UG - YouTube - Efficient Reach,Unknown - Unknown - 22843425113,,,,,UG - YouTube - Efficient Reach - Outreach,2025-12-22,17125,4,0,2,0,2,74.32,103.26,13950,6904,4.672
Central Washington University,UG,UG,YouTube,Central Washington University - UG - YouTube - Awareness,DS - CWU - UG - YouTube - Efficient Reach,Unknown - Unknown - 22843425113,,,,,UG - YouTube - Efficient Reach - Outreach,2025-12-23,19063,3,0,0,0,0,74.29,103.22,15166,7968,3.562
Central Washington University,UG,UG,YouTube,Central Washington University - UG - YouTube - Awareness,DS - CWU - UG - YouTube - Efficient Reach,Unknown - Unknown - 22843425113,,,,,UG - YouTube - Efficient Reach - Outreach,2025-12-24,18012,5,0,0,0,0,74.39,103.36,14248,7396,4.786
Central Washington University,UG,UG,YouTube,Central Washington University - UG - YouTube - Awareness,DS - CWU - UG - YouTube - Efficient Reach,Unknown - Unknown - 22843425113,,,,,UG - YouTube - Efficient Reach - Outreach,2025-12-25,17800,6,0,0,0,0,74.25,103.16,13629,7249,4.719
Central Washington University,UG,UG,YouTube,Central Washington University - UG - YouTube - Awareness,DS - CWU - UG - YouTube - Efficient Reach,Unknown - Unknown - 22843425113,,,,,UG - YouTube - Efficient Reach - Outreach,2025-12-26,18428,6,0,0,0,0,74.3,103.23,13728,6818,4.081
Central Washington University,UG,UG,YouTube,Central Washington University - UG - YouTube - Awareness,DS - CWU - UG - YouTube - Efficient Reach,Unknown - Unknown - 22843425113,,,,,UG - YouTube - Efficient Reach - Outreach,2025-12-27,19000,3,0,0,0,0,74.25,103.16,14268,7678,4.279
Central Washington University,UG,UG,YouTube,Central Washington University - UG - YouTube - Awareness,DS - CWU - UG - YouTube - Efficient Reach,Unknown - Unknown - 22843425113,,,,,UG - YouTube - Efficient Reach - Outreach,2025-12-28,21275,6,0,0,0,0,74.33,103.27,13413,6629,4.672
Central Washington University,UG,UG,YouTube,Central Washington University - UG - YouTube - Awareness,DS - CWU - UG - YouTube - Efficient Reach,Unknown - Unknown - 22843425113,,,,,UG - YouTube - Efficient Reach - Outreach,2025-12-29,20783,6,0,0,0,0,74.31,103.25,15128,8173,4.157
Central Washington University,UG,UG,YouTube,Central Washington University - UG - YouTube - Awareness,DS - CWU - UG - YouTube - Efficient Reach,Unknown - Unknown - 22843425113,,,,,UG - YouTube - Efficient Reach - Outreach,2025-12-30,22834,3,0,0,0,0,74.39,103.36,16764,8985,4.296
Central Washington University,UG,UG,YouTube,Central Washington University - UG - YouTube - Awareness,DS - CWU - UG - YouTube - Efficient Reach,Unknown - Unknown - 22843425113,,,,,UG - YouTube - Efficient Reach - Outreach,2025-12-31,22986,8,0,1,0,1,74.41,103.39,17444,9600,4.881
Central Washington University,UG,UG,YouTube,Central Washington University - UG - YouTube - Awareness,DS - CWU - UG - YouTube - Efficient Reach,Unknown - Unknown - 22843425113,,,,,UG - YouTube - Efficient Reach - Outreach,2026-01-01,0,0,0,1,0,1,0,0,4,0,0
Central Washington University,UG,UG,YouTube,Central Washington University - UG - YouTube - Awareness,DS - CWU - UG - YouTube - Efficient Reach,Unknown - Unknown - 22843425113,,,,,UG - YouTube - Efficient Reach - Outreach,2026-01-05,0,0,0,1,0,1,0,0,0,0,0
Central Washington University,UG,UG,YouTube,Central Washington University - UG - YouTube - Awareness,DS - CWU - UG - YouTube - Efficient Reach,Unknown - Unknown - 22843425113,,,,,UG - YouTube - Efficient Reach - Outreach,2026-01-07,0,0,0,1,0,1,0,0,0,0,0
Central Washington University,UG,UG,YouTube,Central Washington University - UG - YouTube - Awareness,DS - CWU - UG - YouTube - Efficient Reach,Unknown - Unknown - 22843425113,,,,,UG - YouTube - Efficient Reach - Outreach,2026-01-13,0,0,0,1,0,1,0,0,0,0,0
Central Washington University,UG,UG,YouTube,Central Washington University - UG - YouTube - Awareness,DS - CWU - UG - YouTube - Efficient Reach,Unknown - Unknown - 22843425113,,,,,UG - YouTube - Efficient Reach - Outreach,2026-01-15,0,0,0,1,0,1,0,0,0,0,0
Central Washington University,UG,UG,YouTube,Central Washington University - UG - YouTube - Awareness,DS - CWU - UG - YouTube - Efficient Reach,Unknown - Unknown - 22843425113,,,,,UG - YouTube - Efficient Reach - Outreach,2026-01-26,0,0,0,1,0,1,0,0,0,0,0
Central Washington University,UG,UG,YouTube,Central Washington University - UG - YouTube - Awareness,DS - CWU - UG - YouTube - Efficient Reach,Unknown - Unknown - 22843425113,,,,,UG - YouTube - Efficient Reach - Outreach,2026-01-27,0,0,0,1,0,1,0,0,0,0,0
Central Washington University,UG,UG,YouTube,Central Washington University - UG - YouTube - Awareness,DS - CWU - UG - YouTube - Efficient Reach,Unknown - Unknown - 22843425113,,,,,UG - YouTube - Efficient Reach - Outreach,2026-01-29,0,0,0,2,0,2,0,0,0,0,0
Central Washington University,UG,UG,YouTube,Central Washington University - UG - YouTube - Awareness,DS - CWU - UG - YouTube - Efficient Reach,Unknown - Unknown - 22843425113,,,,,UG - YouTube - Efficient Reach - Outreach,2026-02-05,0,0,0,1,0,1,0,0,0,0,0
Central Washington University,UG,UG,YouTube,Central Washington University - UG - YouTube - Awareness,DS - CWU - UG - YouTube - Efficient Reach,Unknown - Unknown - 22843425113,,,,,UG - YouTube - Efficient Reach - Outreach,2026-02-26,0,0,0,1,0,1,0,0,0,0,0
Central Washington University,UG,UG,YouTube,Central Washington University - UG - YouTube - Awareness,DS - CWU - UG - YouTube - Efficient Reach,Unknown - Unknown - 22843425113,,,,,UG - YouTube - Efficient Reach - Outreach,2026-03-11,0,0,0,1,0,1,0,0,0,0,0
