institution_name,institution_state,student_state,student_city,term_year,term_semester,total_inquiries,total_app_starts,total_app_submits,total_admits,total_deposits,total_net_deposits,total_enrolled
Central Washington University,WA,WA,Tacoma,2026,Fall,822,347,293,251,67,67,68
Central Washington University,WA,WA,Yakima,2025,Fall,786,392,312,267,141,112,149
Central Washington University,WA,WA,Tacoma,2025,Fall,772,333,281,239,86,64,88
Central Washington University,WA,WA,Pasco,2026,Fall,664,104,76,70,13,11,14
Central Washington University,WA,WA,Yakima,2026,Fall,637,346,275,237,114,111,111
Central Washington University,WA,WA,Seattle,2026,Fall,581,331,314,290,52,50,51
Central Washington University,WA,WA,Seattle,2025,Fall,520,292,257,234,52,43,56
Central Washington University,WA,WA,Pasco,2025,Fall,444,103,73,63,15,14,16
Central Washington University,WA,WA,Olympia,2026,Fall,440,157,141,128,37,37,39
Central Washington University,WA,WA,Vancouver,2026,Fall,432,240,215,194,45,44,46
Central Washington University,WA,WA,Puyallup,2025,Fall,431,262,222,196,80,66,82
Central Washington University,WA,WA,Spokane,2026,Fall,428,153,131,117,27,27,28
Central Washington University,WA,WA,Yakima,2024,Fall,401,387,316,281,135,103,146
Central Washington University,WA,CA,Los Angeles,2026,Fall,373,5,4,4,0,0,0
Central Washington University,WA,WA,Tacoma,2024,Fall,367,358,316,288,78,60,80
Central Washington University,WA,WA,Vancouver,2025,Fall,357,281,243,217,60,44,60
Central Washington University,WA,WA,Spokane,2025,Fall,353,165,134,121,35,24,36
Central Washington University,WA,WA,Kent,2026,Fall,352,177,165,149,39,35,38
Central Washington University,WA,WA,Olympia,2025,Fall,336,164,137,124,31,29,35
Central Washington University,WA,WA,Pasco,2024,Fall,300,127,102,93,25,14,27
Central Washington University,WA,HI,Honolulu,2026,Fall,294,18,14,14,3,3,3
Central Washington University,WA,WA,Puyallup,2026,Fall,291,207,174,156,52,51,54
Central Washington University,WA,WA,Kent,2025,Fall,279,188,172,146,42,30,44
Central Washington University,WA,WA,Kennewick,2026,Fall,277,85,75,68,17,16,19
Central Washington University,WA,WA,Richland,2026,Fall,276,91,82,68,20,20,20
Central Washington University,WA,WA,Seattle,2024,Fall,272,331,315,297,49,34,54
Central Washington University,WA,WA,Bothell,2026,Fall,262,111,97,86,16,16,15
Central Washington University,WA,CA,Los Angeles,2025,Fall,258,1,1,1,0,0,0
Central Washington University,WA,WA,Kennewick,2025,Fall,252,97,73,68,25,20,25
Central Washington University,WA,WA,Maple Valley,2026,Fall,242,96,88,87,15,15,15
Central Washington University,WA,WA,Richland,2025,Fall,241,108,93,85,23,18,24
Central Washington University,WA,WA,Gig Harbor,2026,Fall,232,83,76,74,31,31,31
Central Washington University,WA,WA,Vancouver,2024,Fall,231,256,221,211,46,28,47
Central Washington University,WA,WA,Renton,2026,Fall,224,165,146,128,28,25,29
Central Washington University,WA,WA,Auburn,2025,Fall,223,156,141,130,42,36,44
Central Washington University,WA,WA,Renton,2025,Fall,203,173,154,143,42,32,44
Central Washington University,WA,WA,Auburn,2026,Fall,202,165,143,130,29,28,29
Central Washington University,WA,WA,Ellensburg,2026,Fall,200,117,100,89,45,45,49
Central Washington University,WA,WA,Camas,2026,Fall,195,38,29,29,8,7,8
Central Washington University,WA,WA,Gig Harbor,2025,Fall,193,73,68,62,25,22,25
Central Washington University,WA,WA,Kent,2024,Fall,193,192,171,155,41,30,44
Central Washington University,WA,WA,Ellensburg,2025,Fall,188,140,104,84,68,63,75
Central Washington University,WA,WA,Olympia,2024,Fall,188,164,143,132,51,43,53
Central Washington University,WA,WA,Wenatchee,2026,Fall,187,94,77,72,25,25,25
Central Washington University,WA,WA,Bremerton,2026,Fall,183,96,76,72,18,18,18
Central Washington University,WA,WA,Camas,2025,Fall,176,50,44,44,10,6,11
Central Washington University,WA,WA,Puyallup,2024,Fall,175,218,191,179,66,51,75
Central Washington University,WA,WA,Everett,2026,Fall,175,116,108,96,16,15,16
Central Washington University,WA,WA,Maple Valley,2025,Fall,174,81,77,70,19,14,22
Central Washington University,WA,OR,Portland,2026,Fall,172,45,43,41,6,5,6
Central Washington University,WA,WA,Auburn,2024,Fall,164,190,171,164,39,31,41
Central Washington University,WA,NV,Las Vegas,2026,Fall,162,16,15,12,3,3,3
Central Washington University,WA,WA,Longview,2025,Fall,162,65,48,44,19,17,20
Central Washington University,WA,WA,Bellingham,2026,Fall,160,76,70,65,26,26,25
Central Washington University,WA,WA,Bellevue,2026,Fall,159,90,80,76,11,10,11
Central Washington University,WA,WA,Grandview,2025,Fall,159,90,71,61,13,9,13
Central Washington University,WA,WA,Kennewick,2024,Fall,158,105,87,78,30,26,32
Central Washington University,WA,WA,Selah,2026,Fall,154,61,53,50,18,18,17
Central Washington University,WA,HI,Honolulu,2025,Fall,154,16,12,12,1,1,1
Central Washington University,WA,WA,Everett,2025,Fall,150,112,94,89,28,22,30
Central Washington University,WA,WA,Sunnyside,2026,Fall,148,77,60,53,23,23,23
Central Washington University,WA,WA,Bremerton,2025,Fall,143,75,62,57,19,13,19
Central Washington University,WA,WA,Federal Way,2025,Fall,143,131,114,99,32,26,34
Central Washington University,WA,WA,Bothell,2025,Fall,143,121,112,99,26,23,31
Central Washington University,WA,WA,Federal Way,2026,Fall,141,143,133,116,28,26,28
Central Washington University,WA,WA,Spanaway,2026,Fall,136,99,83,70,20,19,20
Central Washington University,WA,NV,Las Vegas,2025,Fall,136,32,21,20,3,1,3
Central Washington University,WA,WA,Yelm,2026,Fall,135,22,17,16,5,5,5
Central Washington University,WA,WA,Sunnyside,2025,Fall,134,95,83,70,15,12,16
Central Washington University,WA,WA,Lacey,2026,Fall,134,55,47,44,18,18,18
Central Washington University,WA,WA,Lacey,2025,Fall,132,81,63,59,21,15,24
Central Washington University,WA,WA,Chehalis,2026,Fall,132,28,21,16,7,6,7
Central Washington University,WA,WA,Renton,2024,Fall,132,186,171,154,29,22,30
Central Washington University,WA,WA,Sammamish,2025,Fall,132,80,68,64,15,14,18
Central Washington University,WA,WA,Oak Harbor,2026,Fall,128,40,35,34,9,9,9
Central Washington University,WA,WA,Grandview,2026,Fall,128,74,62,57,15,15,16
Central Washington University,WA,WA,Camas,2024,Fall,128,43,40,39,6,4,8
Central Washington University,WA,WA,Gig Harbor,2024,Fall,127,85,77,74,22,18,22
Central Washington University,WA,WA,Port Orchard,2026,Fall,126,71,61,56,24,23,25
Central Washington University,WA,WA,Spokane,2024,Fall,125,132,102,97,18,13,21
Central Washington University,WA,WA,Enumclaw,2026,Fall,125,35,33,29,14,14,14
Central Washington University,WA,WA,Bonney Lake,2026,Fall,124,85,75,69,33,33,33
Central Washington University,WA,WA,Ellensburg,2024,Fall,124,161,128,113,63,57,88
Central Washington University,WA,WA,Wenatchee,2025,Fall,121,99,80,72,36,28,37
Central Washington University,WA,WA,West Richland,2026,Fall,120,32,26,23,6,6,6
Central Washington University,WA,WA,University Pl,2025,Fall,119,15,15,15,5,4,5
Central Washington University,WA,WA,Bellevue,2025,Fall,119,78,74,71,23,21,25
Central Washington University,WA,WA,Bothell,2024,Fall,118,133,126,118,32,29,35
Central Washington University,WA,WA,Selah,2025,Fall,118,82,63,62,30,21,29
Central Washington University,WA,WA,Spanaway,2025,Fall,115,95,79,70,22,17,25
Central Washington University,WA,WA,Snohomish,2026,Fall,110,76,68,62,16,16,16
Central Washington University,WA,WA,Ridgefield,2026,Fall,110,28,27,26,12,12,12
Central Washington University,WA,WA,Federal Way,2024,Fall,107,166,150,140,39,27,41
Central Washington University,WA,WA,Othello,2026,Fall,107,81,73,65,23,22,23
Central Washington University,WA,WA,Othello,2025,Fall,107,71,58,49,10,7,12
Central Washington University,WA,WA,Sedro Woolley,2026,Fall,105,16,10,10,1,1,1
Central Washington University,WA,WA,Sammamish,2026,Fall,105,59,53,50,4,4,5
Central Washington University,WA,WA,Longview,2026,Fall,104,73,59,54,18,18,17
Central Washington University,WA,WA,Redmond,2026,Fall,104,78,70,65,14,14,15
Central Washington University,WA,WA,Lynnwood,2026,Fall,101,77,70,63,8,8,8
Central Washington University,WA,ID,Boise,2026,Fall,100,19,14,13,2,2,2
Central Washington University,WA,WA,Everett,2024,Fall,99,124,98,89,15,12,17
Central Washington University,WA,WA,Lakewood,2026,Fall,99,74,59,51,11,11,10
Central Washington University,WA,WA,Kirkland,2026,Fall,98,61,59,58,10,10,10
Central Washington University,WA,WA,Bremerton,2024,Fall,98,76,71,66,17,13,17
Central Washington University,WA,WA,Yelm,2025,Fall,98,44,36,33,20,16,20
Central Washington University,WA,WA,Maple Valley,2024,Fall,97,89,83,81,17,13,17
Central Washington University,WA,CA,Inglewood,2026,Fall,97,1,1,1,0,0,0
Central Washington University,WA,WA,Wenatchee,2024,Fall,96,108,95,88,23,19,28
Central Washington University,WA,WA,Snohomish,2025,Fall,94,90,78,70,27,24,28
Central Washington University,WA,WA,Poulsbo,2026,Fall,93,27,26,26,6,6,6
Central Washington University,WA,WA,West Richland,2025,Fall,93,20,18,16,4,4,4
Central Washington University,WA,WA,University Pl,2026,Fall,92,6,6,6,2,2,1
Central Washington University,WA,WA,Prosser,2026,Fall,91,17,13,11,5,5,5
Central Washington University,WA,WA,Marysville,2026,Fall,90,68,60,55,11,11,13
Central Washington University,WA,WA,Centralia,2026,Fall,90,23,12,12,2,2,2
Central Washington University,WA,WA,Grandview,2024,Fall,90,84,77,70,9,8,10
Central Washington University,WA,WA,Orting,2026,Fall,89,34,29,27,11,11,11
Central Washington University,WA,WA,Walla Walla,2026,Fall,89,50,46,43,9,9,10
Central Washington University,WA,OR,Portland,2025,Fall,89,46,39,36,3,2,5
Central Washington University,WA,WA,Mount Vernon,2025,Fall,89,45,40,37,10,7,10
Central Washington University,WA,WA,Marysville,2025,Fall,88,34,24,21,7,6,7
Central Washington University,WA,HI,Ewa Beach,2026,Fall,87,4,4,4,0,0,0
Central Washington University,WA,WA,Richland,2024,Fall,87,95,86,83,22,21,24
Central Washington University,WA,WA,Ridgefield,2025,Fall,86,22,16,16,5,4,6
Central Washington University,WA,WA,Oak Harbor,2025,Fall,84,29,22,22,10,9,11
Central Washington University,WA,WA,Tukwila,2026,Fall,84,27,23,21,2,2,2
Central Washington University,WA,WA,Mount Vernon,2026,Fall,84,48,44,43,9,9,9
Central Washington University,WA,WA,Washougal,2026,Fall,84,20,16,15,7,7,7
Central Washington University,WA,WA,Buckley,2026,Fall,84,31,28,24,7,6,7
Central Washington University,WA,WA,Silverdale,2026,Fall,84,24,20,17,6,5,6
Central Washington University,WA,WA,Sunnyside,2024,Fall,83,92,65,63,16,10,18
Central Washington University,WA,WA,Kirkland,2025,Fall,82,76,69,64,12,9,14
Central Washington University,WA,WA,Moses Lake,2026,Fall,81,75,64,56,20,19,20
Central Washington University,WA,WA,Mount Vernon,2024,Fall,81,56,53,50,9,8,9
Central Washington University,WA,WA,Woodinville,2026,Fall,81,33,32,31,7,7,7
Central Washington University,WA,WA,Othello,2024,Fall,81,79,67,61,17,8,18
Central Washington University,WA,WA,Bellingham,2025,Fall,79,43,39,38,10,6,10
Central Washington University,WA,WA,Chehalis,2025,Fall,78,32,24,21,8,6,8
Central Washington University,WA,WA,Graham,2025,Fall,77,59,50,43,22,20,22
Central Washington University,WA,WA,Prosser,2025,Fall,76,24,19,15,5,5,6
Central Washington University,WA,WA,Lakewood,2025,Fall,76,65,57,54,17,14,18
Central Washington University,WA,WA,Port Orchard,2025,Fall,76,62,57,53,22,18,23
Central Washington University,WA,CA,Inglewood,2025,Fall,76,0,0,0,0,0,0
Central Washington University,WA,WA,Tukwila,2025,Fall,75,31,28,24,8,2,9
Central Washington University,WA,WA,Quincy,2026,Fall,73,69,57,48,10,10,10
Central Washington University,WA,WA,Poulsbo,2025,Fall,73,35,30,29,14,12,15
Central Washington University,WA,WA,Snoqualmie,2026,Fall,72,37,32,31,12,12,13
Central Washington University,WA,WA,Lynden,2026,Fall,72,16,13,11,2,2,2
Central Washington University,WA,WA,Bonney Lake,2025,Fall,71,65,61,55,30,27,32
Central Washington University,WA,WA,Orting,2025,Fall,71,29,23,20,10,8,10
Central Washington University,WA,WA,East Wenatchee,2026,Fall,71,60,51,43,14,14,15
Central Washington University,WA,ID,Boise,2025,Fall,70,16,13,12,2,1,2
Central Washington University,WA,WA,Mattawa,2025,Fall,68,42,35,33,12,11,14
Central Washington University,WA,WA,Selah,2024,Fall,68,63,56,53,34,25,36
Central Washington University,WA,WA,Buckley,2025,Fall,68,31,24,24,11,9,12
Central Washington University,WA,WA,Centralia,2025,Fall,64,11,10,9,2,2,2
Central Washington University,WA,WA,Toppenish,2026,Fall,64,62,44,37,9,9,9
Central Washington University,WA,AK,Anchorage,2026,Fall,63,29,24,21,7,7,7
Central Washington University,WA,WA,Spanaway,2024,Fall,62,96,79,71,18,15,19
Central Washington University,WA,WA,Enumclaw,2025,Fall,62,34,31,29,18,16,19
Central Washington University,WA,WA,Toppenish,2025,Fall,62,65,50,40,10,7,10
Central Washington University,WA,WA,Spokane Vly,2025,Fall,62,15,13,12,3,2,4
Central Washington University,WA,WA,Lynnwood,2025,Fall,61,36,34,31,11,8,12
Central Washington University,WA,WA,Arlington,2026,Fall,61,43,40,37,5,5,5
Central Washington University,WA,WA,Zillah,2026,Fall,61,25,19,17,6,6,6
Central Washington University,WA,WA,Wapato,2026,Fall,60,30,18,16,4,4,4
Central Washington University,WA,WA,Graham,2026,Fall,60,56,46,38,13,13,12
Central Washington University,WA,WA,Quincy,2025,Fall,60,51,45,40,12,8,14
Central Washington University,WA,WA,Edmonds,2026,Fall,60,46,45,43,8,8,9
Central Washington University,WA,WA,Colville,2026,Fall,60,10,6,6,3,3,3
Central Washington University,WA,WA,Lacey,2024,Fall,59,78,65,58,23,21,26
Central Washington University,WA,WA,Issaquah,2025,Fall,59,44,38,33,11,9,12
Central Washington University,WA,WA,Port Orchard,2024,Fall,58,68,57,54,16,14,22
Central Washington University,WA,CA,Victorville,2025,Fall,58,3,0,0,0,0,0
Central Washington University,WA,WA,Ferndale,2026,Fall,58,15,14,13,1,1,1
Central Washington University,WA,HI,Kapolei,2026,Fall,57,5,3,3,0,0,0
Central Washington University,WA,TX,Houston,2026,Fall,57,16,14,12,6,6,6
Central Washington University,WA,WA,Sedro Woolley,2025,Fall,57,21,12,10,4,3,5
Central Washington University,WA,WA,Zillah,2025,Fall,56,30,28,25,14,12,14
Central Washington University,WA,WA,Issaquah,2026,Fall,56,46,44,41,12,12,12
Central Washington University,WA,WA,Lake Stevens,2026,Fall,56,62,56,52,18,18,18
Central Washington University,WA,WA,Longview,2024,Fall,55,38,27,26,8,5,8
Central Washington University,WA,WA,Bellevue,2024,Fall,55,114,106,101,24,21,25
Central Washington University,WA,WA,Moses Lake,2025,Fall,55,68,47,42,14,11,17
Central Washington University,WA,HI,Kailua,2026,Fall,55,6,5,4,1,0,1
Central Washington University,WA,WA,Redmond,2025,Fall,54,52,46,43,5,5,5
Central Washington University,WA,WA,Colville,2025,Fall,54,5,5,5,1,1,1
Central Washington University,WA,WA,Port Townsend,2025,Fall,54,4,4,4,3,3,3
Central Washington University,WA,WA,Washougal,2025,Fall,54,17,16,15,10,7,10
Central Washington University,WA,WA,Mattawa,2026,Fall,54,36,31,27,6,6,6
Central Washington University,WA,WA,Wapato,2025,Fall,53,37,25,19,4,4,5
Central Washington University,WA,WA,Covington,2026,Fall,52,16,12,12,4,4,4
Central Washington University,WA,NV,Las Vegas,2024,Fall,52,21,9,9,4,4,4
Central Washington University,WA,CA,Santa Ana,2026,Fall,51,1,1,1,0,0,0
Central Washington University,WA,WA,Ferndale,2025,Fall,51,23,19,19,4,1,7
Central Washington University,WA,WA,Sammamish,2024,Fall,51,93,84,81,17,17,19
Central Washington University,WA,CA,Anaheim,2026,Fall,51,0,0,0,0,0,0
Central Washington University,WA,CA,Yorba Linda,2025,Fall,51,0,0,0,0,0,0
Central Washington University,WA,WA,Tukwila,2024,Fall,51,37,32,31,3,3,4
Central Washington University,WA,WA,Shelton,2026,Fall,51,17,12,9,2,2,2
Central Washington University,WA,WA,Lake Stevens,2025,Fall,50,50,44,41,18,16,21
Central Washington University,WA,CA,Corona,2026,Fall,50,0,0,0,0,0,0
Central Washington University,WA,WA,Covington,2025,Fall,50,30,25,22,9,8,9
Central Washington University,WA,WA,Chelan,2026,Fall,49,12,10,7,1,1,1
Central Washington University,WA,WA,Port Townsend,2026,Fall,49,10,9,9,4,4,4
Central Washington University,WA,WA,Spokane Vly,2026,Fall,49,7,6,6,2,2,2
Central Washington University,WA,WA,Brush Prairie,2026,Fall,49,4,3,3,0,0,0
Central Washington University,WA,HI,Kahului,2026,Fall,49,2,2,2,0,0,0
Central Washington University,WA,HI,Waipahu,2025,Fall,48,6,3,3,1,1,1
Central Washington University,WA,WA,Poulsbo,2024,Fall,48,39,33,32,11,9,14
Central Washington University,WA,WA,Woodinville,2025,Fall,48,25,20,16,2,2,2
Central Washington University,WA,OR,Portland,2024,Fall,48,51,48,44,10,6,10
Central Washington University,WA,HI,Waipahu,2026,Fall,47,5,4,4,0,0,0
Central Washington University,WA,WA,Shoreline,2025,Fall,47,28,24,24,8,5,8
Central Washington University,WA,WA,Shoreline,2026,Fall,47,19,19,17,2,1,2
Central Washington University,WA,WA,West Richland,2024,Fall,47,48,44,43,10,8,10
Central Washington University,WA,CA,Victorville,2026,Fall,47,2,1,0,0,0,0
Central Washington University,WA,CA,Anaheim,2025,Fall,47,3,3,2,1,0,1
Central Washington University,WA,AK,Anchorage,2025,Fall,46,20,16,15,2,2,3
Central Washington University,WA,WA,Silverdale,2025,Fall,46,26,25,25,5,4,6
Central Washington University,WA,WA,Snohomish,2024,Fall,45,79,75,72,29,21,30
Central Washington University,WA,OR,Salem,2026,Fall,45,7,6,6,1,1,1
Central Washington University,WA,WA,Granger,2025,Fall,45,39,37,31,8,7,8
Central Washington University,WA,WA,Yelm,2024,Fall,45,25,20,19,9,6,10
Central Washington University,WA,MT,Missoula,2025,Fall,45,6,6,6,2,0,2
Central Washington University,WA,WA,Manson,2026,Fall,45,18,18,17,3,3,3
Central Washington University,WA,WA,Vashon,2025,Fall,44,9,7,7,2,2,2
Central Washington University,WA,WA,Burien,2026,Fall,44,35,32,31,7,7,7
Central Washington University,WA,WA,Aberdeen,2026,Fall,44,17,14,11,1,1,3
Central Washington University,WA,WA,Moses Lake,2024,Fall,44,74,56,47,13,9,14
Central Washington University,WA,WA,Black Diamond,2026,Fall,44,12,10,9,2,2,2
Central Washington University,WA,WA,E Wenatchee,2024,Fall,44,58,47,44,24,18,25
Central Washington University,WA,OR,Beaverton,2026,Fall,43,10,10,10,5,5,5
Central Washington University,WA,WA,Bainbridge Is,2025,Fall,43,22,22,21,5,5,5
Central Washington University,WA,CA,Placentia,2025,Fall,43,0,0,0,0,0,0
Central Washington University,WA,WA,Kelso,2026,Fall,43,17,13,9,3,2,3
Central Washington University,WA,WA,Dupont,2026,Fall,43,15,14,13,6,6,6
Central Washington University,WA,WA,Lakewood,2024,Fall,43,81,71,63,24,20,24
Central Washington University,WA,WA,White Salmon,2026,Fall,43,8,5,3,2,2,2
Central Washington University,WA,WA,Seatac,2025,Fall,43,37,34,32,5,3,5
Central Washington University,WA,WA,Manson,2025,Fall,43,14,10,10,6,6,7
Central Washington University,WA,WA,Lynnwood,2024,Fall,43,66,57,50,11,10,14
Central Washington University,WA,OR,Eugene,2025,Fall,43,11,8,7,1,0,1
Central Washington University,WA,WA,Bonney Lake,2024,Fall,42,54,51,50,21,17,21
Central Washington University,WA,WA,Edmonds,2025,Fall,42,38,36,35,7,7,8
Central Washington University,WA,WA,Woodland,2025,Fall,42,12,11,11,3,1,4
Central Washington University,WA,WA,Cle Elum,2026,Fall,42,13,11,10,5,5,5
Central Washington University,WA,WA,Cle Elum,2025,Fall,42,25,21,15,8,6,8
Central Washington University,WA,WA,Shelton,2025,Fall,41,18,12,11,5,3,5
Central Washington University,WA,WA,Granger,2026,Fall,41,45,40,35,4,3,4
Central Washington University,WA,NV,Henderson,2026,Fall,41,4,3,3,1,1,1
Central Washington University,WA,WA,Des Moines,2025,Fall,40,32,32,30,10,7,11
Central Washington University,WA,WA,Clarkston,2026,Fall,40,13,10,10,5,5,6
Central Washington University,WA,WA,Issaquah,2024,Fall,40,53,44,40,8,7,8
Central Washington University,WA,MT,Billings,2025,Fall,39,1,1,1,0,0,0
Central Washington University,WA,CA,Hawthorne,2026,Fall,39,0,0,0,0,0,0
Central Washington University,WA,WA,E Wenatchee,2026,Fall,39,16,13,12,3,3,3
Central Washington University,WA,HI,Aiea,2025,Fall,39,3,3,3,1,0,1
Central Washington University,WA,WA,Aberdeen,2025,Fall,39,36,29,24,5,4,5
Central Washington University,WA,WA,E Wenatchee,2025,Fall,39,7,6,6,0,0,0
Central Washington University,WA,WA,Woodland,2026,Fall,38,2,2,2,1,1,1
Central Washington University,WA,WA,Union Gap,2025,Fall,38,13,10,9,4,4,4
Central Washington University,WA,WA,Des Moines,2026,Fall,38,33,29,28,2,2,2
Central Washington University,WA,OR,Hillsboro,2026,Fall,38,5,3,3,2,2,2
Central Washington University,WA,WA,Duvall,2026,Fall,38,26,24,23,6,6,6
Central Washington University,WA,CA,La Verne,2025,Fall,37,0,0,0,0,0,0
Central Washington University,WA,WA,North Bend,2026,Fall,37,27,25,24,7,7,7
Central Washington University,WA,WA,Burien,2025,Fall,37,38,35,33,7,5,8
Central Washington University,WA,MT,Billings,2024,Fall,37,3,0,0,0,0,0
Central Washington University,WA,WA,Redmond,2024,Fall,37,62,61,61,13,10,16
Central Washington University,WA,WA,Washougal,2024,Fall,37,17,16,15,6,6,7
Central Washington University,WA,WA,Cashmere,2025,Fall,37,27,20,16,6,6,6
Central Washington University,WA,WA,Cashmere,2026,Fall,37,20,17,16,2,1,2
Central Washington University,WA,HI,Pearl City,2026,Fall,37,2,1,1,1,1,1
Central Washington University,WA,HI,Mililani,2026,Fall,36,2,2,2,0,0,0
Central Washington University,WA,WA,Kirkland,2024,Fall,36,54,47,46,11,9,11
Central Washington University,WA,WA,Orting,2024,Fall,36,38,35,34,13,9,13
Central Washington University,WA,WA,Lake Stevens,2024,Fall,36,58,48,48,21,16,21
Central Washington University,WA,CA,Yorba Linda,2026,Fall,36,0,0,0,0,0,0
Central Washington University,WA,WA,Toppenish,2024,Fall,36,65,47,42,7,7,7
Central Washington University,WA,CA,Santa Ana,2024,Fall,35,3,2,0,0,0,0
Central Washington University,WA,WA,Bellingham,2024,Fall,35,45,43,42,18,13,19
Central Washington University,WA,WA,Ridgefield,2024,Fall,35,25,21,21,8,4,9
Central Washington University,WA,WA,Fife,2025,Fall,35,25,19,18,6,5,7
Central Washington University,WA,ID,Meridian,2026,Fall,35,5,3,3,1,1,1
Central Washington University,WA,WA,Snoqualmie,2025,Fall,35,39,35,34,10,10,11
Central Washington University,WA,CA,Palmdale,2026,Fall,34,0,0,0,0,0,0
Central Washington University,WA,WA,Chelan,2025,Fall,34,11,11,11,4,3,5
Central Washington University,WA,WA,Seatac,2026,Fall,34,20,19,18,0,0,0
Central Washington University,WA,WA,Ephrata,2024,Fall,34,37,32,30,7,6,8
Central Washington University,WA,CA,Compton,2025,Fall,34,1,1,1,0,0,0
Central Washington University,WA,CA,Placentia,2026,Fall,34,1,1,1,0,0,0
Central Washington University,WA,WA,Arlington,2025,Fall,34,25,22,19,8,4,8
Central Washington University,WA,NV,N Las Vegas,2026,Fall,34,0,0,0,0,0,0
Central Washington University,WA,WA,Walla Walla,2025,Fall,34,24,19,16,3,0,3
Central Washington University,WA,WA,Covington,2024,Fall,33,35,34,30,6,4,6
Central Washington University,WA,HI,Aiea,2026,Fall,33,3,2,2,1,1,1
Central Washington University,WA,WA,Roy,2026,Fall,33,10,7,7,2,2,2
Central Washington University,WA,WA,Brush Prairie,2025,Fall,33,7,6,5,2,1,2
Central Washington University,WA,HI,Waianae,2026,Fall,33,6,4,4,0,0,0
Central Washington University,WA,HI,Kaneohe,2026,Fall,33,4,4,3,0,0,0
Central Washington University,WA,OR,Gresham,2026,Fall,33,18,16,15,0,0,0
Central Washington University,WA,WA,Moxee,2025,Fall,33,22,17,15,10,8,12
Central Washington University,WA,CA,Long Beach,2026,Fall,33,1,1,0,0,0,0
Central Washington University,WA,OR,Ontario,2025,Fall,33,2,0,0,0,0,0
Central Washington University,WA,NV,Henderson,2025,Fall,32,10,8,8,4,1,4
Central Washington University,WA,HI,Honolulu,2024,Fall,32,23,17,15,2,2,2
Central Washington University,WA,WA,Kenmore,2026,Fall,32,18,17,15,3,3,3
Central Washington University,WA,CA,Santa Ana,2025,Fall,32,4,3,3,0,0,0
Central Washington University,WA,WA,Tumwater,2025,Fall,32,28,23,22,7,5,7
Central Washington University,WA,WA,Spokane Vly,2024,Fall,32,32,23,23,8,5,8
Central Washington University,WA,WA,Shoreline,2024,Fall,32,45,42,40,7,6,9
Central Washington University,WA,WA,University Pl,2024,Fall,32,38,33,25,7,5,8
Central Washington University,WA,WA,Marysville,2024,Fall,32,43,30,28,8,5,10
Central Washington University,WA,HI,Ewa Beach,2025,Fall,32,2,2,2,1,1,1
Central Washington University,WA,HI,Hilo,2026,Fall,32,6,4,4,1,1,1
Central Washington University,WA,HI,Kihei,2026,Fall,32,2,2,2,1,1,1
Central Washington University,WA,WA,Ephrata,2025,Fall,32,23,19,13,8,6,8
Central Washington University,WA,WA,Port Townsend,2024,Fall,32,5,5,5,0,0,0
Central Washington University,WA,WA,East Wenatchee,2025,Fall,32,43,29,26,18,17,18
Central Washington University,WA,WA,Winlock,2026,Fall,31,5,4,3,0,0,0
Central Washington University,WA,WA,Blaine,2025,Fall,31,17,15,12,4,4,4
Central Washington University,WA,WA,Kenmore,2025,Fall,31,26,23,23,6,4,6
Central Washington University,WA,CA,La Verne,2026,Fall,31,0,0,0,0,0,0
Central Washington University,WA,WA,Lake Tapps,2025,Fall,31,24,21,21,10,7,12
Central Washington University,WA,WA,Colbert,2025,Fall,31,9,7,7,5,5,5
Central Washington University,WA,HI,Waianae,2025,Fall,31,3,3,3,0,0,0
Central Washington University,WA,WA,Chehalis,2024,Fall,31,21,15,14,8,6,8
Central Washington University,WA,WA,Cashmere,2024,Fall,31,19,14,14,4,4,5
Central Washington University,WA,WA,Medical Lake,2025,Fall,31,7,6,6,1,1,1
Central Washington University,WA,WA,Colbert,2026,Fall,31,6,5,5,2,2,2
Central Washington University,WA,WA,Kingston,2026,Fall,30,8,6,6,1,1,1
Central Washington University,WA,CA,Pasadena,2026,Fall,30,0,0,0,0,0,0
Central Washington University,WA,CA,San Diego,2026,Fall,30,8,8,6,0,0,0
Central Washington University,WA,WA,Mill Creek,2025,Fall,30,20,18,17,4,3,5
Central Washington University,WA,WA,Benton City,2025,Fall,30,20,16,13,1,1,1
Central Washington University,WA,WA,Deer Park,2025,Fall,30,4,1,1,1,1,1
Central Washington University,WA,WA,Royal City,2025,Fall,30,13,9,9,3,2,4
Central Washington University,WA,CA,Long Beach,2025,Fall,30,7,5,5,0,0,0
Central Washington University,WA,WA,Bainbridge Island,2026,Fall,30,6,6,6,2,2,2
Central Washington University,WA,WA,Ephrata,2026,Fall,30,28,20,18,6,6,6
Central Washington University,WA,WA,Mercer Island,2025,Fall,30,11,10,9,2,1,2
Central Washington University,WA,WA,Roy,2025,Fall,30,15,10,10,3,3,3
Central Washington University,WA,WA,Snoqualmie,2024,Fall,30,53,50,48,8,8,9
Central Washington University,WA,WA,Zillah,2024,Fall,30,29,28,26,9,4,10
Central Washington University,WA,WA,Lynden,2025,Fall,30,21,17,15,4,3,4
Central Washington University,WA,WA,Rainier,2025,Fall,29,6,6,5,2,1,2
Central Washington University,WA,CA,Placentia,2024,Fall,29,1,1,1,0,0,0
Central Washington University,WA,WA,Mercer Island,2026,Fall,29,18,16,14,3,3,3
Central Washington University,WA,WA,Raymond,2025,Fall,29,7,4,4,3,3,3
Central Washington University,WA,WA,Manson,2024,Fall,29,10,7,7,4,4,4
Central Washington University,WA,OR,Eugene,2026,Fall,29,3,3,3,0,0,0
Central Washington University,WA,CA,Yorba Linda,2024,Fall,29,5,3,3,0,0,0
Central Washington University,WA,WA,Battle Ground,2026,Fall,29,15,12,12,7,7,7
Central Washington University,WA,AZ,Phoenix,2026,Fall,29,4,3,3,0,0,0
Central Washington University,WA,AK,Sitka,2026,Fall,29,4,4,4,1,1,1
Central Washington University,WA,HI,Kaneohe,2025,Fall,29,5,5,5,1,0,1
Central Washington University,WA,WA,Colville,2024,Fall,29,4,4,4,1,1,1
Central Washington University,WA,WA,Oak Harbor,2024,Fall,28,53,44,41,11,9,13
Central Washington University,WA,WA,Quincy,2024,Fall,28,42,36,32,11,8,12
Central Washington University,WA,WA,Royal City,2026,Fall,28,23,18,15,7,7,7
Central Washington University,WA,WA,University Place,2026,Fall,28,13,12,12,3,3,3
Central Washington University,WA,WA,Raymond,2026,Fall,28,22,19,16,8,8,8
Central Washington University,WA,CA,Gardena,2025,Fall,28,0,0,0,0,0,0
Central Washington University,WA,WA,Wapato,2024,Fall,28,41,34,28,5,4,5
Central Washington University,WA,HI,Mililani,2025,Fall,28,3,3,3,0,0,0
Central Washington University,WA,WA,Mabton,2026,Fall,27,15,15,15,2,2,2
Central Washington University,WA,WA,Elma,2025,Fall,27,10,9,8,3,1,3
Central Washington University,WA,WA,Chelan,2024,Fall,27,27,25,23,14,11,14
Central Washington University,WA,OR,Bend,2025,Fall,27,5,5,5,0,0,0
Central Washington University,WA,WA,Connell,2026,Fall,27,9,7,5,2,2,2
Central Washington University,WA,WA,Rainier,2026,Fall,27,5,4,4,2,2,2
Central Washington University,WA,WA,Bainbridge Is,2026,Fall,27,4,4,3,0,0,0
Central Washington University,WA,WA,Tieton,2025,Fall,27,23,16,14,8,6,8
Central Washington University,WA,WA,Burien,2024,Fall,27,41,37,37,7,5,8
Central Washington University,WA,WA,Kelso,2025,Fall,27,21,17,16,10,7,10
Central Washington University,WA,WA,Buckley,2024,Fall,27,30,26,24,10,8,12
Central Washington University,WA,HI,Kapolei,2025,Fall,27,2,2,2,1,1,1
Central Washington University,WA,OR,Beaverton,2025,Fall,27,15,12,12,2,1,2
Central Washington University,WA,WA,Union Gap,2026,Fall,27,4,4,4,2,2,2
Central Washington University,WA,WA,Centralia,2024,Fall,26,23,15,14,6,4,5
Central Washington University,WA,WA,Seatac,2024,Fall,26,44,40,36,14,8,14
Central Washington University,WA,WA,Sedro Woolley,2024,Fall,26,18,13,13,2,1,2
Central Washington University,WA,WA,Walla Walla,2024,Fall,26,22,18,16,5,4,5
Central Washington University,WA,AK,Anchorage,2024,Fall,26,27,23,20,3,1,5
Central Washington University,WA,MT,Kalispell,2025,Fall,26,2,1,1,1,1,1
Central Washington University,WA,WA,Enumclaw,2024,Fall,26,42,35,33,17,17,17
Central Washington University,WA,WA,Prosser,2024,Fall,26,33,27,22,10,9,10
Central Washington University,WA,WA,Edgewood,2025,Fall,26,24,20,19,4,4,6
Central Washington University,WA,WA,Fircrest,2025,Fall,25,8,7,6,3,2,3
Central Washington University,WA,WA,Belfair,2026,Fall,25,9,7,5,2,2,2
Central Washington University,WA,WA,Monroe,2025,Fall,25,25,21,18,10,9,10
Central Washington University,WA,WA,Steilacoom,2026,Fall,25,15,15,12,3,3,3
Central Washington University,WA,WA,Deer Park,2026,Fall,25,8,6,6,3,3,3
Central Washington University,WA,WA,Ferndale,2024,Fall,25,17,16,15,6,5,8
Central Washington University,WA,WA,Elma,2026,Fall,25,15,8,8,3,3,3
Central Washington University,WA,ID,Caldwell,2026,Fall,25,1,0,0,0,0,0
Central Washington University,WA,MT,Missoula,2026,Fall,25,3,3,3,1,1,1
Central Washington University,WA,WA,Spokane Valley,2025,Fall,25,32,23,21,11,7,13
Central Washington University,WA,WA,Shelton,2024,Fall,25,26,23,23,7,6,8
Central Washington University,WA,WA,Chewelah,2026,Fall,25,0,0,0,0,0,0
Central Washington University,WA,WA,Monroe,2026,Fall,25,30,27,25,5,5,6
Central Washington University,WA,WA,Port Angeles,2025,Fall,25,11,9,8,2,2,2
Central Washington University,WA,WA,Brewster,2024,Fall,25,15,13,12,4,2,4
Central Washington University,WA,CA,Hawthorne,2025,Fall,24,1,1,1,0,0,0
Central Washington University,WA,CA,Tustin,2026,Fall,24,2,1,0,0,0,0
Central Washington University,WA,WA,Fife,2024,Fall,24,24,21,20,9,6,10
Central Washington University,WA,WA,University Place,2025,Fall,24,18,14,13,5,5,5
Central Washington University,WA,WA,Sumner,2025,Fall,24,26,23,19,9,5,10
Central Washington University,WA,MT,Billings,2026,Fall,24,3,1,1,0,0,0
Central Washington University,WA,CA,Santa Clarita,2025,Fall,24,1,1,0,0,0,0
Central Washington University,WA,WA,Kalama,2026,Fall,24,10,6,5,2,2,2
Central Washington University,WA,WA,Graham,2024,Fall,24,47,39,37,11,9,12
Central Washington University,WA,WA,College Place,2026,Fall,24,6,6,6,3,3,4
Central Washington University,WA,WA,Brewster,2025,Fall,24,11,8,8,3,2,4
Central Washington University,WA,WA,Fife,2026,Fall,23,17,16,14,6,6,6
Central Washington University,WA,WA,Warden,2025,Fall,23,8,7,7,3,2,3
Central Washington University,WA,WA,Burlington,2025,Fall,23,22,19,17,3,3,4
Central Washington University,WA,OR,Salem,2025,Fall,23,14,13,13,4,4,5
Central Washington University,WA,WA,Okanogan,2025,Fall,23,10,8,8,4,3,4
Central Washington University,WA,WA,Seabeck,2026,Fall,23,6,5,5,1,0,1
Central Washington University,WA,WA,Eatonville,2025,Fall,23,12,10,9,3,2,4
Central Washington University,WA,OR,Happy Valley,2025,Fall,23,6,6,6,3,1,3
Central Washington University,WA,WA,Fircrest,2026,Fall,23,4,3,3,1,1,1
Central Washington University,WA,WA,Leavenworth,2025,Fall,23,13,11,9,4,3,4
Central Washington University,WA,WA,North Bend,2025,Fall,23,26,23,20,7,6,8
Central Washington University,WA,ID,Boise,2024,Fall,23,14,12,11,6,4,7
Central Washington University,WA,WA,Warden,2026,Fall,23,5,5,3,0,0,0
Central Washington University,WA,WA,Tumwater,2026,Fall,23,10,9,8,4,4,4
Central Washington University,WA,WA,Arlington,2024,Fall,22,29,23,20,9,7,9
Central Washington University,WA,WA,Lake Tapps,2026,Fall,22,12,11,10,8,8,8
Central Washington University,WA,WA,Rainier,2024,Fall,22,7,7,7,2,2,2
Central Washington University,WA,WA,Milton,2025,Fall,22,13,11,11,3,3,3
Central Washington University,WA,WA,Medical Lake,2026,Fall,22,6,3,3,2,2,2
Central Washington University,WA,WA,Anacortes,2026,Fall,22,15,14,13,3,3,3
Central Washington University,WA,CA,La Verne,2024,Fall,22,1,0,0,0,0,0
Central Washington University,WA,CA,Anaheim,2024,Fall,22,1,0,0,0,0,0
Central Washington University,WA,HI,Kahului,2025,Fall,22,5,3,3,1,1,1
Central Washington University,WA,WA,Rochester,2026,Fall,22,6,3,3,1,1,1
Central Washington University,WA,WA,Des Moines,2024,Fall,21,41,35,33,9,8,11
Central Washington University,WA,WA,Mead,2025,Fall,21,6,5,4,1,1,1
Central Washington University,WA,WA,Mukilteo,2026,Fall,21,15,13,13,2,2,2
Central Washington University,WA,WA,College Place,2025,Fall,21,2,2,2,0,0,0
Central Washington University,WA,WA,Eatonville,2026,Fall,21,7,7,7,4,4,4
Central Washington University,WA,OR,Eugene,2024,Fall,21,6,5,5,0,0,0
Central Washington University,WA,CA,Baldwin Park,2026,Fall,21,0,0,0,0,0,0
Central Washington University,WA,HI,Hilo,2025,Fall,21,5,5,3,0,0,0
Central Washington University,WA,HI,Lihue,2026,Fall,21,1,1,1,0,0,0
Central Washington University,WA,WA,Montesano,2025,Fall,21,16,16,13,3,3,3
Central Washington University,WA,OR,Gresham,2025,Fall,21,7,4,4,1,1,1
Central Washington University,WA,WA,Leavenworth,2026,Fall,20,13,13,12,2,2,2
Central Washington University,WA,WA,Okanogan,2026,Fall,20,7,7,7,1,1,1
Central Washington University,WA,WA,Lakebay,2025,Fall,20,5,4,4,2,2,2
Central Washington University,WA,OR,Bend,2026,Fall,20,9,9,9,1,1,1
Central Washington University,WA,WA,Omak,2026,Fall,20,8,6,5,1,1,1
Central Washington University,WA,TX,El Paso,2026,Fall,20,1,1,1,0,0,0
Central Washington University,WA,HI,Lahaina,2026,Fall,20,4,3,3,0,0,0
Central Washington University,WA,WA,Sumner,2026,Fall,20,15,13,13,2,2,2
Central Washington University,WA,WA,Silverdale,2024,Fall,20,22,19,17,4,4,4
Central Washington University,WA,WA,Davenport,2026,Fall,20,2,1,1,1,1,1
Central Washington University,WA,WA,Anacortes,2025,Fall,20,15,13,13,2,1,3
Central Washington University,WA,CA,Compton,2026,Fall,20,0,0,0,0,0,0
Central Washington University,WA,WA,Edmonds,2024,Fall,20,40,36,34,10,9,11
Central Washington University,WA,WA,Mattawa,2024,Fall,20,26,22,21,9,7,11
Central Washington University,WA,HI,Wailuku,2025,Fall,20,2,2,1,1,1,1
Central Washington University,WA,CA,Palmdale,2025,Fall,20,3,1,1,0,0,0
Central Washington University,WA,WA,Tieton,2026,Fall,19,7,6,6,3,2,3
Central Washington University,WA,WA,Carnation,2026,Fall,19,13,12,12,5,5,5
Central Washington University,WA,WA,Mead,2026,Fall,19,2,2,2,0,0,0
Central Washington University,WA,WA,Kalama,2025,Fall,19,6,4,4,4,3,4
Central Washington University,WA,WA,Lakebay,2026,Fall,19,7,5,4,1,1,1
Central Washington University,WA,WA,Benton City,2026,Fall,19,12,11,8,1,1,1
Central Washington University,WA,WA,Tieton,2024,Fall,19,19,17,14,8,6,8
Central Washington University,WA,WA,Mukilteo,2025,Fall,19,19,18,18,3,3,3
Central Washington University,WA,WA,Mabton,2025,Fall,19,16,12,11,5,4,5
Central Washington University,WA,WA,Mesa,2026,Fall,19,4,3,3,2,1,2
Central Washington University,WA,WA,Moxee,2024,Fall,18,22,21,17,5,5,6
Central Washington University,WA,WA,Battle Ground,2025,Fall,18,19,16,14,4,3,5
Central Washington University,WA,CA,Glendale,2026,Fall,18,2,2,2,0,0,0
Central Washington University,WA,WA,Davenport,2024,Fall,18,5,4,4,2,1,2
Central Washington University,WA,WA,Mabton,2024,Fall,18,22,17,15,2,2,2
Central Washington University,WA,WA,Kenmore,2024,Fall,18,23,22,22,3,1,3
Central Washington University,WA,WA,Cle Elum,2024,Fall,18,17,14,14,6,6,8
Central Washington University,WA,HI,Makawao,2025,Fall,18,6,5,4,0,0,0
Central Washington University,WA,WA,Granger,2024,Fall,18,27,25,23,3,2,3
Central Washington University,WA,WA,Stanwood,2026,Fall,18,15,13,11,4,4,4
Central Washington University,WA,WA,Friday Harbor,2025,Fall,18,7,7,7,0,0,0
Central Washington University,WA,HI,Kailua,2025,Fall,18,1,0,0,0,0,0
Central Washington University,WA,WA,Kelso,2024,Fall,18,21,15,14,3,2,6
Central Washington University,WA,WA,Stanwood,2025,Fall,18,12,10,8,3,2,3
Central Washington University,WA,WA,Mercer Island,2024,Fall,18,21,20,18,4,3,5
Central Washington University,WA,WA,Montesano,2026,Fall,18,9,8,5,2,2,2
Central Washington University,WA,WA,Monroe,2024,Fall,18,26,24,24,3,1,4
Central Washington University,WA,WA,Kettle Falls,2025,Fall,18,4,3,3,1,0,1
Central Washington University,WA,CA,Duarte,2025,Fall,18,0,0,0,0,0,0
Central Washington University,WA,WA,Toledo,2026,Fall,18,2,2,2,0,0,0
Central Washington University,WA,WA,Coupeville,2025,Fall,18,6,5,4,1,1,1
Central Washington University,WA,MT,Kalispell,2026,Fall,18,1,0,0,0,0,0
Central Washington University,WA,OR,Oregon City,2026,Fall,18,3,3,3,0,0,0
Central Washington University,WA,CA,Redondo Beach,2026,Fall,18,2,2,2,0,0,0
Central Washington University,WA,WA,Sultan,2025,Fall,18,8,4,3,1,1,1
Central Washington University,WA,WA,College Place,2024,Fall,17,10,7,7,1,0,1
Central Washington University,WA,WA,Oroville,2026,Fall,17,2,2,2,1,1,1
Central Washington University,WA,WA,Royal City,2024,Fall,17,5,3,2,1,1,1
Central Washington University,WA,HI,Kamuela,2026,Fall,17,2,2,2,0,0,0
Central Washington University,WA,HI,Kapaa,2025,Fall,17,1,1,0,0,0,0
Central Washington University,WA,WA,Castle Rock,2026,Fall,17,8,8,7,2,2,2
Central Washington University,WA,WA,Stanwood,2024,Fall,17,24,22,20,7,7,8
Central Washington University,WA,WA,Medical Lake,2024,Fall,17,5,5,2,1,1,1
Central Washington University,WA,HI,Kapaa,2026,Fall,17,1,1,1,0,0,0
Central Washington University,WA,AK,Ketchikan,2026,Fall,17,5,5,5,1,1,1
Central Washington University,WA,WA,Omak,2024,Fall,17,12,10,8,3,1,3
Central Washington University,WA,CA,Riverside,2026,Fall,17,2,2,2,0,0,0
Central Washington University,WA,WA,Sequim,2026,Fall,17,14,12,11,1,1,1
Central Washington University,WA,TX,San Antonio,2026,Fall,17,3,1,1,0,0,0
Central Washington University,WA,OR,Redmond,2026,Fall,17,5,4,4,3,3,3
Central Washington University,WA,WA,Mesa,2025,Fall,17,7,6,6,2,1,2
Central Washington University,WA,WA,Dupont,2025,Fall,17,20,17,16,2,1,2
Central Washington University,WA,CA,Upland,2025,Fall,17,0,0,0,0,0,0
Central Washington University,WA,CA,Alhambra,2026,Fall,17,0,0,0,0,0,0
Central Washington University,WA,WA,Edgewood,2024,Fall,17,16,15,11,4,3,4
Central Washington University,WA,WA,Port Angeles,2024,Fall,17,13,9,8,2,1,2
Central Washington University,WA,WA,White Salmon,2025,Fall,17,8,8,6,1,1,2
Central Washington University,WA,ID,Meridian,2025,Fall,17,11,7,7,2,0,2
Central Washington University,WA,WA,Onalaska,2026,Fall,16,5,4,3,1,1,1
Central Washington University,WA,WA,Onalaska,2024,Fall,16,6,4,4,2,1,2
Central Washington University,WA,UT,West Valley City,2025,Fall,16,0,0,0,0,0,0
Central Washington University,WA,WA,Oroville,2025,Fall,16,6,4,4,3,2,3
Central Washington University,WA,CO,Aurora,2026,Fall,16,5,5,4,0,0,0
Central Washington University,WA,WA,Milton,2026,Fall,16,6,5,5,0,0,0
Central Washington University,WA,CA,Upland,2026,Fall,16,0,0,0,0,0,0
Central Washington University,WA,WA,Chattaroy,2026,Fall,16,6,5,4,2,2,2
Central Washington University,WA,WA,Roy,2024,Fall,16,12,11,11,2,2,3
Central Washington University,WA,WA,Dupont,2024,Fall,16,23,22,20,4,4,5
Central Washington University,WA,WA,Port Angeles,2026,Fall,16,13,12,10,2,2,2
Central Washington University,WA,WA,Newcastle,2025,Fall,16,22,21,19,5,5,5
Central Washington University,WA,WA,Connell,2025,Fall,16,4,3,3,1,1,1
Central Washington University,WA,WA,Duvall,2025,Fall,16,20,17,17,10,8,10
Central Washington University,WA,WA,Camano Island,2026,Fall,16,17,15,14,5,5,5
Central Washington University,WA,HI,Keaau,2026,Fall,16,2,2,1,1,1,0
Central Washington University,WA,WA,Westport,2026,Fall,16,4,3,3,1,1,1
Central Washington University,WA,WA,Bainbridge Is,2024,Fall,16,20,20,19,1,1,3
Central Washington University,WA,WA,Burlington,2024,Fall,16,16,12,10,3,1,3
Central Washington University,WA,WA,Westport,2025,Fall,16,2,2,0,0,0,0
Central Washington University,WA,WA,Fox Island,2026,Fall,16,7,6,6,2,2,2
Central Washington University,WA,WA,Woodinville,2024,Fall,16,32,30,26,7,5,7
Central Washington University,WA,OR,Roseburg,2026,Fall,16,3,3,1,0,0,0
Central Washington University,WA,HI,Lihue,2025,Fall,16,3,1,1,1,1,1
Central Washington University,WA,HI,Wahiawa,2026,Fall,16,2,2,2,0,0,0
Central Washington University,WA,WA,Ravensdale,2025,Fall,16,5,5,5,0,0,0
Central Washington University,WA,HI,Wailuku,2026,Fall,15,3,3,3,0,0,0
Central Washington University,WA,WA,Coupeville,2026,Fall,15,3,3,3,0,0,0
Central Washington University,WA,WA,Ravensdale,2026,Fall,15,2,2,2,2,2,2
Central Washington University,WA,HI,Makawao,2026,Fall,15,4,4,4,1,1,1
Central Washington University,WA,CA,Torrance,2026,Fall,15,1,1,1,0,0,0
Central Washington University,WA,WA,North Bend,2024,Fall,15,28,25,22,4,2,4
Central Washington University,WA,CA,Tustin,2025,Fall,15,1,0,0,0,0,0
Central Washington University,WA,CO,Denver,2026,Fall,15,8,8,7,1,1,1
Central Washington University,WA,WA,Benton City,2024,Fall,15,10,9,8,3,3,3
Central Washington University,WA,CA,Glendale,2025,Fall,15,0,0,0,0,0,0
Central Washington University,WA,OR,Springfield,2025,Fall,15,1,1,1,1,1,1
Central Washington University,WA,HI,Lahaina,2025,Fall,15,2,1,1,0,0,0
Central Washington University,WA,OR,Ontario,2024,Fall,15,2,1,1,0,0,0
Central Washington University,WA,WA,Neah Bay,2025,Fall,15,5,3,3,0,0,0
Central Washington University,WA,WA,Friday Harbor,2026,Fall,15,3,1,1,0,0,0
Central Washington University,WA,ID,Nampa,2025,Fall,15,6,3,3,2,0,2
Central Washington University,WA,WA,Union Gap,2024,Fall,15,13,12,11,6,5,6
Central Washington University,WA,AK,Sitka,2025,Fall,15,5,4,3,0,0,0
Central Washington University,WA,WA,Kalama,2024,Fall,15,9,9,8,6,5,6
Central Washington University,WA,ID,Nampa,2026,Fall,15,1,0,0,0,0,0
Central Washington University,WA,ID,Coeur D Alene,2026,Fall,15,3,3,3,0,0,0
Central Washington University,WA,WA,Chewelah,2025,Fall,15,0,0,0,0,0,0
Central Washington University,WA,CA,San Gabriel,2026,Fall,14,1,0,0,0,0,0
Central Washington University,WA,WA,Brewster,2026,Fall,14,10,9,9,1,1,1
Central Washington University,WA,CA,Pomona,2025,Fall,14,2,1,1,0,0,0
Central Washington University,WA,WA,Cheney,2026,Fall,14,6,6,5,2,2,1
Central Washington University,WA,CA,Panorama City,2026,Fall,14,0,0,0,0,0,0
Central Washington University,WA,WA,Naches,2026,Fall,14,5,4,4,2,2,2
Central Washington University,WA,WA,Belfair,2025,Fall,14,11,9,9,4,4,5
Central Washington University,WA,CA,Montebello,2026,Fall,14,1,1,1,0,0,0
Central Washington University,WA,CA,Fresno,2026,Fall,14,1,1,1,0,0,0
Central Washington University,WA,CA,Bellflower,2025,Fall,14,0,0,0,0,0,0
Central Washington University,WA,WA,Outlook,2025,Fall,14,6,6,6,2,2,2
Central Washington University,WA,WA,Kettle Falls,2026,Fall,14,3,3,3,2,2,2
Central Washington University,WA,WA,Mill Creek,2026,Fall,14,7,6,5,0,0,0
Central Washington University,WA,OR,Springfield,2026,Fall,14,1,1,1,0,0,0
Central Washington University,WA,WA,Fircrest,2024,Fall,14,15,13,13,6,6,6
Central Washington University,WA,WA,Vashon,2026,Fall,14,7,7,6,1,1,1
Central Washington University,WA,AZ,Phoenix,2024,Fall,14,4,4,4,1,1,1
Central Washington University,WA,HI,Pearl City,2024,Fall,14,4,3,3,0,0,0
Central Washington University,WA,WA,Otis Orchards,2026,Fall,14,0,0,0,0,0,0
Central Washington University,WA,MT,Bozeman,2026,Fall,14,1,1,1,0,0,0
Central Washington University,WA,WA,Newman Lake,2026,Fall,14,3,2,2,0,0,0
Central Washington University,WA,OR,Lake Oswego,2025,Fall,14,5,5,5,2,2,2
Central Washington University,WA,WA,Pullman,2025,Fall,14,7,7,7,2,1,2
Central Washington University,WA,HI,Kamuela,2025,Fall,14,1,1,1,0,0,0
Central Washington University,WA,WA,Moxee,2026,Fall,14,22,15,11,4,4,4
Central Washington University,WA,AK,Ketchikan,2025,Fall,14,4,2,1,0,0,0
Central Washington University,WA,CA,Pomona,2026,Fall,14,0,0,0,0,0,0
Central Washington University,WA,Greater Accra Region,Accra,2024,Fall,13,0,0,0,0,0,0
Central Washington University,WA,WA,Bridgeport,2025,Fall,13,6,5,5,1,1,1
Central Washington University,WA,WA,Kettle Falls,2024,Fall,13,5,3,3,1,1,1
Central Washington University,WA,OR,West Linn,2026,Fall,13,7,5,5,4,4,4
Central Washington University,WA,NV,Henderson,2024,Fall,13,13,10,9,3,2,4
Central Washington University,WA,OR,Grants Pass,2025,Fall,13,3,3,3,1,1,1
Central Washington University,WA,CO,Colorado Spgs,2026,Fall,13,5,5,5,1,1,1
Central Washington University,WA,WA,Soap Lake,2026,Fall,13,5,4,3,2,2,2
Central Washington University,WA,HI,Kailua Kona,2026,Fall,13,2,2,1,0,0,0
Central Washington University,WA,CA,Whittier,2026,Fall,13,0,0,0,0,0,0
Central Washington University,WA,WA,Brush Prairie,2024,Fall,13,6,5,5,2,2,2
Central Washington University,WA,ID,Weiser,2026,Fall,13,1,0,0,0,0,0
Central Washington University,WA,TX,Spring,2026,Fall,13,4,3,3,0,0,0
Central Washington University,WA,WA,Black Diamond,2025,Fall,13,7,6,6,1,1,1
Central Washington University,WA,HI,Kailua Kona,2025,Fall,13,4,4,4,1,1,1
Central Washington University,WA,WA,Tonasket,2026,Fall,13,7,6,6,1,1,1
Central Washington University,WA,WA,Edgewood,2026,Fall,13,7,6,6,1,1,1
Central Washington University,WA,HI,Kahului,2024,Fall,13,4,3,2,0,0,0
Central Washington University,WA,WA,Burlington,2026,Fall,13,16,12,11,2,2,2
Central Washington University,WA,WA,Lake Tapps,2024,Fall,13,30,24,23,6,5,7
Central Washington University,WA,OR,Sherwood,2026,Fall,13,5,5,5,0,0,0
Central Washington University,WA,MT,Bozeman,2025,Fall,13,3,1,1,0,0,0
Central Washington University,WA,WA,Chewelah,2024,Fall,13,4,4,4,1,0,0
Central Washington University,WA,WA,Pullman,2026,Fall,13,9,8,7,4,4,4
Central Washington University,WA,AK,Sitka,2024,Fall,13,5,5,5,0,0,0
Central Washington University,WA,CA,Van Nuys,2026,Fall,13,0,0,0,0,0,0
Central Washington University,WA,CA,Adelanto,2025,Fall,13,0,0,0,0,0,0
Central Washington University,WA,WA,Forks,2025,Fall,13,10,7,6,4,4,4
Central Washington University,WA,CA,Bakersfield,2026,Fall,13,7,5,3,2,2,2
Central Washington University,WA,WA,Woodland,2024,Fall,13,2,2,2,2,2,2
Central Washington University,WA,WA,Duvall,2024,Fall,13,14,11,10,2,1,3
Central Washington University,WA,OR,Nyssa,2026,Fall,13,0,0,0,0,0,0
Central Washington University,WA,WA,Sequim,2024,Fall,13,14,13,12,5,4,7
Central Washington University,WA,WA,Eltopia,2026,Fall,13,0,0,0,0,0,0
Central Washington University,WA,WA,Okanogan,2024,Fall,12,6,5,4,2,2,2
Central Washington University,WA,WA,Cheney,2025,Fall,12,10,9,7,2,2,2
Central Washington University,WA,OR,Ontario,2026,Fall,12,2,1,0,0,0,0
Central Washington University,WA,ID,Parma,2026,Fall,12,0,0,0,0,0,0
Central Washington University,WA,HI,Waialua,2025,Fall,12,2,2,1,1,1,1
Central Washington University,WA,ID,Post Falls,2026,Fall,12,3,2,2,1,1,1
Central Washington University,WA,AZ,Phoenix,2025,Fall,12,5,3,3,2,1,2
Central Washington University,WA,AK,Fairbanks,2025,Fall,12,7,7,5,1,1,1
Central Washington University,WA,OR,Beaverton,2024,Fall,12,7,7,7,0,0,0
Central Washington University,WA,ID,Idaho Falls,2026,Fall,12,1,1,1,0,0,0
Central Washington University,WA,WA,Cathlamet,2026,Fall,12,5,5,4,3,3,3
Central Washington University,WA,WA,Mountlake Ter,2026,Fall,12,2,1,1,1,1,1
Central Washington University,WA,CA,Sherman Oaks,2026,Fall,12,1,1,1,0,0,0
Central Washington University,WA,TX,Houston,2025,Fall,12,8,8,8,3,2,3
Central Washington University,WA,WA,Lk Forest Pk,2024,Fall,12,19,19,18,6,5,6
Central Washington University,WA,WA,Tonasket,2025,Fall,12,10,5,4,0,0,0
Central Washington University,WA,AK,Juneau,2025,Fall,12,1,1,1,0,0,0
Central Washington University,WA,OR,Medford,2026,Fall,12,1,1,0,0,0,0
Central Washington University,WA,CA,San Dimas,2025,Fall,12,0,0,0,0,0,0
Central Washington University,WA,OR,Hillsboro,2025,Fall,12,7,5,5,1,1,2
Central Washington University,WA,WA,Oroville,2024,Fall,12,6,6,6,1,0,3
Central Washington University,WA,WA,Montesano,2024,Fall,12,12,12,11,3,3,4
Central Washington University,WA,WA,Soap Lake,2025,Fall,12,3,1,1,1,1,1
Central Washington University,WA,WA,Aberdeen,2024,Fall,12,22,19,18,5,3,6
Central Washington University,WA,CO,Denver,2025,Fall,12,8,8,7,0,0,0
Central Washington University,WA,WA,Colfax,2025,Fall,12,4,3,3,2,0,2
Central Washington University,WA,NM,Albuquerque,2026,Fall,12,4,4,4,0,0,0
Central Washington University,WA,UT,Ogden,2026,Fall,12,1,1,1,0,0,0
Central Washington University,WA,WA,Anacortes,2024,Fall,12,8,8,8,2,1,2
Central Washington University,WA,WA,White Salmon,2024,Fall,12,12,6,6,0,0,0
Central Washington University,WA,TX,Houston,2024,Fall,12,11,6,5,1,1,1
Central Washington University,WA,OR,Central Point,2025,Fall,12,1,0,0,0,0,0
Central Washington University,WA,NV,N Las Vegas,2025,Fall,12,0,0,0,0,0,0
Central Washington University,WA,ID,Parma,2025,Fall,12,0,0,0,0,0,0
Central Washington University,WA,WA,Liberty Lake,2025,Fall,12,10,5,5,4,2,4
Central Washington University,WA,WA,La Center,2025,Fall,12,8,4,3,0,0,0
Central Washington University,WA,WA,Everson,2026,Fall,11,4,3,3,0,0,0
Central Washington University,WA,WA,Ritzville,2025,Fall,11,2,0,0,0,0,0
Central Washington University,WA,CA,Huntington Pk,2026,Fall,11,0,0,0,0,0,0
Central Washington University,WA,WA,Kingston,2025,Fall,11,10,10,10,4,2,4
Central Washington University,WA,HI,Laie,2026,Fall,11,0,0,0,0,0,0
Central Washington University,WA,WA,Lynden,2024,Fall,11,22,15,15,2,1,2
Central Washington University,WA,WA,Tumwater,2024,Fall,11,20,17,17,5,3,6
Central Washington University,WA,WA,Tonasket,2024,Fall,11,10,7,5,0,0,0
Central Washington University,WA,CA,Tustin,2024,Fall,11,0,0,0,0,0,0
Central Washington University,WA,WA,Ritzville,2026,Fall,11,1,1,1,0,0,0
Central Washington University,WA,MO,Kansas City,2026,Fall,11,2,1,1,0,0,0
Central Washington University,WA,WA,Spokane Valley,2026,Fall,11,11,11,10,1,1,1
Central Washington University,WA,WA,Naches,2024,Fall,11,17,13,12,4,3,5
Central Washington University,WA,TX,San Antonio,2025,Fall,11,3,1,1,0,0,0
Central Washington University,WA,HI,Waipahu,2024,Fall,11,6,4,4,1,1,1
Central Washington University,WA,WA,Ocean Park,2026,Fall,11,3,3,3,0,0,0
Central Washington University,WA,MT,Helena,2025,Fall,11,4,3,2,1,1,1
Central Washington University,WA,DC,Washington,2026,Fall,11,3,3,1,0,0,0
Central Washington University,WA,WA,Dayton,2025,Fall,11,3,3,3,1,0,1
Central Washington University,WA,CA,San Diego,2025,Fall,11,7,7,7,0,0,0
Central Washington University,WA,ID,Post Falls,2025,Fall,11,2,0,0,0,0,0
Central Washington University,WA,WA,Greenacres,2026,Fall,11,5,4,4,2,2,2
Central Washington University,WA,WA,Newcastle,2024,Fall,11,23,22,22,3,1,4
Central Washington University,WA,WA,La Conner,2025,Fall,11,1,1,1,0,0,0
Central Washington University,WA,WA,Blaine,2026,Fall,11,15,12,10,1,1,1
Central Washington University,WA,WA,Cowiche,2026,Fall,11,3,1,1,1,1,1
Central Washington University,WA,ID,Pocatello,2026,Fall,11,1,0,0,0,0,0
Central Washington University,WA,AZ,Mesa,2026,Fall,11,3,1,1,0,0,0
Central Washington University,WA,WA,Chattaroy,2025,Fall,11,2,1,1,0,0,0
Central Washington University,WA,WA,Eatonville,2024,Fall,11,8,6,4,1,1,1
Central Washington University,WA,WA,La Center,2026,Fall,11,4,3,3,2,2,2
Central Washington University,WA,WA,Vaughn,2025,Fall,11,4,4,4,0,0,0
Central Washington University,WA,ID,Fruitland,2026,Fall,11,0,0,0,0,0,0
Central Washington University,WA,CA,San Dimas,2026,Fall,11,0,0,0,0,0,0
Central Washington University,WA,WA,Mossyrock,2025,Fall,11,4,4,4,2,2,2
Central Washington University,WA,CA,Duarte,2026,Fall,11,0,0,0,0,0,0
Central Washington University,WA,WA,Outlook,2026,Fall,11,3,2,2,0,0,0
Central Washington University,WA,WA,Mill Creek,2024,Fall,11,14,14,13,2,1,2
Central Washington University,WA,WA,East Wenatchee,2024,Fall,11,4,3,2,2,2,2
Central Washington University,WA,WA,Elma,2024,Fall,11,9,7,7,2,1,2
Central Washington University,WA,WA,La Conner,2024,Fall,11,3,3,3,0,0,0
Central Washington University,WA,WA,Twisp,2025,Fall,11,2,2,2,0,0,0
Central Washington University,WA,WA,Toledo,2025,Fall,11,7,6,4,3,1,3
Central Washington University,WA,AZ,Tucson,2026,Fall,11,5,4,4,0,0,0
Central Washington University,WA,WA,Raymond,2024,Fall,11,12,7,7,1,1,2
Central Washington University,WA,CA,Carson,2026,Fall,11,0,0,0,0,0,0
Central Washington University,WA,CA,Los Angeles,2024,Fall,11,11,11,11,2,2,2
Central Washington University,WA,OR,Redmond,2025,Fall,11,0,0,0,0,0,0
Central Washington University,WA,HI,Eleele,2025,Fall,10,0,0,0,0,0,0
Central Washington University,WA,MT,Livingston,2025,Fall,10,2,2,2,1,1,1
Central Washington University,WA,WA,Sequim,2025,Fall,10,10,8,8,2,2,3
Central Washington University,WA,WA,Sultan,2026,Fall,10,10,9,9,1,1,1
Central Washington University,WA,HI,Pearl City,2025,Fall,10,2,2,2,0,0,0
Central Washington University,WA,HI,Wahiawa,2025,Fall,10,3,2,1,1,0,1
Central Washington University,WA,OR,Vale,2025,Fall,10,2,2,2,2,1,2
Central Washington University,WA,HI,Waimanalo,2026,Fall,10,1,1,1,0,0,0
Central Washington University,WA,ID,Eagle,2026,Fall,10,3,2,2,1,1,1
Central Washington University,WA,ID,Weiser,2025,Fall,10,1,1,1,0,0,0
Central Washington University,WA,WA,Mountlake Ter,2025,Fall,10,7,6,6,0,0,0
Central Washington University,WA,CA,San Clemente,2026,Fall,10,3,3,3,0,0,0
Central Washington University,WA,AK,Wasilla,2026,Fall,10,2,2,1,1,1,1
Central Washington University,WA,MT,Great Falls,2025,Fall,10,1,1,1,1,1,1
Central Washington University,WA,IL,Chicago,2024,Fall,10,10,7,5,0,0,0
Central Washington University,WA,WA,Battle Ground,2024,Fall,10,13,11,11,2,0,3
Central Washington University,WA,ID,Moscow,2024,Fall,10,7,5,5,2,0,2
Central Washington University,WA,WA,Fox Island,2025,Fall,10,3,3,3,0,0,0
Central Washington University,WA,NV,Reno,2026,Fall,10,0,0,0,0,0,0
Central Washington University,WA,CO,Colorado Spgs,2025,Fall,10,5,5,5,1,1,1
Central Washington University,WA,WA,Deer Park,2024,Fall,10,12,10,10,5,3,5
Central Washington University,WA,WA,Omak,2025,Fall,10,9,5,5,2,2,2
Central Washington University,WA,WA,Gold Bar,2025,Fall,10,4,4,3,0,0,0
Central Washington University,WA,WA,Steilacoom,2025,Fall,10,10,10,8,5,5,5
Central Washington University,WA,MT,Livingston,2026,Fall,10,0,0,0,0,0,0
Central Washington University,WA,CA,San Jose,2024,Fall,10,7,6,4,0,0,0
Central Washington University,WA,MT,Conrad,2026,Fall,10,0,0,0,0,0,0
Central Washington University,WA,TX,Austin,2026,Fall,10,5,5,4,1,1,1
Central Washington University,WA,OR,Mcminnville,2026,Fall,10,1,1,1,1,1,1
Central Washington University,WA,WA,Suquamish,2026,Fall,10,0,0,0,0,0,0
Central Washington University,WA,WA,Mukilteo,2024,Fall,10,15,14,13,5,5,5
Central Washington University,WA,OR,Roseburg,2025,Fall,10,1,1,1,0,0,0
Central Washington University,WA,WA,Winlock,2025,Fall,10,7,7,7,2,2,3
Central Washington University,WA,WA,Colfax,2026,Fall,10,4,3,3,2,2,2
Central Washington University,WA,OR,Hermiston,2026,Fall,10,8,5,5,1,1,1
Central Washington University,WA,WA,Seabeck,2024,Fall,10,5,5,5,1,1,1
Central Washington University,WA,CA,Bellflower,2026,Fall,10,0,0,0,0,0,0
Central Washington University,WA,WA,Hoquiam,2024,Fall,10,17,14,6,4,3,4
Central Washington University,WA,AK,Fairbanks,2026,Fall,10,7,6,5,2,2,2
Central Washington University,WA,WA,South Bend,2025,Fall,10,4,3,3,3,3,3
Central Washington University,WA,CA,Riverside,2025,Fall,10,5,4,4,1,1,1
Central Washington University,WA,OR,Bend,2024,Fall,10,7,6,6,2,1,2
Central Washington University,WA,WA,Rochester,2024,Fall,10,11,9,8,2,2,2
Central Washington University,WA,OR,Happy Valley,2026,Fall,10,9,9,8,1,1,1
Central Washington University,WA,CA,Arcadia,2026,Fall,9,0,0,0,0,0,0
Central Washington University,WA,WA,Randle,2026,Fall,9,8,8,8,2,2,2
Central Washington University,WA,MT,Great Falls,2026,Fall,9,0,0,0,0,0,0
Central Washington University,WA,MT,Livingston,2024,Fall,9,0,0,0,0,0,0
Central Washington University,WA,CA,El Segundo,2026,Fall,9,0,0,0,0,0,0
Central Washington University,WA,CA,Hesperia,2026,Fall,9,0,0,0,0,0,0
Central Washington University,WA,AK,Palmer,2025,Fall,9,2,1,1,0,0,0
Central Washington University,WA,HI,Mililani,2024,Fall,9,13,11,10,5,5,5
Central Washington University,WA,CA,Van Nuys,2025,Fall,9,0,0,0,0,0,0
Central Washington University,WA,WA,Mountlake Terrace,2026,Fall,9,6,6,6,3,3,3
Central Washington University,WA,TX,Austin,2025,Fall,9,8,7,7,1,1,1
Central Washington University,WA,AK,Eagle River,2026,Fall,9,5,4,4,1,1,1
Central Washington University,WA,WA,Lk Forest Pk,2025,Fall,9,8,8,8,0,0,0
Central Washington University,WA,TX,Dallas,2025,Fall,9,0,0,0,0,0,0
Central Washington University,WA,WA,Newcastle,2026,Fall,9,13,10,5,0,0,0
Central Washington University,WA,WA,Naches,2025,Fall,9,3,2,2,0,0,0
Central Washington University,WA,WA,Entiat,2026,Fall,9,7,5,4,1,1,1
Central Washington University,WA,CO,Denver,2024,Fall,9,6,6,5,0,0,0
Central Washington University,WA,WA,Pateros,2026,Fall,9,7,6,6,0,0,0
Central Washington University,WA,WA,Castle Rock,2025,Fall,9,5,4,4,3,2,3
Central Washington University,WA,WA,Roslyn,2026,Fall,9,3,2,2,1,1,1
Central Washington University,WA,WA,Newport,2026,Fall,9,5,5,5,0,0,0
Central Washington University,WA,WA,Burbank,2026,Fall,9,4,3,3,1,1,1
Central Washington University,WA,HI,Ewa Beach,2024,Fall,9,4,3,2,1,0,1
Central Washington University,WA,WA,Outlook,2024,Fall,9,9,6,5,0,0,1
Central Washington University,WA,IL,Chicago,2026,Fall,9,2,2,2,0,0,0
Central Washington University,WA,CA,Fullerton,2025,Fall,9,1,1,1,0,0,0
Central Washington University,WA,ID,Fruitland,2024,Fall,9,0,0,0,0,0,0
Central Washington University,WA,CA,Sacramento,2026,Fall,9,5,5,5,1,1,1
Central Washington University,WA,TX,Fort Worth,2026,Fall,9,3,2,2,0,0,0
Central Washington University,WA,FL,Miami,2025,Fall,9,0,0,0,0,0,0
Central Washington University,WA,HI,Kihei,2025,Fall,9,4,4,4,0,0,0
Central Washington University,WA,WA,Granite Falls,2026,Fall,9,10,8,7,3,3,3
Central Washington University,WA,ID,Idaho Falls,2025,Fall,9,1,1,1,1,1,1
Central Washington University,WA,WA,Castle Rock,2024,Fall,9,9,7,6,0,0,0
Central Washington University,WA,WA,Ocean Shores,2026,Fall,9,1,0,0,0,0,0
Central Washington University,WA,WA,Soap Lake,2024,Fall,9,6,4,3,1,1,2
Central Washington University,WA,AK,Wasilla,2025,Fall,9,2,2,2,0,0,0
Central Washington University,WA,WA,Pateros,2025,Fall,9,13,13,11,1,0,1
Central Washington University,WA,AK,Ketchikan,2024,Fall,9,0,0,0,0,0,0
Central Washington University,WA,AK,Juneau,2026,Fall,9,1,1,1,0,0,0
Central Washington University,WA,ID,Meridian,2024,Fall,9,8,7,7,3,3,3
Central Washington University,WA,WA,Onalaska,2025,Fall,9,3,3,2,0,0,0
Central Washington University,WA,OR,Clackamas,2025,Fall,9,3,3,3,2,1,2
Central Washington University,WA,ID,Caldwell,2025,Fall,9,3,0,0,0,0,0
Central Washington University,WA,WA,Twisp,2026,Fall,9,1,0,0,0,0,0
Central Washington University,WA,WA,Eastsound,2025,Fall,9,3,3,3,2,1,2
Central Washington University,WA,WA,Trout Lake,2026,Fall,9,2,2,2,1,1,1
Central Washington University,WA,WA,Winthrop,2026,Fall,9,0,0,0,0,0,0
Central Washington University,WA,CA,San Dimas,2024,Fall,9,2,1,1,0,0,0
Central Washington University,WA,WA,Winthrop,2025,Fall,9,1,1,1,0,0,0
Central Washington University,WA,CA,Gardena,2026,Fall,9,0,0,0,0,0,0
Central Washington University,WA,WA,Lopez Island,2025,Fall,9,2,2,2,1,1,1
Central Washington University,WA,CA,Fullerton,2026,Fall,9,2,2,2,0,0,0
Central Washington University,WA,CA,Lancaster,2026,Fall,9,0,0,0,0,0,0
Central Washington University,WA,WA,Lakebay,2024,Fall,9,2,1,1,0,0,1
Central Washington University,WA,WA,Beverly,2025,Fall,9,4,4,4,0,0,0
Central Washington University,WA,WA,Waterville,2026,Fall,9,1,1,1,0,0,0
Central Washington University,WA,WA,Rochester,2025,Fall,8,8,5,5,2,1,2
Central Washington University,WA,WA,Silverlake,2026,Fall,8,2,1,1,0,0,0
Central Washington University,WA,WA,Elk,2025,Fall,8,2,1,1,0,0,0
Central Washington University,WA,CA,Jurupa Valley,2026,Fall,8,0,0,0,0,0,0
Central Washington University,WA,WA,Underwood,2026,Fall,8,4,4,4,2,2,2
Central Washington University,WA,ID,Lewiston,2026,Fall,8,1,1,1,0,0,0
Central Washington University,WA,WA,Seabeck,2025,Fall,8,6,5,5,2,0,2
Central Washington University,WA,OR,Sherwood,2024,Fall,8,9,8,8,2,2,3
Central Washington University,WA,WA,Goldendale,2025,Fall,8,17,16,15,11,10,11
Central Washington University,WA,CA,Wilmington,2026,Fall,8,0,0,0,0,0,0
Central Washington University,WA,WA,Vashon,2024,Fall,8,5,5,3,1,1,1
Central Washington University,WA,WA,Blaine,2024,Fall,8,15,15,14,1,0,1
Central Washington University,WA,WA,Brier,2024,Fall,8,9,9,9,2,0,2
Central Washington University,WA,OR,Cottage Grove,2025,Fall,8,0,0,0,0,0,0
Central Washington University,WA,OR,Clackamas,2026,Fall,8,1,0,0,0,0,0
Central Washington University,WA,WA,Warden,2024,Fall,8,6,6,6,0,0,0
Central Washington University,WA,WA,Neah Bay,2026,Fall,8,3,2,1,0,0,0
Central Washington University,WA,WA,Lk Forest Pk,2026,Fall,8,5,4,4,3,3,3
Central Washington University,WA,WA,Harrah,2026,Fall,8,5,5,3,2,2,2
Central Washington University,WA,OR,Junction City,2026,Fall,8,0,0,0,0,0,0
Central Washington University,WA,HI,Kula,2026,Fall,8,2,2,2,2,2,2
Central Washington University,WA,MT,Butte,2024,Fall,8,1,1,1,0,0,0
Central Washington University,WA,WA,Trout Lake,2025,Fall,8,3,3,3,1,1,1
Central Washington University,WA,CA,Sierra Madre,2026,Fall,8,1,1,1,0,0,0
Central Washington University,WA,WA,Carnation,2024,Fall,8,9,9,8,3,2,4
Central Washington University,WA,CA,Reseda,2025,Fall,8,0,0,0,0,0,0
Central Washington University,WA,WA,Connell,2024,Fall,8,10,9,9,2,2,4
Central Washington University,WA,WA,Carson,2025,Fall,8,2,2,1,0,0,0
Central Washington University,WA,CA,Bakersfield,2025,Fall,8,2,1,0,0,0,0
Central Washington University,WA,CO,Littleton,2026,Fall,8,4,4,4,1,1,1
Central Washington University,WA,WA,Tenino,2025,Fall,8,11,9,8,5,4,5
Central Washington University,WA,WA,Fox Island,2024,Fall,8,8,8,8,0,0,0
Central Washington University,WA,WA,Nine Mile Fls,2025,Fall,8,1,1,1,0,0,0
Central Washington University,WA,CA,San Jose,2025,Fall,8,6,5,5,0,0,0
Central Washington University,WA,WA,Toledo,2024,Fall,8,2,2,2,0,0,0
Central Washington University,WA,WA,Bow,2026,Fall,8,5,5,5,1,1,1
Central Washington University,WA,WA,Coupeville,2024,Fall,8,6,6,6,1,1,1
Central Washington University,WA,MT,Helena,2026,Fall,8,2,2,2,0,0,0
Central Washington University,WA,WA,Bridgeport,2026,Fall,8,3,3,3,0,0,0
Central Washington University,WA,MT,Lewistown,2026,Fall,8,0,0,0,0,0,0
Central Washington University,WA,OR,Keizer,2026,Fall,8,3,3,3,1,1,1
Central Washington University,WA,WA,Valley,2025,Fall,8,2,1,1,0,0,0
Central Washington University,WA,CA,South Gate,2025,Fall,8,0,0,0,0,0,0
Central Washington University,WA,UT,Provo,2026,Fall,8,0,0,0,0,0,0
Central Washington University,WA,AK,Eagle River,2024,Fall,8,7,7,5,2,2,2
Central Washington University,WA,OR,Wilsonville,2024,Fall,8,5,5,4,1,1,1
Central Washington University,WA,WA,Friday Harbor,2024,Fall,8,8,8,8,0,0,0
Central Washington University,WA,CA,Fontana,2026,Fall,8,0,0,0,0,0,0
Central Washington University,WA,MT,Polson,2024,Fall,8,1,1,1,0,0,0
Central Washington University,WA,WA,Pateros,2024,Fall,8,9,9,7,0,0,0
Central Washington University,WA,WA,Ritzville,2024,Fall,8,1,1,0,0,0,0
Central Washington University,WA,WA,Fall City,2026,Fall,8,12,11,10,1,1,2
Central Washington University,WA,OR,Keizer,2025,Fall,8,1,1,1,0,0,0
Central Washington University,WA,CA,Redondo Beach,2025,Fall,8,0,0,0,0,0,0
Central Washington University,WA,WA,Vaughn,2026,Fall,8,4,4,3,0,0,0
Central Washington University,WA,MT,Kalispell,2024,Fall,8,1,1,1,1,1,1
Central Washington University,WA,WA,Long Beach,2024,Fall,8,5,4,4,1,0,1
Central Washington University,WA,WA,Darrington,2026,Fall,8,5,5,4,3,3,3
Central Washington University,WA,OR,Wilsonville,2026,Fall,8,0,0,0,0,0,0
Central Washington University,WA,HI,Kahuku,2026,Fall,8,0,0,0,0,0,0
Central Washington University,WA,WA,Pacific,2025,Fall,8,5,4,4,1,1,1
Central Washington University,WA,NY,New York,2026,Fall,8,0,0,0,0,0,0
Central Washington University,WA,MT,Lewistown,2025,Fall,8,0,0,0,0,0,0
Central Washington University,WA,Gorod Bishkek,Bishkek,2024,Fall,8,1,0,0,0,0,0
Central Washington University,WA,WA,Sumas,2026,Fall,8,2,1,1,0,0,0
Central Washington University,WA,TX,San Antonio,2024,Fall,8,5,4,3,0,0,0
Central Washington University,WA,WA,Newman Lake,2025,Fall,8,2,2,2,0,0,0
Central Washington University,WA,CA,Templeton,2026,Fall,8,0,0,0,0,0,0
Central Washington University,WA,WA,Cosmopolis,2025,Fall,7,8,6,5,4,3,4
Central Washington University,WA,WA,Algona,2025,Fall,7,4,3,3,2,1,2
Central Washington University,WA,ID,Garden Valley,2026,Fall,7,0,0,0,0,0,0
Central Washington University,WA,WA,Otis Orchards,2025,Fall,7,0,0,0,0,0,0
Central Washington University,WA,CA,Reseda,2026,Fall,7,1,0,0,0,0,0
Central Washington University,WA,WA,Belfair,2024,Fall,7,6,6,6,4,4,5
Central Washington University,WA,MT,Helena,2024,Fall,7,2,1,0,0,0,0
Central Washington University,WA,NM,Albuquerque,2025,Fall,7,2,2,2,1,1,1
Central Washington University,WA,ID,Payette,2024,Fall,7,0,0,0,0,0,0
Central Washington University,WA,TX,Donna,2026,Fall,7,0,0,0,0,0,0
Central Washington University,WA,CA,San Diego,2024,Fall,7,12,9,8,1,1,1
Central Washington University,WA,CO,Parker,2025,Fall,7,2,2,2,1,1,1
Central Washington University,WA,CA,S Pasadena,2026,Fall,7,0,0,0,0,0,0
Central Washington University,WA,WA,Goldendale,2024,Fall,7,11,6,5,0,0,0
Central Washington University,WA,CA,Santa Clarita,2026,Fall,7,1,1,1,0,0,0
Central Washington University,WA,WA,Long Beach,2025,Fall,7,0,0,0,0,0,0
Central Washington University,WA,WA,Port Hadlock,2025,Fall,7,3,2,1,0,0,0
Central Washington University,WA,OR,Oregon City,2025,Fall,7,5,5,5,0,0,0
Central Washington University,WA,WA,Grand Coulee,2026,Fall,7,3,1,1,0,0,0
Central Washington University,WA,CA,Fullerton,2024,Fall,7,1,1,1,1,0,1
Central Washington University,WA,WA,Tahuya,2026,Fall,7,2,2,2,1,1,1
Central Washington University,WA,ID,Marsing,2024,Fall,7,0,0,0,0,0,0
Central Washington University,WA,MT,Park City,2026,Fall,7,0,0,0,0,0,0
Central Washington University,WA,CA,North Hills,2026,Fall,7,0,0,0,0,0,0
Central Washington University,WA,WA,Allyn,2025,Fall,7,5,3,3,0,0,0
Central Washington University,WA,AZ,Glendale,2026,Fall,7,1,1,1,0,0,0
Central Washington University,WA,ID,Payette,2026,Fall,7,1,1,0,0,0,0
Central Washington University,WA,ID,Eagle,2025,Fall,7,3,2,2,0,0,1
Central Washington University,WA,WA,Milton,2024,Fall,7,12,12,11,4,2,4
Central Washington University,WA,CA,Pacoima,2026,Fall,7,0,0,0,0,0,0
Central Washington University,WA,HI,Kalaheo,2025,Fall,7,0,0,0,0,0,0
Central Washington University,WA,CA,Upland,2024,Fall,7,2,2,2,1,0,1
Central Washington University,WA,TX,Katy,2025,Fall,7,1,1,1,0,0,0
Central Washington University,WA,WA,Winlock,2024,Fall,7,12,10,8,2,1,2
Central Washington University,WA,CA,Stockton,2026,Fall,7,2,2,2,0,0,0
Central Washington University,WA,WA,Tenino,2024,Fall,7,8,8,7,3,3,3
Central Washington University,WA,OR,Hermiston,2024,Fall,7,6,4,4,2,1,2
Central Washington University,WA,OK,Broken Arrow,2024,Fall,7,0,0,0,0,0,0
Central Washington University,WA,WA,Stevenson,2025,Fall,7,2,2,2,1,1,1
Central Washington University,WA,WA,Cheney,2024,Fall,7,13,12,11,1,1,1
Central Washington University,WA,MT,Ronan,2025,Fall,7,1,0,0,0,0,0
Central Washington University,WA,WA,Randle,2024,Fall,7,5,5,5,4,4,4
Central Washington University,WA,WA,Fairchild Afb,2026,Fall,7,0,0,0,0,0,0
Central Washington University,WA,CA,Granada Hills,2025,Fall,7,0,0,0,0,0,0
Central Washington University,WA,WA,South Bend,2026,Fall,7,3,3,3,2,2,2
Central Washington University,WA,AZ,Tucson,2025,Fall,7,3,3,2,0,0,0
Central Washington University,WA,AZ,Chandler,2026,Fall,7,3,3,2,2,2,2
Central Washington University,WA,MT,Harlowton,2026,Fall,7,0,0,0,0,0,0
Central Washington University,WA,TX,Austin,2024,Fall,7,5,5,5,1,0,2
Central Washington University,WA,CA,Visalia,2026,Fall,7,0,0,0,0,0,0
Central Washington University,WA,HI,Captain Cook,2026,Fall,7,1,1,1,1,1,1
Central Washington University,WA,CA,Atascadero,2026,Fall,7,1,1,1,0,0,0
Central Washington University,WA,OR,Nyssa,2024,Fall,7,1,0,0,0,0,0
Central Washington University,WA,WA,Pullman,2024,Fall,7,7,5,5,5,2,5
Central Washington University,WA,WA,Waterville,2025,Fall,7,7,7,6,3,2,3
Central Washington University,WA,MT,Hamilton,2026,Fall,7,0,0,0,0,0,0
Central Washington University,WA,WA,South Bend,2024,Fall,7,5,4,4,2,1,2
Central Washington University,WA,MT,Shelby,2025,Fall,7,0,0,0,0,0,0
Central Washington University,WA,OR,Grants Pass,2026,Fall,7,0,0,0,0,0,0
Central Washington University,WA,WA,Kittitas,2025,Fall,7,5,4,3,3,3,3
Central Washington University,WA,CO,Fort Collins,2026,Fall,7,2,2,2,1,1,1
Central Washington University,WA,WA,Colbert,2024,Fall,7,13,10,7,5,3,6
Central Washington University,WA,OR,Sherwood,2025,Fall,7,3,3,3,1,1,1
Central Washington University,WA,OR,Tualatin,2025,Fall,7,4,4,4,1,0,1
Central Washington University,WA,WA,Valley,2024,Fall,7,0,0,0,0,0,0
Central Washington University,WA,CA,Culver City,2026,Fall,7,0,0,0,0,0,0
Central Washington University,WA,OR,Scappoose,2026,Fall,7,0,0,0,0,0,0
Central Washington University,WA,WA,Beverly,2026,Fall,7,5,4,3,2,2,2
Central Washington University,WA,ID,Caldwell,2024,Fall,7,2,1,0,0,0,0
Central Washington University,WA,OR,The Dalles,2026,Fall,7,3,3,3,2,2,2
Central Washington University,WA,WA,La Conner,2026,Fall,7,3,1,1,0,0,0
Central Washington University,WA,WA,Granite Falls,2025,Fall,7,7,4,4,1,0,1
Central Washington University,WA,ID,New Plymouth,2026,Fall,7,1,1,1,0,0,0
Central Washington University,WA,CA,San Francisco,2026,Fall,6,5,5,5,0,0,0
Central Washington University,WA,WA,Evans,2025,Fall,6,0,0,0,0,0,0
Central Washington University,WA,MT,Anaconda,2025,Fall,6,0,0,0,0,0,0
Central Washington University,WA,OR,Central Point,2026,Fall,6,2,2,2,1,1,1
Central Washington University,WA,CO,Colorado Springs,2026,Fall,6,6,3,2,0,0,0
Central Washington University,WA,UT,Sandy,2026,Fall,6,0,0,0,0,0,0
Central Washington University,WA,CA,Santa Barbara,2026,Fall,6,0,0,0,0,0,0
Central Washington University,WA,WA,Ilwaco,2024,Fall,6,1,1,1,1,0,1
Central Washington University,WA,WA,Orondo,2024,Fall,6,7,5,5,1,1,2
Central Washington University,WA,WA,Davenport,2025,Fall,6,1,1,1,1,1,1
Central Washington University,WA,MT,Laurel,2025,Fall,6,1,1,1,0,0,0
Central Washington University,WA,OR,Mcminnville,2025,Fall,6,3,3,3,0,0,0
Central Washington University,WA,TX,Fort Worth,2025,Fall,6,3,3,3,0,0,0
Central Washington University,WA,WA,Black Diamond,2024,Fall,6,9,9,7,3,3,3
Central Washington University,WA,WA,Malaga,2026,Fall,6,3,1,1,1,1,1
Central Washington University,WA,WA,White Swan,2026,Fall,6,15,13,8,4,4,4
Central Washington University,WA,WA,Fall City,2025,Fall,6,8,7,7,3,3,4
Central Washington University,WA,CA,Ontario,2026,Fall,6,0,0,0,0,0,0
Central Washington University,WA,AZ,Peoria,2026,Fall,6,2,1,1,1,1,1
Central Washington University,WA,CA,Burbank,2026,Fall,6,0,0,0,0,0,0
Central Washington University,WA,WA,Burbank,2024,Fall,6,3,2,2,1,1,1
Central Washington University,WA,OH,Cincinnati,2026,Fall,6,0,0,0,0,0,0
Central Washington University,WA,MT,Manhattan,2026,Fall,6,0,0,0,0,0,0
Central Washington University,WA,MT,Deer Lodge,2025,Fall,6,0,0,0,0,0,0
Central Washington University,WA,WA,Greenbank,2025,Fall,6,0,0,0,0,0,0
Central Washington University,WA,CA,San Jose,2026,Fall,6,2,2,2,1,1,1
Central Washington University,WA,WA,Mccleary,2026,Fall,6,1,1,0,0,0,0
Central Washington University,WA,CA,San Marino,2026,Fall,6,1,1,1,0,0,0
Central Washington University,WA,WA,Peshastin,2026,Fall,6,6,6,6,0,0,0
Central Washington University,WA,OR,Lake Oswego,2026,Fall,6,0,0,0,0,0,0
Central Washington University,WA,CA,Moreno Valley,2026,Fall,6,1,0,0,0,0,0
Central Washington University,WA,CA,Fresno,2025,Fall,6,2,1,1,0,0,0
Central Washington University,WA,WA,Mossyrock,2024,Fall,6,1,1,0,0,0,0
Central Washington University,WA,CA,Eastvale,2026,Fall,6,0,0,0,0,0,0
Central Washington University,WA,WA,Forks,2024,Fall,6,4,4,4,4,3,4
Central Washington University,WA,WA,Greenacres,2025,Fall,6,2,2,2,1,1,1
Central Washington University,WA,ID,Emmett,2025,Fall,6,0,0,0,0,0,0
Central Washington University,WA,OR,Central Point,2024,Fall,6,1,1,1,1,1,1
Central Washington University,WA,CA,N Hollywood,2026,Fall,6,0,0,0,0,0,0
Central Washington University,WA,WA,Orondo,2026,Fall,6,3,3,3,2,2,2
Central Washington University,WA,ID,Wilder,2026,Fall,6,0,0,0,0,0,0
Central Washington University,WA,CA,San Fernando,2026,Fall,6,0,0,0,0,0,0
Central Washington University,WA,HI,Kula,2025,Fall,6,2,2,1,0,0,0
Central Washington University,WA,WA,Asotin,2026,Fall,6,0,0,0,0,0,0
Central Washington University,WA,WA,Harrah,2024,Fall,6,7,6,5,2,1,2
Central Washington University,WA,MT,Stanford,2025,Fall,6,0,0,0,0,0,0
Central Washington University,WA,OR,Salem,2024,Fall,6,6,6,6,1,1,1
Central Washington University,WA,WA,Republic,2025,Fall,6,4,4,2,2,2,2
Central Washington University,WA,CA,Sacramento,2025,Fall,6,2,2,2,0,0,0
Central Washington University,WA,HI,Eleele,2026,Fall,6,0,0,0,0,0,0
Central Washington University,WA,CO,Longmont,2026,Fall,6,1,1,1,0,0,0
Central Washington University,WA,WA,Stevenson,2026,Fall,6,4,4,4,1,1,2
Central Washington University,WA,HI,Kailua Kona,2024,Fall,6,4,3,2,1,0,1
Central Washington University,WA,CA,South Gate,2026,Fall,6,0,0,0,0,0,0
Central Washington University,WA,WA,Roslyn,2025,Fall,6,6,4,2,2,2,2
Central Washington University,WA,AZ,Gilbert,2026,Fall,6,4,3,2,1,1,1
Central Washington University,WA,ID,Sandpoint,2025,Fall,6,4,3,2,0,0,0
Central Washington University,WA,OR,Lake Oswego,2024,Fall,6,3,3,3,0,0,0
Central Washington University,WA,CA,Panorama City,2025,Fall,6,0,0,0,0,0,0
Central Washington University,WA,WA,Lewis Mcchord,2026,Fall,6,1,1,1,1,1,1
Central Washington University,WA,WA,Sultan,2024,Fall,6,10,9,9,3,3,3
Central Washington University,WA,WA,Normandy Park,2026,Fall,6,9,9,9,2,2,2
Central Washington University,WA,WA,Peshastin,2024,Fall,6,11,11,10,2,2,2
Central Washington University,WA,WA,Fall City,2024,Fall,6,8,7,7,1,1,1
Central Washington University,WA,WA,Camano Island,2025,Fall,6,3,3,3,2,2,2
Central Washington University,WA,WA,Napavine,2025,Fall,6,0,0,0,0,0,0
Central Washington University,WA,NV,N Las Vegas,2024,Fall,6,4,4,4,0,0,0
Central Washington University,WA,WA,Harrington,2026,Fall,6,1,1,1,0,0,0
Central Washington University,WA,WA,Pacific,2024,Fall,6,10,9,5,1,1,1
Central Washington University,WA,OR,Tualatin,2026,Fall,6,1,1,1,0,0,0
Central Washington University,WA,ID,Coeur D Alene,2025,Fall,6,6,5,5,0,0,0
Central Washington University,WA,HI,Kekaha,2025,Fall,6,1,0,0,0,0,0
Central Washington University,WA,WA,Goldendale,2026,Fall,6,6,4,4,2,2,2
Central Washington University,WA,OR,Happy Valley,2024,Fall,6,3,3,3,1,0,1
Central Washington University,WA,CA,Adelanto,2026,Fall,6,1,1,1,0,0,0
Central Washington University,WA,WA,Carnation,2025,Fall,6,11,11,11,2,0,3
Central Washington University,WA,MT,Hamilton,2025,Fall,6,0,0,0,0,0,0
Central Washington University,WA,CA,Northridge,2025,Fall,6,0,0,0,0,0,0
Central Washington University,WA,CO,Hghlnds Ranch,2025,Fall,6,0,0,0,0,0,0
Central Washington University,WA,WA,Steilacoom,2024,Fall,6,7,6,6,0,0,0
Central Washington University,WA,ID,Homedale,2026,Fall,6,0,0,0,0,0,0
Central Washington University,WA,WA,Olalla,2026,Fall,6,5,5,4,1,1,1
Central Washington University,WA,NE,Omaha,2026,Fall,6,1,0,0,0,0,0
Central Washington University,WA,OR,Gresham,2024,Fall,6,5,4,4,1,1,2
Central Washington University,WA,WA,Dallesport,2026,Fall,6,0,0,0,0,0,0
Central Washington University,WA,ID,Moscow,2026,Fall,6,3,2,2,0,0,0
Central Washington University,WA,OR,Creswell,2024,Fall,6,0,0,0,0,0,0
Central Washington University,WA,HI,Wailuku,2024,Fall,6,7,6,5,1,1,1
Central Washington University,WA,WA,Custer,2026,Fall,6,1,1,1,0,0,0
Central Washington University,WA,OR,West Linn,2025,Fall,6,3,3,3,2,1,2
Central Washington University,WA,WA,Randle,2025,Fall,6,2,2,2,0,0,0
Central Washington University,WA,OR,Albany,2026,Fall,6,1,1,1,0,0,0
Central Washington University,WA,WA,Hoquiam,2026,Fall,6,13,12,10,4,4,4
Central Washington University,WA,WA,Wilbur,2025,Fall,6,2,1,1,1,0,1
Central Washington University,WA,WA,Bingen,2026,Fall,6,2,2,2,1,1,1
Central Washington University,WA,WA,Coulee City,2026,Fall,6,4,3,3,2,2,2
Central Washington University,WA,WA,Leavenworth,2024,Fall,6,15,11,8,2,2,2
Central Washington University,WA,CO,Castle Rock,2025,Fall,6,0,0,0,0,0,0
Central Washington University,WA,CA,Oakland,2026,Fall,6,0,0,0,0,0,0
Central Washington University,WA,WA,Wilbur,2024,Fall,6,1,1,0,0,0,0
Central Washington University,WA,OK,Oklahoma City,2026,Fall,6,1,0,0,0,0,0
Central Washington University,WA,CA,Bell Gardens,2026,Fall,6,1,0,0,0,0,0
Central Washington University,WA,WA,Pacific,2026,Fall,6,5,3,1,0,0,0
Central Washington University,WA,WA,Mesa,2024,Fall,6,8,6,6,0,0,0
Central Washington University,WA,HI,Waianae,2024,Fall,6,2,1,0,0,0,0
Central Washington University,WA,WA,Cosmopolis,2026,Fall,6,4,3,2,1,1,1
Central Washington University,WA,OR,Saint Helens,2026,Fall,6,0,0,0,0,0,0
Central Washington University,WA,WA,Valleyford,2025,Fall,5,3,3,3,1,0,1
Central Washington University,WA,MI,Detroit,2026,Fall,5,5,5,4,1,1,1
Central Washington University,WA,CO,Colorado Spgs,2024,Fall,5,4,3,3,1,1,1
Central Washington University,WA,WA,Union,2025,Fall,5,3,3,2,1,1,1
Central Washington University,WA,WA,Trout Lake,2024,Fall,5,4,2,2,0,0,0
Central Washington University,WA,ID,Middleton,2025,Fall,5,3,2,1,0,0,0
Central Washington University,WA,CA,Rch Cucamonga,2025,Fall,5,0,0,0,0,0,0
Central Washington University,WA,OR,Redmond,2024,Fall,5,4,4,4,0,0,0
Central Washington University,WA,WA,Kingston,2024,Fall,5,5,5,4,3,2,3
Central Washington University,WA,CA,Encino,2026,Fall,5,1,1,1,0,0,0
Central Washington University,WA,OR,Milwaukie,2025,Fall,5,1,1,1,0,0,0
Central Washington University,WA,WA,Ione,2025,Fall,5,0,0,0,0,0,0
Central Washington University,WA,CA,Carlsbad,2025,Fall,5,4,3,3,0,0,0
Central Washington University,WA,PA,Philadelphia,2026,Fall,5,4,4,0,0,0,0
Central Washington University,WA,WA,Algona,2026,Fall,5,3,3,2,1,1,1
Central Washington University,WA,OR,Woodburn,2025,Fall,5,0,0,0,0,0,0
Central Washington University,WA,CA,La Puente,2025,Fall,5,1,1,1,0,0,0
Central Washington University,WA,MT,Great Falls,2024,Fall,5,1,1,1,0,0,0
Central Washington University,WA,MD,Silver Spring,2025,Fall,5,4,4,4,0,0,0
Central Washington University,WA,WA,Brier,2025,Fall,5,3,3,3,1,1,1
Central Washington University,WA,WA,Maple Falls,2026,Fall,5,3,2,2,0,0,0
Central Washington University,WA,WA,Spokane Valley,2024,Fall,5,1,0,0,0,0,0
Central Washington University,WA,WA,Mccleary,2025,Fall,5,2,1,1,1,1,1
Central Washington University,WA,CA,Brea,2026,Fall,5,0,0,0,0,0,0
Central Washington University,WA,UT,West Jordan,2025,Fall,5,0,0,0,0,0,0
Central Washington University,WA,WA,Dayton,2024,Fall,5,2,1,1,0,0,0
Central Washington University,WA,CA,Glendora,2025,Fall,5,0,0,0,0,0,0
Central Washington University,WA,OR,Corvallis,2025,Fall,5,3,3,3,0,0,0
Central Washington University,WA,HI,Kailua,2024,Fall,5,5,5,5,1,1,1
Central Washington University,WA,OR,Myrtle Creek,2025,Fall,5,1,1,0,0,0,0
Central Washington University,WA,CA,Costa Mesa,2025,Fall,5,1,1,1,0,0,0
Central Washington University,WA,WA,Buena,2025,Fall,5,5,5,5,2,2,2
Central Washington University,WA,ID,Rathdrum,2026,Fall,5,1,1,1,1,1,1
Central Washington University,WA,MT,Manhattan,2025,Fall,5,1,0,0,0,0,0
Central Washington University,WA,WA,Coulee Dam,2026,Fall,5,3,2,1,0,0,0
Central Washington University,WA,CA,Irvine,2025,Fall,5,2,2,2,0,0,0
Central Washington University,WA,CA,Rch Cucamonga,2026,Fall,5,0,0,0,0,0,0
Central Washington University,WA,CA,Jurupa Valley,2024,Fall,5,2,1,1,0,0,0
Central Washington University,WA,WA,Ocean Shores,2025,Fall,5,2,2,1,0,0,0
Central Washington University,WA,Lagos,Lagos,2024,Fall,5,1,0,0,0,0,0
Central Washington University,WA,OR,Grants Pass,2024,Fall,5,0,0,0,0,0,0
Central Washington University,WA,WA,Roslyn,2024,Fall,5,6,5,5,1,1,2
Central Washington University,WA,CA,Mission Viejo,2024,Fall,5,0,0,0,0,0,0
Central Washington University,WA,WA,Vaughn,2024,Fall,5,3,2,1,1,1,1
Central Washington University,WA,AZ,Gilbert,2024,Fall,5,6,5,4,1,1,1
Central Washington University,WA,WA,Port Hadlock,2026,Fall,5,2,1,0,0,0,0
Central Washington University,WA,CA,Lomita,2026,Fall,5,0,0,0,0,0,0
Central Washington University,WA,WA,Mckenna,2026,Fall,5,3,2,2,1,1,1
Central Washington University,WA,CA,Santa Monica,2026,Fall,5,3,3,3,0,0,0
Central Washington University,WA,TX,Frisco,2026,Fall,5,1,1,1,0,0,0
Central Washington University,WA,CA,Orange,2026,Fall,5,2,2,2,0,0,0
Central Washington University,WA,WA,Peshastin,2025,Fall,5,6,5,5,1,1,1
Central Washington University,WA,MT,Dillon,2025,Fall,5,1,1,1,0,0,0
Central Washington University,WA,HI,Wahiawa,2024,Fall,5,2,0,0,0,0,0
Central Washington University,WA,CA,Torrance,2025,Fall,5,2,2,2,0,0,0
Central Washington University,WA,OR,Roseburg,2024,Fall,5,1,1,1,0,0,0
Central Washington University,WA,TX,Conroe,2024,Fall,5,0,0,0,0,0,0
Central Washington University,WA,CA,Apple Valley,2025,Fall,5,0,0,0,0,0,0
Central Washington University,WA,CO,Parker,2024,Fall,5,3,3,3,1,1,2
Central Washington University,WA,WA,Kittitas,2024,Fall,5,3,1,1,1,1,1
Central Washington University,WA,CA,Simi Valley,2026,Fall,5,1,0,0,0,0,0
Central Washington University,WA,AK,Palmer,2024,Fall,5,2,2,2,0,0,0
Central Washington University,WA,WA,Ocean Park,2025,Fall,5,2,2,1,1,1,1
Central Washington University,WA,AK,Wasilla,2024,Fall,5,3,3,3,2,2,2
Central Washington University,WA,CA,Oakland,2025,Fall,5,1,1,1,0,0,0
Central Washington University,WA,CA,San Marcos,2026,Fall,5,0,0,0,0,0,0
Central Washington University,WA,WA,Springdale,2026,Fall,5,2,1,1,0,0,0
Central Washington University,WA,OR,White City,2026,Fall,5,0,0,0,0,0,0
Central Washington University,WA,OR,Hood River,2025,Fall,5,5,4,4,1,1,1
Central Washington University,WA,WA,Chattaroy,2024,Fall,5,5,4,4,0,0,0
Central Washington University,WA,MD,Silver Spring,2026,Fall,5,0,0,0,0,0,0
Central Washington University,WA,CO,Parker,2026,Fall,5,2,2,2,0,0,0
Central Washington University,WA,WA,Normandy Park,2025,Fall,5,6,6,6,1,1,1
Central Washington University,WA,ID,Rigby,2026,Fall,5,2,2,2,0,0,0
Central Washington University,WA,WA,Clarkston,2025,Fall,5,8,4,4,1,1,2
Central Washington University,WA,OR,Creswell,2026,Fall,5,0,0,0,0,0,0
Central Washington University,WA,ID,Star,2026,Fall,5,1,1,1,1,1,1
Central Washington University,WA,WA,Freeland,2026,Fall,5,6,4,3,1,1,1
Central Washington University,WA,Tashkent,Tashkent,2024,Fall,5,2,0,0,0,0,0
Central Washington University,WA,LA,Baton Rouge,2026,Fall,5,0,0,0,0,0,0
Central Washington University,WA,MD,Laurel,2026,Fall,5,0,0,0,0,0,0
Central Washington University,WA,AZ,Tucson,2024,Fall,5,3,3,2,0,0,0
Central Washington University,WA,TX,Katy,2024,Fall,5,0,0,0,0,0,0
Central Washington University,WA,ID,New Plymouth,2025,Fall,5,0,0,0,0,0,0
Central Washington University,WA,HI,Koloa,2025,Fall,5,0,0,0,0,0,0
Central Washington University,WA,WA,Tulalip,2024,Fall,5,6,5,5,2,1,2
Central Washington University,WA,AK,Palmer,2026,Fall,5,4,3,3,1,1,1
Central Washington University,WA,HI,Waimea,2025,Fall,5,1,0,0,0,0,0
Central Washington University,WA,WA,Greenacres,2024,Fall,5,5,4,4,2,2,2
Central Washington University,WA,CA,El Cajon,2026,Fall,5,0,0,0,0,0,0
Central Washington University,WA,OR,Hood River,2026,Fall,5,6,4,4,0,0,0
Central Washington University,WA,CA,Cerritos,2026,Fall,5,1,0,0,0,0,0
Central Washington University,WA,UT,Orem,2026,Fall,5,0,0,0,0,0,0
Central Washington University,WA,OR,Canby,2025,Fall,5,1,1,1,0,0,0
Central Washington University,WA,CA,Corona,2025,Fall,5,1,1,1,0,0,0
Central Washington University,WA,WA,Veradale,2026,Fall,5,2,1,1,0,0,0
Central Washington University,WA,CA,San Marino,2025,Fall,5,0,0,0,0,0,0
Central Washington University,WA,ID,Mountain Home,2025,Fall,5,0,0,0,0,0,0
Central Washington University,WA,WA,Nine Mile Fls,2026,Fall,5,4,4,4,0,0,0
Central Washington University,WA,IL,Chicago,2025,Fall,5,3,2,2,0,0,0
Central Washington University,WA,CA,Chula Vista,2025,Fall,5,0,0,0,0,0,0
Central Washington University,WA,CA,Northridge,2026,Fall,5,0,0,0,0,0,0
Central Washington University,WA,CA,Santa Maria,2026,Fall,5,0,0,0,0,0,0
Central Washington University,WA,MT,Columbia Fls,2026,Fall,5,0,0,0,0,0,0
Central Washington University,WA,WA,Ronald,2026,Fall,5,1,1,1,0,0,0
Central Washington University,WA,TX,El Paso,2025,Fall,5,1,1,1,0,0,0
Central Washington University,WA,AZ,Mesa,2024,Fall,5,6,4,3,1,1,1
Central Washington University,WA,OR,Amity,2026,Fall,5,0,0,0,0,0,0
Central Washington University,WA,CA,West Covina,2026,Fall,5,0,0,0,0,0,0
Central Washington University,WA,WA,Bainbridge Island,2025,Fall,5,2,2,2,2,1,2
Central Washington University,WA,WA,Carbonado,2026,Fall,5,1,1,1,0,0,0
Central Washington University,WA,CA,Brea,2025,Fall,5,2,2,2,0,0,0
Central Washington University,WA,MT,Missoula,2024,Fall,5,5,5,5,2,2,2
Central Washington University,WA,CA,Paso Robles,2026,Fall,5,1,1,1,0,0,0
Central Washington University,WA,WA,Rock Island,2025,Fall,5,4,2,2,0,0,0
Central Washington University,WA,OR,White City,2024,Fall,5,1,0,0,0,0,0
Central Washington University,WA,CA,Fontana,2025,Fall,5,0,0,0,0,0,0
Central Washington University,WA,ID,Lewiston,2025,Fall,5,1,1,1,1,0,1
Central Washington University,WA,CA,Pasadena,2025,Fall,5,3,3,3,0,0,0
Central Washington University,WA,WA,Cathlamet,2025,Fall,5,2,2,2,1,1,1
Central Washington University,WA,WA,Brier,2026,Fall,5,2,2,2,0,0,0
Central Washington University,WA,CA,Glendora,2026,Fall,5,0,0,0,0,0,0
Central Washington University,WA,WA,Hansville,2026,Fall,5,0,0,0,0,0,0
Central Washington University,WA,HI,Makawao,2024,Fall,5,4,4,4,1,0,1
Central Washington University,WA,CA,Mission Viejo,2026,Fall,5,2,2,2,1,1,1
Central Washington University,WA,OR,Milton Frwtr,2025,Fall,5,0,0,0,0,0,0
Central Washington University,WA,MT,Arlee,2024,Fall,5,0,0,0,0,0,0
Central Washington University,WA,HI,Kalaheo,2026,Fall,5,0,0,0,0,0,0
Central Washington University,WA,FL,Orlando,2026,Fall,5,1,1,1,0,0,0
Central Washington University,WA,HI,Waialua,2026,Fall,5,0,0,0,0,0,0
Central Washington University,WA,CA,Murrieta,2026,Fall,5,1,0,0,0,0,0
Central Washington University,WA,WA,Twisp,2024,Fall,5,3,3,3,1,0,1
Central Washington University,WA,WA,Fairchild Afb,2024,Fall,5,1,1,1,0,0,0
Central Washington University,WA,OR,Damascus,2025,Fall,5,2,1,1,0,0,0
Central Washington University,WA,WA,Westport,2024,Fall,5,2,2,2,0,0,0
Central Washington University,WA,OR,Damascus,2026,Fall,5,1,0,0,0,0,0
Central Washington University,WA,CA,Lakewood,2025,Fall,5,0,0,0,0,0,0
Central Washington University,WA,WA,Deming,2026,Fall,5,4,4,3,0,0,0
Central Washington University,WA,WA,Yacolt,2025,Fall,5,2,2,2,1,0,1
Central Washington University,WA,CO,Aurora,2024,Fall,5,4,4,4,2,1,2
Central Washington University,WA,UT,Salt Lake Cty,2026,Fall,5,0,0,0,0,0,0
Central Washington University,WA,WA,Valley,2026,Fall,5,0,0,0,0,0,0
Central Washington University,WA,CO,Golden,2026,Fall,5,2,2,2,0,0,0
Central Washington University,WA,LA,Baton Rouge,2025,Fall,5,0,0,0,0,0,0
Central Washington University,WA,MT,Polson,2025,Fall,5,0,0,0,0,0,0
Central Washington University,WA,TX,Laredo,2026,Fall,5,2,2,1,0,0,0
Central Washington University,WA,CA,Escondido,2026,Fall,5,2,1,1,0,0,0
Central Washington University,WA,WA,Cathlamet,2024,Fall,5,4,3,3,1,1,1
Central Washington University,WA,GA,Atlanta,2026,Fall,5,2,2,2,0,0,0
Central Washington University,WA,WA,Prescott,2026,Fall,5,3,0,0,0,0,0
Central Washington University,WA,FL,Orlando,2025,Fall,5,0,0,0,0,0,0
Central Washington University,WA,HI,Honokaa,2026,Fall,5,1,1,1,0,0,1
Central Washington University,WA,CA,Arcadia,2025,Fall,5,2,2,1,0,0,0
Central Washington University,WA,WA,Ilwaco,2025,Fall,4,1,1,1,1,1,1
Central Washington University,WA,ID,Ammon,2026,Fall,4,2,1,0,0,0,0
Central Washington University,WA,WA,Eltopia,2024,Fall,4,3,1,1,0,0,0
Central Washington University,WA,MT,Browning,2024,Fall,4,0,0,0,0,0,0
Central Washington University,WA,FL,Kissimmee,2025,Fall,4,0,0,0,0,0,0
Central Washington University,WA,CA,Monrovia,2026,Fall,4,0,0,0,0,0,0
Central Washington University,WA,NM,Santa Fe,2024,Fall,4,4,4,4,1,0,1
Central Washington University,WA,CA,Mission Hills,2025,Fall,4,0,0,0,0,0,0
Central Washington University,WA,OK,Tulsa,2026,Fall,4,0,0,0,0,0,0
Central Washington University,WA,WA,Eastsound,2026,Fall,4,2,2,2,0,0,0
Central Washington University,WA,CA,Whittier,2025,Fall,4,1,1,1,0,0,0
Central Washington University,WA,WA,Longbranch,2026,Fall,4,1,1,1,1,1,1
Central Washington University,WA,WA,Newport,2025,Fall,4,1,1,0,0,0,0
Central Washington University,WA,Nairobi,Nairobi,2024,Fall,4,0,0,0,0,0,0
Central Washington University,WA,WA,Clyde Hill,2024,Fall,4,3,3,2,2,2,2
Central Washington University,WA,CO,Hghlnds Ranch,2026,Fall,4,2,2,2,0,0,0
Central Washington University,WA,CO,Peyton,2026,Fall,4,0,0,0,0,0,0
Central Washington University,WA,CO,Hghlnds Ranch,2024,Fall,4,4,4,4,1,1,1
Central Washington University,WA,WA,Rockford,2025,Fall,4,1,1,1,0,0,0
Central Washington University,WA,WA,Concrete,2025,Fall,4,1,0,0,0,0,0
Central Washington University,WA,OR,Forest Grove,2026,Fall,4,2,2,2,1,1,1
Central Washington University,WA,AK,North Pole,2026,Fall,4,1,1,1,0,0,0
Central Washington University,WA,OR,Hermiston,2025,Fall,4,5,4,4,1,1,1
Central Washington University,WA,AZ,Chandler,2024,Fall,4,2,2,2,1,1,1
Central Washington University,WA,CA,Spring Valley,2026,Fall,4,0,0,0,0,0,0
Central Washington University,WA,MT,Ennis,2026,Fall,4,0,0,0,0,0,0
Central Washington University,WA,OR,Corvallis,2026,Fall,4,0,0,0,0,0,0
Central Washington University,WA,CA,Chula Vista,2024,Fall,4,2,2,2,0,0,0
Central Washington University,WA,TN,Memphis,2026,Fall,4,0,0,0,0,0,0
Central Washington University,WA,NE,Omaha,2025,Fall,4,2,2,2,1,1,1
Central Washington University,WA,MT,Whitefish,2026,Fall,4,0,0,0,0,0,0
Central Washington University,WA,WA,Bingen,2025,Fall,4,2,2,2,0,0,0
Central Washington University,WA,WA,Prescott,2025,Fall,4,2,2,2,0,0,0
Central Washington University,WA,WA,Orondo,2025,Fall,4,1,0,0,0,0,0
Central Washington University,WA,UT,Draper,2025,Fall,4,1,0,0,0,0,0
Central Washington University,WA,AE,APO,2025,Fall,4,0,0,0,0,0,0
Central Washington University,WA,WA,Malo,2026,Fall,4,0,0,0,0,0,0
Central Washington University,WA,WA,Indianola,2025,Fall,4,2,2,2,0,0,0
Central Washington University,WA,HI,Kaneohe,2024,Fall,4,10,6,5,1,1,1
Central Washington University,WA,WA,Stevenson,2024,Fall,4,9,7,7,2,1,2
Central Washington University,WA,WA,Curlew,2025,Fall,4,1,0,0,0,0,0
Central Washington University,WA,WA,Mead,2024,Fall,4,6,6,5,2,2,2
Central Washington University,WA,WA,Buena,2024,Fall,4,3,3,2,0,0,0
Central Washington University,WA,HI,Holualoa,2025,Fall,4,0,0,0,0,0,0
Central Washington University,WA,CA,Pomona,2024,Fall,4,0,0,0,0,0,0
Central Washington University,WA,OR,Albany,2024,Fall,4,1,1,1,0,0,0
Central Washington University,WA,TX,Arlington,2025,Fall,4,2,2,2,0,0,0
Central Washington University,WA,WA,Lind,2025,Fall,4,2,1,1,0,0,0
Central Washington University,WA,CA,Sylmar,2025,Fall,4,1,1,1,0,0,0
Central Washington University,WA,WA,Coulee City,2025,Fall,4,0,0,0,0,0,0
Central Washington University,WA,WA,Carbonado,2025,Fall,4,4,3,3,1,1,1
Central Washington University,WA,TX,Allen,2024,Fall,4,1,1,1,0,0,0
Central Washington University,WA,CA,Ventura,2024,Fall,4,1,1,1,1,0,1
Central Washington University,WA,CO,Erie,2026,Fall,4,1,1,1,0,0,0
Central Washington University,WA,CA,Danville,2024,Fall,4,2,2,2,0,0,0
Central Washington University,WA,CA,Montclair,2026,Fall,4,0,0,0,0,0,0
Central Washington University,WA,MN,Saint Paul,2026,Fall,4,3,3,3,1,1,1
Central Washington University,WA,NV,North Las Vegas,2026,Fall,4,1,1,0,0,0,0
Central Washington University,WA,OR,Milwaukie,2024,Fall,4,1,1,0,0,0,0
Central Washington University,WA,MN,Minneapolis,2024,Fall,4,7,6,5,1,0,1
Central Washington University,WA,WA,Morton,2025,Fall,4,3,1,1,0,0,1
Central Washington University,WA,OR,Medford,2025,Fall,4,1,1,1,0,0,0
Central Washington University,WA,WA,Malaga,2025,Fall,4,5,3,3,0,0,0
Central Washington University,WA,WA,Tenino,2026,Fall,4,4,3,2,1,1,1
Central Washington University,WA,WA,Wauna,2026,Fall,4,1,1,0,0,0,0
Central Washington University,WA,HI,Haleiwa,2025,Fall,4,0,0,0,0,0,0
Central Washington University,WA,OR,Vale,2024,Fall,4,2,1,0,0,0,0
Central Washington University,WA,CO,Centennial,2026,Fall,4,1,1,1,1,1,1
Central Washington University,WA,HI,Captain Cook,2025,Fall,4,1,1,1,0,0,0
Central Washington University,WA,HI,Haiku,2026,Fall,4,0,0,0,0,0,0
Central Washington University,WA,HI,Pahoa,2025,Fall,4,0,0,0,0,0,0
Central Washington University,WA,WA,Olalla,2025,Fall,4,1,1,1,0,0,0
Central Washington University,WA,UT,Layton,2026,Fall,4,0,0,0,0,0,0
Central Washington University,WA,CA,Hesperia,2025,Fall,4,0,0,0,0,0,0
Central Washington University,WA,WA,Fairfield,2026,Fall,4,0,0,0,0,0,0
Central Washington University,WA,CA,Covina,2026,Fall,4,0,0,0,0,0,0
Central Washington University,WA,WA,Lake Forest Park,2025,Fall,4,4,4,4,1,1,2
Central Washington University,WA,OR,Wilsonville,2025,Fall,4,3,3,2,0,0,1
Central Washington University,WA,CA,Lawndale,2025,Fall,4,0,0,0,0,0,0
Central Washington University,WA,WA,Cowiche,2025,Fall,4,3,1,1,0,0,0
Central Washington University,WA,UT,Syracuse,2026,Fall,4,0,0,0,0,0,0
Central Washington University,WA,WA,Glenwood,2025,Fall,4,0,0,0,0,0,0
Central Washington University,WA,NM,Rio Rancho,2025,Fall,4,0,0,0,0,0,0
Central Washington University,WA,NM,Rio Rancho,2026,Fall,4,1,1,1,0,0,0
Central Washington University,WA,OR,Milwaukie,2026,Fall,4,2,2,2,0,0,0
Central Washington University,WA,WA,Elk,2026,Fall,4,2,2,1,1,1,1
Central Washington University,WA,WA,Mckenna,2025,Fall,4,1,1,1,0,0,1
Central Washington University,WA,TX,Richmond,2026,Fall,4,0,0,0,0,0,0
Central Washington University,WA,WA,White Swan,2024,Fall,4,1,0,0,0,0,0
Central Washington University,WA,WA,Ravensdale,2024,Fall,4,2,2,2,0,0,0
Central Washington University,WA,WA,Fairchild Afb,2025,Fall,4,0,0,0,0,0,0
Central Washington University,WA,ID,Parma,2024,Fall,4,2,1,1,0,0,0
Central Washington University,WA,CA,Manhattan Bch,2026,Fall,4,1,1,1,0,0,0
Central Washington University,WA,AK,Eagle River,2025,Fall,4,0,0,0,0,0,0
Central Washington University,WA,CA,Pico Rivera,2026,Fall,4,4,3,3,1,0,1
Central Washington University,WA,CA,San Clemente,2024,Fall,4,1,1,1,0,0,0
Central Washington University,WA,Addis Ababa,Addis Ababa,2024,Fall,4,5,3,0,0,0,0
Central Washington University,WA,WA,Langley,2026,Fall,4,0,0,0,0,0,0
Central Washington University,WA,WA,Easton,2025,Fall,4,0,0,0,0,0,0
Central Washington University,WA,AK,Fairbanks,2024,Fall,4,4,2,2,0,0,0
Central Washington University,WA,CO,Centennial,2025,Fall,4,2,2,2,0,0,0
Central Washington University,WA,WA,Dayton,2026,Fall,4,0,0,0,0,0,0
Central Washington University,WA,WA,Camano Island,2024,Fall,4,4,3,3,1,1,1
Central Washington University,WA,OR,West Linn,2024,Fall,4,5,4,4,1,1,1
Central Washington University,WA,MT,Bozeman,2024,Fall,4,4,4,3,1,1,1
Central Washington University,WA,HI,Kalaheo,2024,Fall,4,0,0,0,0,0,0
Central Washington University,WA,TX,Mission,2026,Fall,4,1,1,1,0,0,0
Central Washington University,WA,WA,Saint John,2025,Fall,4,1,0,0,0,0,0
Central Washington University,WA,CA,Temecula,2026,Fall,4,0,0,0,0,0,0
Central Washington University,WA,MT,W Yellowstone,2026,Fall,4,0,0,0,0,0,0
Central Washington University,WA,WA,Easton,2026,Fall,4,2,2,2,2,1,2
Central Washington University,WA,CO,Boulder,2026,Fall,4,1,1,1,0,0,0
Central Washington University,WA,AZ,Maricopa,2026,Fall,4,0,0,0,0,0,0
Central Washington University,WA,OR,Madras,2025,Fall,4,0,0,0,0,0,0
Central Washington University,WA,HI,Aiea,2024,Fall,4,8,5,4,1,1,1
Central Washington University,WA,CO,Arvada,2024,Fall,4,2,2,2,0,0,0
Central Washington University,WA,WA,Long Beach,2026,Fall,4,2,1,1,0,0,0
Central Washington University,WA,WA,Rock Island,2026,Fall,4,3,1,1,0,0,0
Central Washington University,WA,CO,Littleton,2024,Fall,4,6,5,5,1,0,1
Central Washington University,WA,CA,Azusa,2026,Fall,4,0,0,0,0,0,0
Central Washington University,WA,TX,Mckinney,2025,Fall,4,1,1,0,0,0,0
Central Washington University,WA,WA,Silverlake,2025,Fall,4,1,1,1,0,0,1
Central Washington University,WA,OR,Turner,2026,Fall,4,1,1,1,1,1,1
Central Washington University,WA,WA,Ocean Park,2024,Fall,4,5,5,4,0,0,0
Central Washington University,WA,WA,Burbank,2025,Fall,4,4,2,2,0,0,0
Central Washington University,WA,WA,Easton,2024,Fall,4,2,2,2,2,2,2
Central Washington University,WA,WA,Dryden,2026,Fall,4,3,3,3,0,0,0
Central Washington University,WA,WA,Cowiche,2024,Fall,4,3,3,2,1,0,1
Central Washington University,WA,CO,Littleton,2025,Fall,4,3,2,2,0,0,0
Central Washington University,WA,ID,Homedale,2024,Fall,4,0,0,0,0,0,0
Central Washington University,WA,WA,Clyde Hill,2025,Fall,4,3,3,3,1,1,1
Central Washington University,WA,CO,Fort Collins,2025,Fall,4,6,5,5,1,1,1
Central Washington University,WA,CA,Huntingtn Bch,2025,Fall,4,2,2,2,0,0,0
Central Washington University,WA,HI,Waikoloa,2026,Fall,4,1,0,0,0,0,0
Central Washington University,WA,CA,Montebello,2025,Fall,4,0,0,0,0,0,0
Central Washington University,WA,ID,Payette,2025,Fall,4,0,0,0,0,0,0
Central Washington University,WA,WA,Airway Hgts,2024,Fall,4,3,3,3,1,1,1
Central Washington University,WA,WA,Ruston,2024,Fall,4,2,2,2,0,0,0
Central Washington University,WA,CA,Carson,2025,Fall,4,0,0,0,0,0,0
Central Washington University,WA,CA,Porter Ranch,2025,Fall,4,0,0,0,0,0,0
Central Washington University,WA,CA,Riverside,2024,Fall,4,0,0,0,0,0,0
Central Washington University,WA,MT,Dillon,2024,Fall,4,0,0,0,0,0,0
Central Washington University,WA,WA,Longbranch,2025,Fall,4,2,2,2,1,1,1
Central Washington University,WA,WA,Springdale,2024,Fall,4,2,2,2,0,0,0
Central Washington University,WA,TX,Spring,2025,Fall,4,2,1,1,0,0,0
Central Washington University,WA,WA,Wilkeson,2025,Fall,4,1,1,1,0,0,0
Central Washington University,WA,NY,Brooklyn,2025,Fall,4,4,4,3,0,0,0
Central Washington University,WA,ID,Twin Falls,2026,Fall,4,1,1,1,0,0,0
Central Washington University,WA,Punjab,Lahore,2024,Fall,4,0,0,0,0,0,0
Central Washington University,WA,IN,Indianapolis,2026,Fall,4,0,0,0,0,0,0
Central Washington University,WA,ID,Middleton,2026,Fall,4,0,0,0,0,0,0
Central Washington University,WA,MT,Butte,2025,Fall,4,0,0,0,0,0,0
Central Washington University,WA,WA,Sumner,2024,Fall,4,10,9,9,3,1,3
Central Washington University,WA,TX,Dallas,2026,Fall,4,3,2,2,0,0,0
Central Washington University,WA,MT,Ennis,2025,Fall,4,0,0,0,0,0,0
Central Washington University,WA,WA,Liberty Lake,2026,Fall,4,4,2,2,1,1,1
Central Washington University,WA,AZ,Surprise,2026,Fall,4,3,3,2,1,1,1
Central Washington University,WA,CA,Lynwood,2026,Fall,4,0,0,0,0,0,0
Central Washington University,WA,OR,Sandy,2026,Fall,4,1,1,1,0,0,0
Central Washington University,WA,CA,Downey,2026,Fall,4,0,0,0,0,0,0
Central Washington University,WA,WA,Sprague,2024,Fall,4,6,5,3,2,1,2
Central Washington University,WA,WA,Taholah,2026,Fall,4,1,0,0,0,0,0
Central Washington University,WA,HI,Waikoloa Village,2026,Fall,4,0,0,0,0,0,0
Central Washington University,WA,MS,Jackson,2026,Fall,4,0,0,0,0,0,0
Central Washington University,WA,MT,Bigfork,2025,Fall,4,0,0,0,0,0,0
Central Washington University,WA,SC,Laurens,2026,Fall,4,0,0,0,0,0,0
Central Washington University,WA,WA,Garfield,2026,Fall,4,0,0,0,0,0,0
Central Washington University,WA,WA,Granite Falls,2024,Fall,4,7,5,4,1,1,1
Central Washington University,WA,WA,Springdale,2025,Fall,4,1,0,0,0,0,0
Central Washington University,WA,CA,Lawndale,2026,Fall,4,0,0,0,0,0,0
Central Washington University,WA,KS,Wichita,2026,Fall,4,0,0,0,0,0,0
Central Washington University,WA,AZ,Yuma,2026,Fall,4,0,0,0,0,0,0
Central Washington University,WA,CA,Santa Rosa,2024,Fall,4,1,1,1,0,0,0
Central Washington University,WA,CA,La Crescenta,2026,Fall,4,0,0,0,0,0,0
Central Washington University,WA,WA,Hoquiam,2025,Fall,4,7,6,5,1,1,1
Central Washington University,WA,FL,Bradenton,2026,Fall,4,1,1,1,0,0,0
Central Washington University,WA,WA,Almira,2025,Fall,4,0,0,0,0,0,0
Central Washington University,WA,CA,E Los Angeles,2026,Fall,4,0,0,0,0,0,0
Central Washington University,WA,WA,Ruston,2026,Fall,4,0,0,0,0,0,0
Central Washington University,WA,MT,Fort Benton,2025,Fall,4,0,0,0,0,0,0
Central Washington University,WA,CA,Eureka,2025,Fall,4,0,0,0,0,0,0
Central Washington University,WA,AK,Jber,2026,Fall,4,0,0,0,0,0,0
Central Washington University,WA,NV,Reno,2025,Fall,4,2,2,2,0,0,0
Central Washington University,WA,WA,Evans,2026,Fall,4,3,2,2,0,0,0
Central Washington University,WA,UT,South Jordan,2026,Fall,4,1,1,1,0,0,0
Central Washington University,WA,CO,Broomfield,2026,Fall,4,0,0,0,0,0,0
Central Washington University,WA,WA,Newport,2024,Fall,4,6,2,2,1,1,1
Central Washington University,WA,HI,Hilo,2024,Fall,4,8,7,6,1,1,1
Central Washington University,WA,AK,Juneau,2024,Fall,4,4,4,3,0,0,0
Central Washington University,WA,CA,Studio City,2026,Fall,4,0,0,0,0,0,0
Central Washington University,WA,UT,Sandy,2025,Fall,3,3,3,1,0,0,0
Central Washington University,WA,AZ,Buckeye,2026,Fall,3,2,2,2,0,0,0
Central Washington University,WA,CA,Folsom,2026,Fall,3,1,0,0,0,0,0
Central Washington University,WA,CA,Mission Hills,2026,Fall,3,0,0,0,0,0,0
Central Washington University,WA,WA,Otis Orchards,2024,Fall,3,3,2,2,2,1,2
Central Washington University,WA,MT,Whitefish,2025,Fall,3,0,0,0,0,0,0
Central Washington University,WA,WA,Newman Lake,2024,Fall,3,4,4,4,2,2,2
Central Washington University,WA,NV,Incline Vlg,2025,Fall,3,3,3,3,1,1,1
Central Washington University,WA,HI,Laie,2025,Fall,3,1,1,1,0,0,0
Central Washington University,WA,TX,Mckinney,2026,Fall,3,1,0,0,0,0,0
Central Washington University,WA,WA,Colton,2026,Fall,3,0,0,0,0,0,0
Central Washington University,WA,CA,Fairfield,2025,Fall,3,0,0,0,0,0,0
Central Washington University,WA,WA,Clarkston,2024,Fall,3,4,4,4,2,2,2
Central Washington University,WA,WA,Eltopia,2025,Fall,3,1,1,1,0,0,0
Central Washington University,WA,WA,Greenbank,2026,Fall,3,2,2,2,0,0,0
Central Washington University,WA,WA,Mcchord Afb,2025,Fall,3,4,4,4,2,2,2
Central Washington University,WA,NY,Bronx,2025,Fall,3,3,3,2,0,0,0
Central Washington University,WA,WA,Tulalip,2026,Fall,3,2,2,2,1,0,1
Central Washington University,WA,AZ,San Luis,2026,Fall,3,0,0,0,0,0,0
Central Washington University,WA,OR,Eagle Point,2025,Fall,3,0,0,0,0,0,0
Central Washington University,WA,CA,Paso Robles,2025,Fall,3,0,0,0,0,0,0
Central Washington University,WA,CA,Irvine,2026,Fall,3,1,1,1,0,0,0
Central Washington University,WA,CA,Chatsworth,2025,Fall,3,1,1,1,0,0,0
Central Washington University,WA,WA,Airway Hgts,2025,Fall,3,0,0,0,0,0,0
Central Washington University,WA,MT,Roundup,2025,Fall,3,0,0,0,0,0,0
Central Washington University,WA,CA,Alhambra,2025,Fall,3,0,0,0,0,0,0
Central Washington University,WA,CA,Rosemead,2026,Fall,3,0,0,0,0,0,0
Central Washington University,WA,LA,New Orleans,2026,Fall,3,3,3,3,1,1,1
Central Washington University,WA,CA,Marina Dl Rey,2025,Fall,3,1,1,1,0,0,0
Central Washington University,WA,NY,Brooklyn,2026,Fall,3,5,5,3,0,0,0
Central Washington University,WA,OR,Oregon City,2024,Fall,3,2,1,1,0,0,0
Central Washington University,WA,WA,Endicott,2026,Fall,3,0,0,0,0,0,0
Central Washington University,WA,CA,Brentwood,2024,Fall,3,3,2,1,0,0,0
Central Washington University,WA,OH,Columbus,2026,Fall,3,0,0,0,0,0,0
Central Washington University,WA,WA,Electric City,2026,Fall,3,0,0,0,0,0,0
Central Washington University,WA,CA,Norco,2026,Fall,3,0,0,0,0,0,0
Central Washington University,WA,OR,Newberg,2024,Fall,3,1,1,1,1,1,1
Central Washington University,WA,NV,Reno,2024,Fall,3,4,3,3,1,1,1
Central Washington University,WA,OR,Port Orford,2025,Fall,3,0,0,0,0,0,0
Central Washington University,WA,MT,Arlee,2026,Fall,3,0,0,0,0,0,0
Central Washington University,WA,WA,Napavine,2024,Fall,3,2,1,1,1,1,1
Central Washington University,WA,CA,Walnut Creek,2024,Fall,3,4,4,4,0,0,0
Central Washington University,WA,CA,Garden Grove,2026,Fall,3,0,0,0,0,0,0
Central Washington University,WA,HI,Hauula,2026,Fall,3,0,0,0,0,0,0
Central Washington University,WA,WA,Mansfield,2024,Fall,3,1,1,1,1,1,1
Central Washington University,WA,ID,Sandpoint,2026,Fall,3,1,1,1,0,0,0
Central Washington University,WA,CA,Ventura,2026,Fall,3,1,1,1,0,0,0
Central Washington University,WA,WA,Paterson,2025,Fall,3,1,1,1,0,0,0
Central Washington University,WA,ID,Hailey,2026,Fall,3,0,0,0,0,0,0
Central Washington University,WA,OR,Canby,2026,Fall,3,0,0,0,0,0,0
Central Washington University,WA,WA,Ilwaco,2026,Fall,3,0,0,0,0,0,0
Central Washington University,WA,AZ,Avondale,2026,Fall,3,1,1,1,0,0,0
Central Washington University,WA,ID,Hayden,2026,Fall,3,1,0,0,0,0,0
Central Washington University,WA,OR,Oakridge,2026,Fall,3,0,0,0,0,0,0
Central Washington University,WA,WA,Loon Lake,2025,Fall,3,0,0,0,0,0,0
Central Washington University,WA,WA,Chimacum,2024,Fall,3,2,1,1,0,0,0
Central Washington University,WA,OR,Nyssa,2025,Fall,3,0,0,0,0,0,0
Central Washington University,WA,MN,Duluth,2026,Fall,3,0,0,0,0,0,0
Central Washington University,WA,WA,Hansville,2025,Fall,3,1,1,1,0,0,0
Central Washington University,WA,OR,Forest Grove,2025,Fall,3,3,3,3,0,0,0
Central Washington University,WA,AL,Montgomery,2026,Fall,3,0,0,0,0,0,0
Central Washington University,WA,CA,Orange,2024,Fall,3,2,2,1,0,0,0
Central Washington University,WA,CA,Fremont,2024,Fall,3,1,1,1,0,0,0
Central Washington University,WA,WA,Cusick,2025,Fall,3,0,0,0,0,0,0
Central Washington University,WA,CA,Chino,2025,Fall,3,0,0,0,0,0,0
Central Washington University,WA,OR,Culver,2026,Fall,3,1,1,1,1,1,1
Central Washington University,WA,OR,Aloha,2026,Fall,3,0,0,0,0,0,0
Central Washington University,WA,WA,Kahlotus,2026,Fall,3,0,0,0,0,0,0
Central Washington University,WA,WA,Gold Bar,2026,Fall,3,5,4,4,2,2,2
Central Washington University,WA,ID,Coeur D Alene,2024,Fall,3,2,1,1,0,0,0
Central Washington University,WA,OR,Tigard,2024,Fall,3,2,2,2,0,0,0
Central Washington University,WA,WA,Bow,2025,Fall,3,3,2,2,0,0,0
Central Washington University,WA,ID,Sandpoint,2024,Fall,3,3,2,2,0,0,0
Central Washington University,WA,OR,Cloverdale,2026,Fall,3,1,1,1,0,0,0
Central Washington University,WA,CA,Danville,2025,Fall,3,1,1,1,0,0,0
Central Washington University,WA,MT,Denton,2026,Fall,3,0,0,0,0,0,0
Central Washington University,WA,MT,Red Lodge,2026,Fall,3,0,0,0,0,0,0
Central Washington University,WA,MT,Clancy,2025,Fall,3,0,0,0,0,0,0
Central Washington University,WA,WA,Wilkeson,2024,Fall,3,2,2,2,1,0,1
Central Washington University,WA,AZ,Scottsdale,2026,Fall,3,2,2,2,0,0,0
Central Washington University,WA,OR,Tigard,2026,Fall,3,2,1,1,0,0,0
Central Washington University,WA,WA,Vader,2026,Fall,3,2,1,1,1,1,1
Central Washington University,WA,WA,Carson,2024,Fall,3,9,9,9,7,6,7
Central Washington University,WA,WA,Palouse,2026,Fall,3,0,0,0,0,0,0
Central Washington University,WA,HI,Kealakekua,2025,Fall,3,2,2,2,1,0,1
Central Washington University,WA,MT,Polson,2026,Fall,3,0,0,0,0,0,0
Central Washington University,WA,OR,Reedsport,2025,Fall,3,0,0,0,0,0,0
Central Washington University,WA,KY,Louisville,2025,Fall,3,0,0,0,0,0,0
Central Washington University,WA,UT,Lehi,2026,Fall,3,0,0,0,0,0,0
Central Washington University,WA,CO,Lafayette,2024,Fall,3,3,3,3,1,0,1
Central Washington University,WA,OR,Creswell,2025,Fall,3,0,0,0,0,0,0
Central Washington University,WA,OR,Myrtle Creek,2026,Fall,3,0,0,0,0,0,0
Central Washington University,WA,CA,Norwalk,2026,Fall,3,0,0,0,0,0,0
Central Washington University,WA,MT,Victor,2024,Fall,3,0,0,0,0,0,0
Central Washington University,WA,HI,Pahoa,2026,Fall,3,5,3,3,1,1,1
Central Washington University,WA,CA,Arleta,2026,Fall,3,0,0,0,0,0,0
Central Washington University,WA,WA,Waterville,2024,Fall,3,3,3,2,1,0,1
Central Washington University,WA,WA,Nine Mile Falls,2025,Fall,3,3,2,2,0,0,0
Central Washington University,WA,CA,Escondido,2024,Fall,3,3,2,2,0,0,0
Central Washington University,WA,WA,White Swan,2025,Fall,3,6,4,3,0,0,0
Central Washington University,WA,CA,E Los Angeles,2025,Fall,3,0,0,0,0,0,0
Central Washington University,WA,CA,Salinas,2025,Fall,3,0,0,0,0,0,0
Central Washington University,WA,CA,Fontana,2024,Fall,3,2,2,2,0,0,0
Central Washington University,WA,OR,Forest Grove,2024,Fall,3,4,3,3,0,0,0
Central Washington University,WA,VA,Alexandria,2026,Fall,3,0,0,0,0,0,0
Central Washington University,WA,VA,Arlington,2026,Fall,3,0,0,0,0,0,0
Central Washington University,WA,WA,Addy,2026,Fall,3,1,1,0,0,0,0
Central Washington University,WA,WA,Inchelium,2024,Fall,3,0,0,0,0,0,0
Central Washington University,WA,WA,Ruston,2025,Fall,3,3,3,3,1,1,1
Central Washington University,WA,MT,Florence,2026,Fall,3,1,1,1,1,1,1
Central Washington University,WA,HI,Lanai City,2026,Fall,3,1,1,1,0,0,0
Central Washington University,WA,OR,Woodburn,2026,Fall,3,3,3,3,0,0,0
Central Washington University,WA,WA,Packwood,2025,Fall,3,1,0,0,0,0,0
Central Washington University,WA,TX,Amarillo,2025,Fall,3,0,0,0,0,0,0
Central Washington University,WA,WA,Silver Creek,2024,Fall,3,0,0,0,0,0,0
Central Washington University,WA,WA,Curlew,2026,Fall,3,1,1,1,0,0,0
Central Washington University,WA,TX,Plano,2026,Fall,3,0,0,0,0,0,0
Central Washington University,WA,CA,Oak Park,2026,Fall,3,0,0,0,0,0,0
Central Washington University,WA,CA,Chatsworth,2024,Fall,3,1,1,1,0,0,0
Central Washington University,WA,HI,Keaau,2024,Fall,3,1,0,0,0,0,0
Central Washington University,WA,OR,Banks,2026,Fall,3,0,0,0,0,0,0
Central Washington University,WA,WA,Forks,2026,Fall,3,11,9,9,5,5,5
Central Washington University,WA,WA,Entiat,2025,Fall,3,2,2,2,1,1,1
Central Washington University,WA,ID,Twin Falls,2025,Fall,3,2,1,1,0,0,0
Central Washington University,WA,WA,Lyle,2025,Fall,3,2,2,2,0,0,0
Central Washington University,WA,CA,Salinas,2026,Fall,3,2,2,2,0,0,0
Central Washington University,WA,WA,Malott,2024,Fall,3,0,0,0,0,0,0
Central Washington University,WA,FL,Jacksonville,2026,Fall,3,0,0,0,0,0,0
Central Washington University,WA,CA,Calabasas,2025,Fall,3,0,0,0,0,0,0
Central Washington University,WA,NC,Raleigh,2025,Fall,3,0,0,0,0,0,0
Central Washington University,WA,WA,Saint John,2024,Fall,3,0,0,0,0,0,0
Central Washington University,WA,WA,Clinton,2025,Fall,3,6,4,3,0,0,1
Central Washington University,WA,CA,Roseville,2026,Fall,3,1,0,0,0,0,0
Central Washington University,WA,HI,Honokaa,2025,Fall,3,0,0,0,0,0,0
Central Washington University,WA,UT,Magna,2026,Fall,3,0,0,0,0,0,0
Central Washington University,WA,WA,Mansfield,2025,Fall,3,1,1,1,0,0,0
Central Washington University,WA,TX,Frisco,2024,Fall,3,1,0,0,0,0,0
Central Washington University,WA,OR,Phoenix,2026,Fall,3,0,0,0,0,0,0
Central Washington University,WA,CA,Los Altos,2024,Fall,3,2,2,2,1,0,1
Central Washington University,WA,CA,Laguna Niguel,2026,Fall,3,0,0,0,0,0,0
Central Washington University,WA,WA,Carlton,2025,Fall,3,0,0,0,0,0,0
Central Washington University,WA,FL,Naples,2025,Fall,3,0,0,0,0,0,0
Central Washington University,WA,OR,Sutherlin,2026,Fall,3,0,0,0,0,0,0
Central Washington University,WA,CA,Newport Beach,2025,Fall,3,0,0,0,0,0,0
Central Washington University,WA,CA,Walnut Creek,2025,Fall,3,2,2,2,1,1,1
Central Washington University,WA,WA,Neah Bay,2024,Fall,3,1,1,1,1,0,1
Central Washington University,WA,CA,Long Beach,2024,Fall,3,3,3,3,1,1,1
Central Washington University,WA,WA,Grayland,2026,Fall,3,1,1,1,0,0,0
Central Washington University,WA,CA,Rialto,2024,Fall,3,1,1,1,0,0,0
Central Washington University,WA,OR,Hines,2025,Fall,3,2,2,2,2,2,2
Central Washington University,WA,WA,Saint John,2026,Fall,3,1,1,1,1,1,1
Central Washington University,WA,NE,Lincoln,2026,Fall,3,1,1,1,1,1,1
Central Washington University,WA,WA,Chelan Falls,2026,Fall,3,2,2,2,0,0,0
Central Washington University,WA,WA,Silver Creek,2025,Fall,3,0,0,0,0,0,0
Central Washington University,WA,HI,Kahuku,2025,Fall,3,0,0,0,0,0,0
Central Washington University,WA,NY,New York,2025,Fall,3,3,3,2,0,0,0
Central Washington University,WA,WA,Republic,2024,Fall,3,3,2,2,1,1,1
Central Washington University,WA,IL,Bloomington,2025,Fall,3,0,0,0,0,0,0
Central Washington University,WA,OR,Umatilla,2025,Fall,3,0,0,0,0,0,0
Central Washington University,WA,ID,Ammon,2025,Fall,3,0,0,0,0,0,0
Central Washington University,WA,WA,Morton,2024,Fall,3,4,4,4,4,3,4
Central Washington University,WA,OR,Hood River,2024,Fall,3,5,5,5,1,1,2
Central Washington University,WA,OR,The Dalles,2025,Fall,3,3,2,2,1,1,1
Central Washington University,WA,HI,Mountain View,2026,Fall,3,2,1,1,1,1,1
Central Washington University,WA,AK,Kenai,2024,Fall,3,2,2,2,0,0,0
Central Washington University,WA,OR,Klamath Falls,2026,Fall,3,2,2,2,0,0,0
Central Washington University,WA,CA,San Mateo,2025,Fall,3,1,1,1,0,0,0
Central Washington University,WA,AZ,Flagstaff,2026,Fall,3,2,2,2,0,0,0
Central Washington University,WA,MT,Browning,2026,Fall,3,0,0,0,0,0,0
Central Washington University,WA,CA,La Canada Flt,2025,Fall,3,0,0,0,0,0,0
Central Washington University,WA,OR,Canby,2024,Fall,3,3,3,3,1,1,1
Central Washington University,WA,WA,Thorp,2024,Fall,3,2,2,2,2,2,2
Central Washington University,WA,OR,Eagle Point,2026,Fall,3,1,1,1,0,0,0
Central Washington University,WA,OR,Winston,2025,Fall,3,0,0,0,0,0,0
Central Washington University,WA,TX,Irving,2025,Fall,3,3,2,2,0,0,0
Central Washington University,WA,WA,Glenoma,2025,Fall,3,1,1,1,0,0,0
Central Washington University,WA,Sindh,Karachi,2024,Fall,3,0,0,0,0,0,0
Central Washington University,WA,ID,Wilder,2024,Fall,3,0,0,0,0,0,0
Central Washington University,WA,WA,Mckenna,2024,Fall,3,0,0,0,0,0,0
Central Washington University,WA,CA,Richmond,2026,Fall,3,1,0,0,0,0,0
Central Washington University,WA,TN,Clarksville,2026,Fall,3,1,0,0,0,0,0
Central Washington University,WA,CO,Westminster,2025,Fall,3,1,1,1,0,0,0
Central Washington University,WA,OR,Tillamook,2026,Fall,3,1,0,0,0,0,0
Central Washington University,WA,UT,W Valley City,2026,Fall,3,0,0,0,0,0,0
Central Washington University,WA,OR,Scappoose,2025,Fall,3,0,0,0,0,0,0
Central Washington University,WA,CA,La Canada Flt,2026,Fall,3,0,0,0,0,0,0
Central Washington University,WA,UT,West Valley City,2026,Fall,3,0,0,0,0,0,0
Central Washington University,WA,WA,Everson,2025,Fall,3,3,2,2,2,2,2
Central Washington University,WA,CA,Simi Valley,2025,Fall,3,2,2,2,0,0,0
Central Washington University,WA,OR,Troutdale,2026,Fall,3,3,3,3,1,1,1
Central Washington University,WA,OR,Keizer,2024,Fall,3,2,2,2,1,1,1
Central Washington University,WA,OR,Cornelius,2026,Fall,3,2,2,2,1,1,1
Central Washington University,WA,CA,Palmdale,2024,Fall,3,3,3,2,0,0,0
Central Washington University,WA,CO,Castle Rock,2026,Fall,3,2,2,2,0,0,0
Central Washington University,WA,WA,Dryden,2025,Fall,3,2,2,2,0,0,0
Central Washington University,WA,WA,Ronald,2025,Fall,3,2,1,0,0,0,0
Central Washington University,WA,CA,Westminster,2026,Fall,3,0,0,0,0,0,0
Central Washington University,WA,MT,Dillon,2026,Fall,3,0,0,0,0,0,0
Central Washington University,WA,MT,Townsend,2025,Fall,3,0,0,0,0,0,0
Central Washington University,WA,MT,Fort Benton,2024,Fall,3,0,0,0,0,0,0
Central Washington University,WA,ID,Jerome,2025,Fall,3,0,0,0,0,0,0
Central Washington University,WA,WA,Freeland,2025,Fall,3,4,4,3,2,1,2
Central Washington University,WA,AZ,Tempe,2025,Fall,3,2,2,2,1,0,1
Central Washington University,WA,CA,Elk Grove,2025,Fall,3,2,2,2,0,0,0
Central Washington University,WA,MT,Laurel,2024,Fall,3,1,1,1,0,0,0
Central Washington University,WA,CA,San Clemente,2025,Fall,3,0,0,0,0,0,0
Central Washington University,WA,OR,Madras,2026,Fall,3,3,2,2,0,0,0
Central Washington University,WA,FL,Miami,2024,Fall,3,4,4,3,0,0,0
Central Washington University,WA,OR,White City,2025,Fall,3,0,0,0,0,0,0
Central Washington University,WA,CA,Pacoima,2025,Fall,3,1,1,1,0,0,0
Central Washington University,WA,WI,Milwaukee,2026,Fall,3,5,4,4,0,0,0
Central Washington University,WA,WA,Reardan,2025,Fall,3,1,1,1,0,0,0
Central Washington University,WA,CA,Moreno Valley,2025,Fall,3,0,0,0,0,0,0
Central Washington University,WA,CA,San Francisco,2024,Fall,3,1,1,1,0,0,0
Central Washington University,WA,HI,Kapolei,2024,Fall,3,1,1,1,0,0,0
Central Washington University,WA,TX,Conroe,2025,Fall,3,1,1,1,0,0,0
Central Washington University,WA,WA,Monitor,2026,Fall,3,1,1,0,0,0,0
Central Washington University,WA,CA,Diamond Bar,2026,Fall,3,0,0,0,0,0,0
Central Washington University,WA,WA,Sprague,2026,Fall,3,0,0,0,0,0,0
Central Washington University,WA,WY,Casper,2026,Fall,3,1,1,1,1,1,1
Central Washington University,WA,WA,La Center,2024,Fall,3,7,6,5,1,1,1
Central Washington University,WA,OR,Ashland,2025,Fall,3,0,0,0,0,0,0
Central Washington University,WA,OR,Elkton,2025,Fall,3,0,0,0,0,0,0
Central Washington University,WA,WA,Chinook,2025,Fall,3,0,0,0,0,0,0
Central Washington University,WA,WA,Rosalia,2025,Fall,3,1,1,1,1,1,1
Central Washington University,WA,ID,Shelley,2026,Fall,3,1,1,1,0,0,0
Central Washington University,WA,WA,Grapeview,2026,Fall,3,1,1,1,0,0,0
Central Washington University,WA,OR,Silverton,2024,Fall,3,1,1,0,0,0,0
Central Washington University,WA,WA,Concrete,2026,Fall,3,0,0,0,0,0,0
Central Washington University,WA,HI,Kapaau,2025,Fall,3,0,0,0,0,0,0
Central Washington University,WA,CA,Chino,2026,Fall,3,0,0,0,0,0,0
Central Washington University,WA,WA,Malo,2025,Fall,3,3,2,2,0,0,0
Central Washington University,WA,WA,Creston,2024,Fall,3,2,2,2,0,0,0
Central Washington University,WA,OR,Talent,2026,Fall,3,1,1,1,0,0,0
Central Washington University,WA,CA,Downey,2025,Fall,3,0,0,0,0,0,0
Central Washington University,WA,CA,Garden Grove,2025,Fall,3,0,0,0,0,0,0
Central Washington University,WA,Greater Accra Region,Accra,2025,Fall,3,0,0,0,0,0,0
Central Washington University,WA,WA,Clallam Bay,2025,Fall,3,0,0,0,0,0,0
Central Washington University,WA,WA,Wauna,2024,Fall,3,2,2,1,1,1,1
Central Washington University,WA,CA,Los Gatos,2026,Fall,3,1,1,1,0,0,0
Central Washington University,WA,OR,Philomath,2026,Fall,3,0,0,0,0,0,0
Central Washington University,WA,CO,Lakewood,2026,Fall,3,1,0,0,0,0,0
Central Washington University,WA,CA,North Hills,2025,Fall,3,0,0,0,0,0,0
Central Washington University,WA,VA,Richmond,2026,Fall,3,0,0,0,0,0,0
Central Washington University,WA,OR,Junction City,2024,Fall,3,0,0,0,0,0,0
Central Washington University,WA,WA,Nespelem,2026,Fall,3,1,1,1,0,0,0
Central Washington University,WA,WA,Waitsburg,2026,Fall,3,1,0,0,0,0,0
Central Washington University,WA,CA,Campbell,2025,Fall,3,0,0,0,0,0,0
Central Washington University,WA,WA,Oakville,2025,Fall,3,6,5,5,3,2,3
Central Washington University,WA,CA,Sherman Oaks,2024,Fall,3,2,2,2,0,0,0
Central Washington University,WA,HI,Haiku,2025,Fall,3,0,0,0,0,0,0
Central Washington University,WA,UT,Clearfield,2026,Fall,3,0,0,0,0,0,0
Central Washington University,WA,WA,Klickitat,2025,Fall,3,0,0,0,0,0,0
Central Washington University,WA,CO,Boulder,2024,Fall,3,3,3,3,0,0,0
Central Washington University,WA,CA,Sherman Oaks,2025,Fall,3,1,1,1,0,0,0
Central Washington University,WA,CA,Templeton,2025,Fall,3,1,1,1,0,0,0
Central Washington University,WA,CA,San Juan Capo,2025,Fall,3,0,0,0,0,0,0
Central Washington University,WA,CA,San Mateo,2026,Fall,3,0,0,0,0,0,0
Central Washington University,WA,MT,Harlowton,2025,Fall,3,0,0,0,0,0,0
Central Washington University,WA,WA,Glenwood,2026,Fall,3,1,1,1,1,1,1
Central Washington University,WA,WA,Freeland,2024,Fall,3,2,2,2,1,1,1
Central Washington University,WA,NC,Raleigh,2026,Fall,3,2,2,1,0,0,0
Central Washington University,WA,CA,Madera,2026,Fall,3,1,0,0,0,0,0
Central Washington University,WA,MT,W Yellowstone,2025,Fall,3,0,0,0,0,0,0
Central Washington University,WA,WA,S Cle Elum,2025,Fall,3,1,1,1,1,1,1
Central Washington University,WA,CA,Fairfield,2026,Fall,3,0,0,0,0,0,0
Central Washington University,WA,MT,Lolo,2025,Fall,3,0,0,0,0,0,0
Central Washington University,WA,ID,Gooding,2025,Fall,3,0,0,0,0,0,0
Central Washington University,WA,WA,Addy,2024,Fall,3,0,0,0,0,0,0
Central Washington University,WA,AP,APO,2026,Fall,3,1,1,1,0,0,0
Central Washington University,WA,CA,Lake Forest,2024,Fall,3,2,2,2,0,0,0
Central Washington University,WA,WA,Langley,2024,Fall,3,2,2,2,1,0,1
Central Washington University,WA,CO,Aurora,2025,Fall,3,5,4,4,0,0,0
Central Washington University,WA,CA,Pacific Plsds,2025,Fall,3,0,0,0,0,0,0
Central Washington University,WA,TX,Dallas,2024,Fall,3,6,4,3,0,0,0
Central Washington University,WA,CO,Arvada,2025,Fall,3,3,3,3,0,0,0
Central Washington University,WA,HI,Keaau,2025,Fall,3,1,0,0,0,0,0
Central Washington University,WA,WA,Reardan,2024,Fall,3,1,0,0,0,0,0
Central Washington University,WA,TX,Wichita Falls,2026,Fall,3,0,0,0,0,0,0
Central Washington University,WA,TX,Mckinney,2024,Fall,3,2,2,2,1,1,1
Central Washington University,WA,WA,Ariel,2026,Fall,3,2,2,1,1,1,1
Central Washington University,WA,WA,Quilcene,2025,Fall,3,3,1,0,0,0,0
Central Washington University,WA,MT,Lodge Grass,2026,Fall,3,0,0,0,0,0,0
Central Washington University,WA,LA,Gonzales,2026,Fall,3,0,0,0,0,0,0
Central Washington University,WA,ID,Athol,2026,Fall,3,0,0,0,0,0,0
Central Washington University,WA,OR,Huntington,2025,Fall,3,0,0,0,0,0,0
Central Washington University,WA,OR,Tualatin,2024,Fall,3,4,4,4,0,0,0
Central Washington University,WA,CA,Claremont,2026,Fall,3,1,1,1,0,0,0
Central Washington University,WA,WA,Wilbur,2026,Fall,3,1,0,0,0,0,0
Central Washington University,WA,WA,Creston,2025,Fall,3,0,0,0,0,0,0
Central Washington University,WA,WA,Cosmopolis,2024,Fall,3,5,5,5,1,1,1
Central Washington University,WA,CA,Mountain View,2024,Fall,3,1,1,1,0,0,0
Central Washington University,WA,WA,Silverlake,2024,Fall,3,3,2,2,2,1,2
Central Washington University,WA,AK,Kake,2026,Fall,3,3,3,2,0,0,0
Central Washington University,WA,CA,Apple Valley,2026,Fall,3,1,0,0,0,0,0
Central Washington University,WA,CA,Grass Valley,2025,Fall,3,0,0,0,0,0,0
Central Washington University,WA,UT,Magna,2025,Fall,3,0,0,0,0,0,0
Central Washington University,WA,WA,Evans,2024,Fall,3,2,1,0,0,0,0
Central Washington University,WA,CA,Santa Monica,2025,Fall,3,0,0,0,0,0,0
Central Washington University,WA,MT,Whitefish,2024,Fall,3,2,2,2,1,0,1
Central Washington University,WA,OR,Vale,2026,Fall,3,0,0,0,0,0,0
Central Washington University,WA,CO,Commerce City,2026,Fall,3,0,0,0,0,0,0
Central Washington University,WA,MT,Corvallis,2026,Fall,3,2,1,1,1,1,1
Central Washington University,WA,CA,Winnetka,2026,Fall,3,1,1,1,0,0,0
Central Washington University,WA,WA,Indianola,2026,Fall,3,1,1,1,0,0,0
Central Washington University,WA,CA,Chatsworth,2026,Fall,3,1,0,0,0,0,0
Central Washington University,WA,CA,Orange,2025,Fall,3,0,0,0,0,0,0
Central Washington University,WA,CA,Dana Point,2025,Fall,3,0,0,0,0,0,0
Central Washington University,WA,NY,Bronx,2026,Fall,3,2,2,1,0,0,0
Central Washington University,WA,ID,Eagle,2024,Fall,3,6,5,5,0,0,0
Central Washington University,WA,CA,San Juan Capo,2024,Fall,3,0,0,0,0,0,0
Central Washington University,WA,TX,Cedar Park,2026,Fall,3,0,0,0,0,0,0
Central Washington University,WA,HI,Kekaha,2026,Fall,3,0,0,0,0,0,0
Central Washington University,WA,OR,Oakland,2026,Fall,3,0,0,0,0,0,0
Central Washington University,WA,CA,Chino Hills,2026,Fall,3,0,0,0,0,0,0
Central Washington University,WA,WA,Lacenter,2026,Fall,3,0,0,0,0,0,0
Central Washington University,WA,WA,Curtis,2025,Fall,3,0,0,0,0,0,0
Central Washington University,WA,CA,Pacifica,2025,Fall,3,2,2,2,0,0,0
Central Washington University,WA,OR,Ashland,2026,Fall,3,0,0,0,0,0,0
Central Washington University,WA,CA,Poway,2025,Fall,3,0,0,0,0,0,0
Central Washington University,WA,OR,Cove,2025,Fall,3,0,0,0,0,0,0
Central Washington University,WA,MT,Big Timber,2025,Fall,3,0,0,0,0,0,0
Central Washington University,WA,WA,Chimacum,2025,Fall,3,1,1,1,1,1,1
Central Washington University,WA,HI,Waikoloa,2025,Fall,3,1,1,1,0,0,0
Central Washington University,WA,HI,Kihei,2024,Fall,3,1,1,1,0,0,0
Central Washington University,WA,AZ,Gilbert,2025,Fall,3,4,3,2,0,0,0
Central Washington University,WA,ID,Mountain Home,2026,Fall,3,0,0,0,0,0,0
Central Washington University,WA,CA,Ontario,2024,Fall,3,0,0,0,0,0,0
Central Washington University,WA,MN,Minneapolis,2026,Fall,3,4,2,2,0,0,0
Central Washington University,WA,CA,Woodland Hls,2025,Fall,3,1,1,1,0,0,0
Central Washington University,WA,CA,Vallejo,2026,Fall,2,1,1,1,0,0,0
Central Washington University,WA,OR,Eagle Point,2024,Fall,2,1,1,1,0,0,0
Central Washington University,WA,NV,Fallon,2025,Fall,2,1,1,1,0,0,0
Central Washington University,WA,OR,Sandy,2025,Fall,2,1,1,1,0,0,0
Central Washington University,WA,ID,Wendell,2025,Fall,2,0,0,0,0,0,0
Central Washington University,WA,WA,Seaview,2026,Fall,2,0,0,0,0,0,0
Central Washington University,WA,CA,Cathedral Cty,2026,Fall,2,0,0,0,0,0,0
Central Washington University,WA,Katsina State,Katsina,2024,Fall,2,0,0,0,0,0,0
Central Washington University,WA,AK,Ward Cove,2025,Fall,2,0,0,0,0,0,0
Central Washington University,WA,WA,S Cle Elum,2026,Fall,2,0,0,0,0,0,0
Central Washington University,WA,CA,Fremont,2025,Fall,2,0,0,0,0,0,0
Central Washington University,WA,NM,Bloomfield,2025,Fall,2,0,0,0,0,0,0
Central Washington University,WA,CA,Perris,2024,Fall,2,3,2,2,2,1,2
Central Washington University,WA,WA,Hoodsport,2025,Fall,2,2,2,2,1,1,1
Central Washington University,WA,NC,Cary,2025,Fall,2,0,0,0,0,0,0
Central Washington University,WA,KS,Olathe,2026,Fall,2,0,0,0,0,0,0
Central Washington University,WA,CA,National City,2026,Fall,2,0,0,0,0,0,0
Central Washington University,WA,WA,Maple Falls,2024,Fall,2,3,2,2,1,1,1
Central Washington University,WA,WA,South Cle Elum,2026,Fall,2,2,1,1,1,1,1
Central Washington University,WA,WA,South Prairie,2024,Fall,2,2,2,2,0,0,0
Central Washington University,WA,CA,La Mesa,2026,Fall,2,1,1,1,0,0,0
Central Washington University,WA,TX,Brownsville,2026,Fall,2,1,0,0,0,0,0
Central Washington University,WA,CA,El Dorado Hills,2025,Fall,2,0,0,0,0,0,0
Central Washington University,WA,CA,Altadena,2026,Fall,2,0,0,0,0,0,0
Central Washington University,WA,TX,Sugar Land,2026,Fall,2,0,0,0,0,0,0
Central Washington University,WA,MI,Hudsonville,2026,Fall,2,0,0,0,0,0,0
Central Washington University,WA,CA,Lathrop,2025,Fall,2,0,0,0,0,0,0
Central Washington University,WA,OR,Aumsville,2026,Fall,2,0,0,0,0,0,0
Central Washington University,WA,Riyadh,Riyadh,2026,Fall,2,0,0,0,0,0,0
Central Washington University,WA,AK,Willow,2024,Fall,2,0,0,0,0,0,0
Central Washington University,WA,WA,Acme,2026,Fall,2,0,0,0,0,0,0
Central Washington University,WA,ID,Hauser,2025,Fall,2,0,0,0,0,0,0
Central Washington University,WA,AK,Valdez,2025,Fall,2,0,0,0,0,0,0
Central Washington University,WA,WA,Centerville,2025,Fall,2,2,2,2,2,2,2
Central Washington University,WA,MN,Saint Paul,2024,Fall,2,1,1,1,0,0,0
Central Washington University,WA,WA,Lind,2026,Fall,2,0,0,0,0,0,0
Central Washington University,WA,WA,South Prairie,2026,Fall,2,0,0,0,0,0,0
Central Washington University,WA,MT,Power,2025,Fall,2,0,0,0,0,0,0
Central Washington University,WA,OR,Union,2025,Fall,2,0,0,0,0,0,0
Central Washington University,WA,CA,Fremont,2026,Fall,2,0,0,0,0,0,0
Central Washington University,WA,WA,Valleyford,2026,Fall,2,0,0,0,0,0,0
Central Washington University,WA,TX,Prosper,2026,Fall,2,0,0,0,0,0,0
Central Washington University,WA,WA,Tahuya,2025,Fall,2,0,0,0,0,0,0
Central Washington University,WA,NJ,Parsippany,2025,Fall,2,0,0,0,0,0,0
Central Washington University,WA,OR,Clatskanie,2026,Fall,2,0,0,0,0,0,0
Central Washington University,WA,CA,Loomis,2026,Fall,2,0,0,0,0,0,0
Central Washington University,WA,WA,Lewis Mcchord,2024,Fall,2,6,3,2,1,1,1
Central Washington University,WA,WA,Loomis,2025,Fall,2,1,1,0,0,0,0
Central Washington University,WA,AE,FPO,2024,Fall,2,3,3,2,0,0,0
Central Washington University,WA,CA,Sylmar,2026,Fall,2,1,0,0,0,0,0
Central Washington University,WA,TX,Corp Christi,2024,Fall,2,0,0,0,0,0,0
Central Washington University,WA,AK,Bethel,2025,Fall,2,0,0,0,0,0,0
Central Washington University,WA,ID,Soda Springs,2026,Fall,2,0,0,0,0,0,0
Central Washington University,WA,OR,Warm Springs,2026,Fall,2,0,0,0,0,0,0
Central Washington University,WA,CA,Azusa,2025,Fall,2,0,0,0,0,0,0
Central Washington University,WA,TX,Lubbock,2025,Fall,2,0,0,0,0,0,0
Central Washington University,WA,ID,Rexburg,2025,Fall,2,0,0,0,0,0,0
Central Washington University,WA,OH,Dayton,2026,Fall,2,0,0,0,0,0,0
Central Washington University,WA,WA,Mccleary,2024,Fall,2,2,2,2,1,0,1
Central Washington University,WA,WA,Algona,2024,Fall,2,4,3,3,3,3,3
Central Washington University,WA,Greater Accra,Accra,2025,Fall,2,3,0,0,0,0,0
Central Washington University,WA,AK,Homer,2024,Fall,2,0,0,0,0,0,0
Central Washington University,WA,OR,Phoenix,2024,Fall,2,0,0,0,0,0,0
Central Washington University,WA,CA,Ladera Ranch,2025,Fall,2,0,0,0,0,0,0
Central Washington University,WA,CA,Clovis,2026,Fall,2,0,0,0,0,0,0
Central Washington University,WA,CA,Murrieta,2024,Fall,2,2,1,1,1,1,1
Central Washington University,WA,CA,Shingle Spgs,2024,Fall,2,1,1,1,0,0,0
Central Washington University,WA,MT,Frenchtown,2025,Fall,2,1,1,1,0,0,0
Central Washington University,WA,UT,Park City,2026,Fall,2,1,1,1,0,0,0
Central Washington University,WA,WA,Thorp,2026,Fall,2,1,1,0,0,0,0
Central Washington University,WA,MN,Waseca,2026,Fall,2,0,0,0,0,0,0
Central Washington University,WA,CA,Atwater,2026,Fall,2,0,0,0,0,0,0
Central Washington University,WA,WA,East Olympia,2026,Fall,2,0,0,0,0,0,0
Central Washington University,WA,FL,Homestead,2026,Fall,2,0,0,0,0,0,0
Central Washington University,WA,CO,Northglenn,2025,Fall,2,0,0,0,0,0,0
Central Washington University,WA,OR,Winston,2026,Fall,2,0,0,0,0,0,0
Central Washington University,WA,OR,Hillsboro,2024,Fall,2,6,5,5,1,1,1
Central Washington University,WA,NY,Flushing,2026,Fall,2,1,1,1,0,0,0
Central Washington University,WA,OR,Saint Helens,2025,Fall,2,1,1,1,0,0,0
Central Washington University,WA,CA,Carlsbad,2026,Fall,2,2,2,2,0,0,0
Central Washington University,WA,CA,Reedley,2024,Fall,2,1,0,0,0,0,0
Central Washington University,WA,ID,Rigby,2025,Fall,2,1,0,0,0,0,0
Central Washington University,WA,Dhaka Division,Dhaka,2024,Fall,2,0,0,0,0,0,0
Central Washington University,WA,CA,Rialto,2025,Fall,2,0,0,0,0,0,0
Central Washington University,WA,MT,Bridger,2025,Fall,2,0,0,0,0,0,0
Central Washington University,WA,FL,St Petersburg,2026,Fall,2,0,0,0,0,0,0
Central Washington University,WA,Gauteng,Johannesburg,2025,Fall,2,0,0,0,0,0,0
Central Washington University,WA,WA,Lind,2024,Fall,2,2,2,2,2,1,2
Central Washington University,WA,CA,Tracy,2026,Fall,2,2,2,1,1,1,1
Central Washington University,WA,CO,Castle Pines,2026,Fall,2,1,1,1,0,0,0
Central Washington University,WA,CA,Lancaster,2024,Fall,2,3,1,0,0,0,0
Central Washington University,WA,AR,Rogers,2026,Fall,2,1,1,0,0,0,0
Central Washington University,WA,KY,Louisville,2026,Fall,2,1,0,0,0,0,0
Central Washington University,WA,Harare,Harare,2024,Fall,2,0,0,0,0,0,0
Central Washington University,WA,CA,Rcho Sta Marg,2026,Fall,2,0,0,0,0,0,0
Central Washington University,WA,MT,Denton,2025,Fall,2,0,0,0,0,0,0
Central Washington University,WA,Greater Accra,Accra,2026,Fall,2,0,0,0,0,0,0
Central Washington University,WA,WA,Plymouth,2025,Fall,2,0,0,0,0,0,0
Central Washington University,WA,WA,Toutle,2026,Fall,2,2,2,2,1,1,1
Central Washington University,WA,WA,Uniontown,2026,Fall,2,1,1,1,0,0,0
Central Washington University,WA,TX,Spring,2024,Fall,2,1,1,0,0,0,0
Central Washington University,WA,AZ,Prescott,2026,Fall,2,1,0,0,0,0,0
Central Washington University,WA,OR,Veneta,2026,Fall,2,0,0,0,0,0,0
Central Washington University,WA,IL,Oak Forest,2025,Fall,2,1,1,1,0,0,0
Central Washington University,WA,WA,Grand Coulee,2025,Fall,2,1,0,0,0,0,0
Central Washington University,WA,CO,Pueblo,2026,Fall,2,0,0,0,0,0,0
Central Washington University,WA,CA,Chino Hills,2024,Fall,2,0,0,0,0,0,0
Central Washington University,WA,IA,Iowa City,2026,Fall,2,0,0,0,0,0,0
Central Washington University,WA,CO,Grand Jct,2026,Fall,2,1,1,1,1,1,1
Central Washington University,WA,AZ,Surprise,2024,Fall,2,1,1,1,1,0,1
Central Washington University,WA,CO,Arvada,2026,Fall,2,0,0,0,0,0,0
Central Washington University,WA,OR,Cottage Grove,2024,Fall,2,0,0,0,0,0,0
Central Washington University,WA,OR,Maupin,2026,Fall,2,0,0,0,0,0,0
Central Washington University,WA,NH,Manchester,2024,Fall,2,1,1,1,1,1,1
Central Washington University,WA,HI,Kilauea,2026,Fall,2,0,0,0,0,0,0
Central Washington University,WA,WA,Washtucna,2026,Fall,2,0,0,0,0,0,0
Central Washington University,WA,WA,Amboy,2025,Fall,2,0,0,0,0,0,0
Central Washington University,WA,VA,Virginia Bch,2025,Fall,2,0,0,0,0,0,0
Central Washington University,WA,MT,Absarokee,2025,Fall,2,0,0,0,0,0,0
Central Washington University,WA,TX,Tyler,2026,Fall,2,0,0,0,0,0,0
Central Washington University,WA,CO,Superior,2025,Fall,2,1,1,1,1,1,1
Central Washington University,WA,WA,Electric City,2025,Fall,2,1,1,1,0,0,0
Central Washington University,WA,MO,Lees Summit,2026,Fall,2,0,0,0,0,0,0
Central Washington University,WA,CA,Oxnard,2024,Fall,2,0,0,0,0,0,0
Central Washington University,WA,UT,Logan,2024,Fall,2,0,0,0,0,0,0
Central Washington University,WA,OR,Woodburn,2024,Fall,2,1,1,1,1,1,1
Central Washington University,WA,AK,Chugiak,2026,Fall,2,4,3,3,2,2,2
Central Washington University,WA,FL,Orlando,2024,Fall,2,3,2,2,1,1,1
Central Washington University,WA,OR,Sheridan,2026,Fall,2,1,0,0,0,0,0
Central Washington University,WA,CA,Buena Park,2025,Fall,2,1,0,0,0,0,0
Central Washington University,WA,WA,Bay Center,2026,Fall,2,0,0,0,0,0,0
Central Washington University,WA,OR,Hubbard,2025,Fall,2,0,0,0,0,0,0
Central Washington University,WA,IL,Chester,2026,Fall,2,0,0,0,0,0,0
Central Washington University,WA,CA,West Hills,2026,Fall,2,0,0,0,0,0,0
Central Washington University,WA,HI,Hanapepe,2026,Fall,2,0,0,0,0,0,0
Central Washington University,WA,UT,Roy,2026,Fall,2,0,0,0,0,0,0
Central Washington University,WA,MT,Lolo,2026,Fall,2,0,0,0,0,0,0
Central Washington University,WA,OR,Molalla,2026,Fall,2,1,0,0,0,0,0
Central Washington University,WA,CA,Bell,2026,Fall,2,0,0,0,0,0,0
Central Washington University,WA,CA,Pico Rivera,2025,Fall,2,0,0,0,0,0,0
Central Washington University,WA,VA,Lovettsville,2024,Fall,2,0,0,0,0,0,0
Central Washington University,WA,OR,Lebanon,2025,Fall,2,3,3,3,1,0,2
Central Washington University,WA,WA,Dallesport,2024,Fall,2,3,2,2,1,1,1
Central Washington University,WA,WA,Pacific Beach,2025,Fall,2,3,3,2,1,0,1
Central Washington University,WA,HI,Haleiwa,2026,Fall,2,1,1,1,0,0,0
Central Washington University,WA,PA,Philadelphia,2024,Fall,2,6,6,4,0,0,0
Central Washington University,WA,IA,Ames,2026,Fall,2,1,1,1,0,0,0
Central Washington University,WA,TX,Alvarado,2026,Fall,2,0,0,0,0,0,0
Central Washington University,WA,UT,Draper,2026,Fall,2,0,0,0,0,0,0
Central Washington University,WA,PA,Erie,2026,Fall,2,0,0,0,0,0,0
Central Washington University,WA,WA,Seaview,2024,Fall,2,1,1,1,1,0,1
Central Washington University,WA,CA,Victorville,2024,Fall,2,1,1,1,0,0,0
Central Washington University,WA,DC,Washington,2024,Fall,2,5,3,3,0,0,0
Central Washington University,WA,AK,Chugiak,2024,Fall,2,1,1,1,0,0,0
Central Washington University,WA,SD,Spearfish,2026,Fall,2,0,0,0,0,0,0
Central Washington University,WA,OR,Independence,2025,Fall,2,0,0,0,0,0,0
Central Washington University,WA,MT,Three Forks,2025,Fall,2,0,0,0,0,0,0
Central Washington University,WA,WA,Palouse,2025,Fall,2,0,0,0,0,0,0
Central Washington University,WA,FL,Tampa,2025,Fall,2,1,1,0,0,0,0
Central Washington University,WA,SD,Rapid City,2024,Fall,2,0,0,0,0,0,0
Central Washington University,WA,FL,Hialeah,2025,Fall,2,0,0,0,0,0,0
Central Washington University,WA,OR,Florence,2025,Fall,2,0,0,0,0,0,0
Central Washington University,WA,TX,Roanoke,2026,Fall,2,0,0,0,0,0,0
Central Washington University,WA,WA,Hoodsport,2026,Fall,2,1,1,1,0,0,0
Central Washington University,WA,WA,Napavine,2026,Fall,2,3,0,0,0,0,0
Central Washington University,WA,HI,Lawai,2025,Fall,2,0,0,0,0,0,0
Central Washington University,WA,Dhaka Division,Dhaka,2025,Fall,2,0,0,0,0,0,0
Central Washington University,WA,WA,Clearlake,2025,Fall,2,0,0,0,0,0,0
Central Washington University,WA,NV,Sparks,2026,Fall,2,0,0,0,0,0,0
Central Washington University,WA,WA,Northport,2026,Fall,2,0,0,0,0,0,0
Central Washington University,WA,FL,Doral,2025,Fall,2,0,0,0,0,0,0
Central Washington University,WA,CA,Lemoore,2026,Fall,2,0,0,0,0,0,0
Central Washington University,WA,TX,Keller,2026,Fall,2,0,0,0,0,0,0
Central Washington University,WA,WA,Dryden,2024,Fall,2,2,2,2,1,0,1
Central Washington University,WA,WA,Beverly,2024,Fall,2,3,2,2,0,0,1
Central Washington University,WA,WA,Lopez Island,2026,Fall,2,6,5,5,0,0,0
Central Washington University,WA,UT,Provo,2025,Fall,2,1,1,1,0,0,0
Central Washington University,WA,CA,Clovis,2024,Fall,2,1,1,1,0,0,0
Central Washington University,WA,ID,Emmett,2024,Fall,2,1,1,1,0,0,0
Central Washington University,WA,OH,Oregon,2026,Fall,2,1,1,0,0,0,0
Central Washington University,WA,CA,Oxnard,2026,Fall,2,1,1,0,0,0,0
Central Washington University,WA,OR,Lafayette,2026,Fall,2,1,0,0,0,0,0
Central Washington University,WA,CA,La Crescenta,2025,Fall,2,0,0,0,0,0,0
Central Washington University,WA,VA,Virginia Bch,2026,Fall,2,0,0,0,0,0,0
Central Washington University,WA,WA,Nine Mile Falls,2024,Fall,2,1,1,1,1,1,1
Central Washington University,WA,MD,Bowie,2026,Fall,2,1,1,1,0,0,0
Central Washington University,WA,CA,La Mirada,2026,Fall,2,0,0,0,0,0,0
Central Washington University,WA,WA,Carbonado,2024,Fall,2,0,0,0,0,0,0
Central Washington University,WA,WA,Lewis Mcchord,2025,Fall,2,0,0,0,0,0,0
Central Washington University,WA,HI,Hauula,2024,Fall,2,3,3,3,1,0,1
Central Washington University,WA,WA,Allyn,2026,Fall,2,2,2,2,0,0,0
Central Washington University,WA,WA,South Hill,2025,Fall,2,2,2,2,0,0,0
Central Washington University,WA,UT,Ogden,2024,Fall,2,1,0,0,0,0,0
Central Washington University,WA,WA,Chelan Falls,2025,Fall,2,0,0,0,0,0,0
Central Washington University,WA,FL,Wesley Chapel,2026,Fall,2,0,0,0,0,0,0
Central Washington University,WA,MT,Cascade,2025,Fall,2,0,0,0,0,0,0
Central Washington University,WA,OH,Amelia,2026,Fall,2,0,0,0,0,0,0
Central Washington University,WA,CA,Culver City,2025,Fall,2,0,0,0,0,0,0
Central Washington University,WA,NM,Santa Fe,2026,Fall,2,0,0,0,0,0,0
Central Washington University,WA,MT,Clancy,2024,Fall,2,0,0,0,0,0,0
Central Washington University,WA,CA,Santa Paula,2024,Fall,2,0,0,0,0,0,0
Central Washington University,WA,AZ,Buckeye,2024,Fall,2,1,1,1,1,1,1
Central Washington University,WA,CO,Loveland,2024,Fall,2,1,1,1,0,0,0
Central Washington University,WA,IL,Cary,2025,Fall,2,0,0,0,0,0,0
Central Washington University,WA,MT,Cut Bank,2025,Fall,2,0,0,0,0,0,0
Central Washington University,WA,UT,Pleasant View,2026,Fall,2,0,0,0,0,0,0
Central Washington University,WA,MA,Mendon,2025,Fall,2,0,0,0,0,0,0
Central Washington University,WA,WA,Noaddress,2026,Fall,2,0,0,0,0,0,0
Central Washington University,WA,CA,San Jacinto,2025,Fall,2,0,0,0,0,0,0
Central Washington University,WA,TX,Denton,2025,Fall,2,0,0,0,0,0,0
Central Washington University,WA,WA,Yacolt,2024,Fall,2,3,3,3,0,0,0
Central Washington University,WA,WA,Vader,2025,Fall,2,1,1,1,0,0,0
Central Washington University,WA,ID,Hayden,2025,Fall,2,2,0,0,0,0,0
Central Washington University,WA,TX,New Braunfels,2026,Fall,2,0,0,0,0,0,0
Central Washington University,WA,MO,Columbia,2026,Fall,2,0,0,0,0,0,0
Central Washington University,WA,WA,Cinebar,2024,Fall,2,0,0,0,0,0,0
Central Washington University,WA,UT,Heber City,2026,Fall,2,0,0,0,0,0,0
Central Washington University,WA,CA,Commerce,2026,Fall,2,0,0,0,0,0,0
Central Washington University,WA,OR,Fall Creek,2026,Fall,2,0,0,0,0,0,0
Central Washington University,WA,FL,Fort Lauderdale,2026,Fall,2,0,0,0,0,0,0
Central Washington University,WA,WA,N Bonneville,2024,Fall,2,3,3,3,1,1,1
Central Washington University,WA,WA,Brinnon,2025,Fall,2,2,2,1,1,1,1
Central Washington University,WA,TX,Pearland,2024,Fall,2,1,1,1,0,0,0
Central Washington University,WA,CA,Covina,2025,Fall,2,1,1,1,0,0,0
Central Washington University,WA,OR,Aurora,2025,Fall,2,1,1,1,0,0,0
Central Washington University,WA,WA,Curtis,2026,Fall,2,1,1,1,0,0,0
Central Washington University,WA,CA,Poway,2026,Fall,2,1,0,0,0,0,0
Central Washington University,WA,OR,Coos Bay,2026,Fall,2,0,0,0,0,0,0
Central Washington University,WA,CO,Englewood,2025,Fall,2,0,0,0,0,0,0
Central Washington University,WA,ID,Mccall,2025,Fall,2,0,0,0,0,0,0
Central Washington University,WA,WA,South Cle Elum,2025,Fall,2,3,3,3,3,2,3
Central Washington University,WA,NY,New York,2024,Fall,2,1,1,1,0,0,0
Central Washington University,WA,CA,Lynwood,2025,Fall,2,0,0,0,0,0,0
Central Washington University,WA,CA,Valencia,2025,Fall,2,0,0,0,0,0,0
Central Washington University,WA,MD,Laurel,2025,Fall,2,0,0,0,0,0,0
Central Washington University,WA,MT,Hardin,2026,Fall,2,0,0,0,0,0,0
Central Washington University,WA,CA,Modesto,2026,Fall,2,0,0,0,0,0,0
Central Washington University,WA,TX,Cypress,2026,Fall,2,2,2,2,1,1,1
Central Washington University,WA,WA,Coulee City,2024,Fall,2,3,3,3,0,0,0
Central Washington University,WA,CO,Johnstown,2024,Fall,2,2,2,2,0,0,0
Central Washington University,WA,WA,Oakville,2026,Fall,2,3,2,1,0,0,0
Central Washington University,WA,WA,Woodway,2025,Fall,2,1,1,0,0,0,0
Central Washington University,WA,NE,Kearney,2024,Fall,2,0,0,0,0,0,0
Central Washington University,WA,WA,Seaview,2025,Fall,2,0,0,0,0,0,0
Central Washington University,WA,CA,Hayward,2026,Fall,2,0,0,0,0,0,0
Central Washington University,WA,MT,Ronan,2024,Fall,2,0,0,0,0,0,0
Central Washington University,WA,ID,Kuna,2026,Fall,2,0,0,0,0,0,0
Central Washington University,WA,KS,Topeka,2026,Fall,2,0,0,0,0,0,0
Central Washington University,WA,OR,Silverton,2026,Fall,2,2,2,2,1,1,1
Central Washington University,WA,CA,Seal Beach,2026,Fall,2,0,0,0,0,0,0
Central Washington University,WA,ID,Bellevue,2026,Fall,2,0,0,0,0,0,0
Central Washington University,WA,OR,Newberg,2025,Fall,2,0,0,0,0,0,0
Central Washington University,WA,CA,Napa,2026,Fall,2,1,1,1,0,0,0
Central Washington University,WA,TX,Kingwood,2025,Fall,2,1,1,1,0,0,0
Central Washington University,WA,IL,Des Plaines,2025,Fall,2,1,0,0,0,0,0
Central Washington University,WA,MT,Hobson,2026,Fall,2,0,0,0,0,0,0
Central Washington University,WA,CA,Hayward,2024,Fall,2,0,0,0,0,0,0
Central Washington University,WA,TX,Pasadena,2026,Fall,2,0,0,0,0,0,0
Central Washington University,WA,ID,Blackfoot,2026,Fall,2,0,0,0,0,0,0
Central Washington University,WA,CA,Sherwood Frst,2025,Fall,2,0,0,0,0,0,0
Central Washington University,WA,TX,Laredo,2025,Fall,2,0,0,0,0,0,0
Central Washington University,WA,LA,Shreveport,2026,Fall,2,0,0,0,0,0,0
Central Washington University,WA,WY,Sheridan,2024,Fall,2,1,1,1,1,1,1
Central Washington University,WA,OR,Gladstone,2025,Fall,2,2,1,1,0,0,0
Central Washington University,WA,WA,Spokane Washington,2026,Fall,2,1,0,0,0,0,0
Central Washington University,WA,FL,Pompano Beach,2026,Fall,2,0,0,0,0,0,0
Central Washington University,WA,WA,Oakesdale,2026,Fall,2,0,0,0,0,0,0
Central Washington University,WA,AK,North Pole,2025,Fall,2,0,0,0,0,0,0
Central Washington University,WA,MO,Wildwood,2026,Fall,2,0,0,0,0,0,0
Central Washington University,WA,TX,Grand Prairie,2026,Fall,2,0,0,0,0,0,0
Central Washington University,WA,VA,Springfield,2025,Fall,2,2,2,2,1,1,1
Central Washington University,WA,FL,West Palm Bch,2024,Fall,2,1,1,1,0,0,0
Central Washington University,WA,CA,Winchester,2026,Fall,2,0,0,0,0,0,0
Central Washington University,WA,AK,Chugiak,2025,Fall,2,0,0,0,0,0,0
Central Washington University,WA,OR,Estacada,2026,Fall,2,1,1,1,1,1,1
Central Washington University,WA,FL,Sarasota,2024,Fall,2,0,0,0,0,0,0
Central Washington University,WA,OR,Drain,2024,Fall,2,0,0,0,0,0,0
Central Washington University,WA,ND,Fargo,2025,Fall,2,0,0,0,0,0,0
Central Washington University,WA,OK,Edmond,2026,Fall,2,0,0,0,0,0,0
Central Washington University,WA,OK,Tulsa,2025,Fall,2,1,1,1,0,0,0
Central Washington University,WA,AK,Petersburg,2026,Fall,2,1,1,1,0,0,0
Central Washington University,WA,TX,Leander,2024,Fall,2,1,1,1,0,0,0
Central Washington University,WA,IN,Indianapolis,2025,Fall,2,0,0,0,0,0,0
Central Washington University,WA,CA,San Juan Capo,2026,Fall,2,1,1,1,0,0,0
Central Washington University,WA,TX,Rockwall,2024,Fall,2,1,1,0,0,0,0
Central Washington University,WA,SC,Columbia,2026,Fall,2,0,0,0,0,0,0
Central Washington University,WA,CA,Carmichael,2026,Fall,2,0,0,0,0,0,0
Central Washington University,WA,MO,Independence,2025,Fall,2,0,0,0,0,0,0
Central Washington University,WA,CO,Boulder,2025,Fall,2,0,0,0,0,0,0
Central Washington University,WA,TX,Burleson,2026,Fall,2,0,0,0,0,0,0
Central Washington University,WA,CA,Modesto,2025,Fall,2,1,1,1,0,0,1
Central Washington University,WA,OR,Astoria,2026,Fall,2,1,1,1,0,0,0
Central Washington University,WA,TX,Amarillo,2026,Fall,2,1,0,0,0,0,0
Central Washington University,WA,CA,Rowland Hghts,2025,Fall,2,0,0,0,0,0,0
Central Washington University,WA,CO,Fort Morgan,2024,Fall,2,0,0,0,0,0,0
Central Washington University,WA,UT,Cedar City,2026,Fall,2,0,0,0,0,0,0
Central Washington University,WA,OR,Brookings,2025,Fall,2,0,0,0,0,0,0
Central Washington University,WA,WA,Amanda Park,2026,Fall,2,0,0,0,0,0,0
Central Washington University,WA,MT,Stevensville,2026,Fall,2,0,0,0,0,0,0
Central Washington University,WA,CA,Santa Barbara,2025,Fall,2,0,0,0,0,0,0
Central Washington University,WA,AP,APO,2024,Fall,2,3,3,3,2,2,2
Central Washington University,WA,WA,Toutle,2025,Fall,2,2,2,2,1,0,2
Central Washington University,WA,FL,Clearwater,2026,Fall,2,1,1,0,0,0,0
Central Washington University,WA,AZ,San Tan Vly,2026,Fall,2,0,0,0,0,0,0
Central Washington University,WA,OR,Sutherlin,2024,Fall,2,0,0,0,0,0,0
Central Washington University,WA,IL,Plainfield,2025,Fall,2,0,0,0,0,0,0
Central Washington University,WA,CA,Huntington Pk,2025,Fall,2,0,0,0,0,0,0
Central Washington University,WA,CA,Commerce,2025,Fall,2,0,0,0,0,0,0
Central Washington University,WA,TX,Tomball,2024,Fall,2,2,2,2,0,0,0
Central Washington University,WA,OK,Moore,2026,Fall,2,1,1,1,0,0,0
Central Washington University,WA,OR,La Grande,2024,Fall,2,0,0,0,0,0,0
Central Washington University,WA,ID,Rupert,2025,Fall,2,0,0,0,0,0,0
Central Washington University,WA,WA,Clyde Hill,2026,Fall,2,0,0,0,0,0,0
Central Washington University,WA,WA,Quilcene,2024,Fall,2,2,2,2,2,2,2
Central Washington University,WA,OR,Pendleton,2024,Fall,2,2,2,2,0,0,0
Central Washington University,WA,OR,Myrtle Creek,2024,Fall,2,1,1,1,0,0,0
Central Washington University,WA,MN,Minneapolis,2025,Fall,2,2,2,2,0,0,0
Central Washington University,WA,TX,Lancaster,2026,Fall,2,1,1,0,0,0,0
Central Washington University,WA,ID,Clark Fork,2026,Fall,2,0,0,0,0,0,0
Central Washington University,WA,MT,Clancy,2026,Fall,2,0,0,0,0,0,0
Central Washington University,WA,TX,Grand Prairie,2025,Fall,2,0,0,0,0,0,0
Central Washington University,WA,CA,Newport Beach,2026,Fall,2,0,0,0,0,0,0
Central Washington University,WA,TN,Murfreesboro,2026,Fall,2,0,0,0,0,0,0
Central Washington University,WA,CO,Lafayette,2026,Fall,2,1,1,1,1,1,1
Central Washington University,WA,CA,Woodland Hls,2026,Fall,2,2,2,2,0,0,0
Central Washington University,WA,KS,Overland Park,2026,Fall,2,1,1,0,0,0,0
Central Washington University,WA,CA,Taft,2026,Fall,2,0,0,0,0,0,0
Central Washington University,WA,WA,Airway Heights,2026,Fall,2,2,1,1,0,0,0
Central Washington University,WA,WA,Elk,2024,Fall,2,3,3,3,0,0,0
Central Washington University,WA,CA,Escondido,2025,Fall,2,3,3,3,0,0,0
Central Washington University,WA,CA,Elk Grove,2026,Fall,2,2,1,1,0,0,0
Central Washington University,WA,Sindh,Karachi,2025,Fall,2,0,0,0,0,0,0
Central Washington University,WA,HI,Waikoloa Village,2024,Fall,2,0,0,0,0,0,0
Central Washington University,WA,WA,Malott,2025,Fall,2,2,2,1,1,1,1
Central Washington University,WA,OR,Fairview,2026,Fall,2,1,1,1,0,0,0
Central Washington University,WA,CA,Oceanside,2025,Fall,2,1,1,1,0,0,0
Central Washington University,WA,CA,Acton,2026,Fall,2,0,0,0,0,0,0
Central Washington University,WA,WA,Marietta-Alderwood,2025,Fall,2,0,0,0,0,0,0
Central Washington University,WA,CA,Sebastopol,2025,Fall,2,0,0,0,0,0,0
Central Washington University,WA,CO,Eagle,2026,Fall,2,0,0,0,0,0,0
Central Washington University,WA,MT,Havre,2026,Fall,2,2,2,2,1,1,1
Central Washington University,WA,OR,Oakridge,2025,Fall,2,1,1,1,0,0,0
Central Washington University,WA,TX,Horizon City,2026,Fall,2,0,0,0,0,0,0
Central Washington University,WA,CA,Ladera Ranch,2026,Fall,2,0,0,0,0,0,0
Central Washington University,WA,OR,Terrebonne,2025,Fall,2,0,0,0,0,0,0
Central Washington University,WA,CA,La Habra,2024,Fall,2,0,0,0,0,0,0
Central Washington University,WA,CA,Fortuna,2026,Fall,2,0,0,0,0,0,0
Central Washington University,WA,ID,Rathdrum,2025,Fall,2,3,2,2,2,1,2
Central Washington University,WA,WA,Home,2026,Fall,2,0,0,0,0,0,0
Central Washington University,WA,UT,South Ogden,2026,Fall,2,0,0,0,0,0,0
Central Washington University,WA,CA,Tujunga,2025,Fall,2,0,0,0,0,0,0
Central Washington University,WA,CA,Rosemead,2025,Fall,2,0,0,0,0,0,0
Central Washington University,WA,WA,Pe Ell,2025,Fall,2,1,0,0,0,0,0
Central Washington University,WA,OR,Tygh Valley,2026,Fall,2,0,0,0,0,0,0
Central Washington University,WA,AK,Cordova,2025,Fall,2,0,0,0,0,0,0
Central Washington University,WA,WY,Evansville,2024,Fall,2,0,0,0,0,0,0
Central Washington University,WA,CA,Claremont,2025,Fall,2,0,0,0,0,0,0
Central Washington University,WA,CA,Encinitas,2026,Fall,2,2,2,2,0,0,0
Central Washington University,WA,HI,Kamuela,2024,Fall,2,2,1,1,0,0,0
Central Washington University,WA,TX,Royse City,2026,Fall,2,1,1,1,0,0,0
Central Washington University,WA,CA,Fresno,2024,Fall,2,4,3,3,0,0,0
Central Washington University,WA,UT,South Jordan,2025,Fall,2,0,0,0,0,0,0
Central Washington University,WA,MT,Corvallis,2024,Fall,2,0,0,0,0,0,0
Central Washington University,WA,WA,Ione,2026,Fall,2,0,0,0,0,0,0
Central Washington University,WA,MT,Hamilton,2024,Fall,2,0,0,0,0,0,0
Central Washington University,WA,CA,Monterey Park,2026,Fall,2,0,0,0,0,0,0
Central Washington University,WA,MD,Annapolis,2026,Fall,2,0,0,0,0,0,0
Central Washington University,WA,WA,Mossyrock,2026,Fall,2,0,0,0,0,0,0
Central Washington University,WA,OR,Monmouth,2026,Fall,2,1,1,1,0,0,0
Central Washington University,WA,MI,Southfield,2026,Fall,2,0,0,0,0,0,0
Central Washington University,WA,WY,Sheridan,2026,Fall,2,0,0,0,0,0,0
Central Washington University,WA,WY,Powell,2026,Fall,2,0,0,0,0,0,0
Central Washington University,WA,DE,Middletown,2025,Fall,2,0,0,0,0,0,0
Central Washington University,WA,UT,S Salt Lake,2025,Fall,2,0,0,0,0,0,0
Central Washington University,WA,WA,Mountlake Terrace,2025,Fall,2,3,2,2,1,1,1
Central Washington University,WA,WA,Amboy,2026,Fall,2,2,1,1,0,0,0
Central Washington University,WA,AZ,Glendale,2025,Fall,2,1,1,1,0,0,0
Central Washington University,WA,UT,South Jordan,2024,Fall,2,3,2,2,0,0,0
Central Washington University,WA,CA,Novato,2024,Fall,2,2,2,2,0,0,0
Central Washington University,WA,CA,Santa Rosa,2025,Fall,2,1,0,0,0,0,0
Central Washington University,WA,OR,Union,2026,Fall,2,0,0,0,0,0,0
Central Washington University,WA,WA,Palouse,2024,Fall,2,0,0,0,0,0,0
Central Washington University,WA,GA,Atlanta,2025,Fall,2,0,0,0,0,0,0
Central Washington University,WA,WA,Waitsburg,2024,Fall,2,0,0,0,0,0,0
Central Washington University,WA,TX,Pasadena,2025,Fall,2,0,0,0,0,0,0
Central Washington University,WA,CA,Turlock,2026,Fall,2,0,0,0,0,0,0
Central Washington University,WA,CO,Lone Tree,2025,Fall,2,0,0,0,0,0,0
Central Washington University,WA,WA,South Prairie,2025,Fall,2,2,2,2,1,1,1
Central Washington University,WA,CO,Eagle,2025,Fall,2,1,1,1,0,0,0
Central Washington University,WA,HI,Kapaa,2024,Fall,2,2,2,2,0,0,0
Central Washington University,WA,WA,Lake Forest Park,2026,Fall,2,2,2,2,0,0,0
Central Washington University,WA,MT,Arlee,2025,Fall,2,0,0,0,0,0,0
Central Washington University,WA,WA,Grayland,2025,Fall,2,0,0,0,0,0,0
Central Washington University,WA,NY,Jamaica,2026,Fall,2,0,0,0,0,0,0
Central Washington University,WA,CA,Calabasas,2026,Fall,2,0,0,0,0,0,0
Central Washington University,WA,OR,Albany,2025,Fall,2,0,0,0,0,0,0
Central Washington University,WA,WA,Latah,2026,Fall,2,0,0,0,0,0,0
Central Washington University,WA,TX,Spicewood,2026,Fall,2,0,0,0,0,0,0
Central Washington University,WA,OK,Oklahoma City,2025,Fall,2,1,1,0,0,0,0
Central Washington University,WA,AZ,San Tan Valley,2025,Fall,2,2,1,1,0,0,0
Central Washington University,WA,CA,San Pedro,2026,Fall,2,0,0,0,0,0,0
Central Washington University,WA,VA,Hampton,2026,Fall,2,0,0,0,0,0,0
Central Washington University,WA,NJ,Glen Rock,2026,Fall,2,0,0,0,0,0,0
Central Washington University,WA,WA,Clinton,2026,Fall,2,2,2,1,1,1,1
Central Washington University,WA,AR,Little Rock,2026,Fall,2,1,1,1,0,0,0
Central Washington University,WA,AZ,Laveen,2025,Fall,2,2,2,1,0,0,0
Central Washington University,WA,MT,Ronan,2026,Fall,2,1,1,1,0,0,0
Central Washington University,WA,MN,Roseville,2026,Fall,2,0,0,0,0,0,0
Central Washington University,WA,BC,Abbotsford,2024,Fall,2,0,0,0,0,0,0
Central Washington University,WA,MT,Conrad,2025,Fall,2,0,0,0,0,0,0
Central Washington University,WA,ID,Coeur d'Alene,2024,Fall,2,0,0,0,0,0,0
Central Washington University,WA,CO,Frisco,2024,Fall,2,1,1,1,0,0,0
Central Washington University,WA,WA,Menlo,2025,Fall,2,1,1,1,0,0,0
Central Washington University,WA,FL,Tampa,2024,Fall,2,1,1,0,0,0,0
Central Washington University,WA,OR,Winston,2024,Fall,2,0,0,0,0,0,0
Central Washington University,WA,CA,Hemet,2026,Fall,2,0,0,0,0,0,0
Central Washington University,WA,TX,Wylie,2026,Fall,2,0,0,0,0,0,0
Central Washington University,WA,TX,Boerne,2026,Fall,2,0,0,0,0,0,0
Central Washington University,WA,WA,Rice,2026,Fall,2,0,0,0,0,0,0
Central Washington University,WA,CA,San Pedro,2025,Fall,2,0,0,0,0,0,0
Central Washington University,WA,FL,Crestview,2025,Fall,2,0,0,0,0,0,0
Central Washington University,WA,AL,Gadsden,2026,Fall,2,0,0,0,0,0,0
Central Washington University,WA,WA,Rock Island,2024,Fall,2,3,3,3,3,3,3
Central Washington University,WA,OR,Boring,2026,Fall,2,3,3,3,1,1,1
Central Washington University,WA,WA,Grand Coulee,2024,Fall,2,3,3,3,0,0,0
Central Washington University,WA,WI,Madison,2025,Fall,2,1,1,1,0,0,0
Central Washington University,WA,WA,Preston,2026,Fall,2,3,2,2,0,0,0
Central Washington University,WA,OR,Hubbard,2026,Fall,2,0,0,0,0,0,0
Central Washington University,WA,WA,Morton,2026,Fall,2,1,0,0,0,0,0
Central Washington University,WA,VA,Burke,2025,Fall,2,0,0,0,0,0,0
Central Washington University,WA,IL,Homewood,2026,Fall,2,0,0,0,0,0,0
Central Washington University,WA,MT,Fairfield,2025,Fall,2,0,0,0,0,0,0
Central Washington University,WA,MI,Lansing,2025,Fall,2,0,0,0,0,0,0
Central Washington University,WA,ID,Mackay,2025,Fall,2,0,0,0,0,0,0
Central Washington University,WA,OR,Pendleton,2025,Fall,2,2,2,2,1,1,1
Central Washington University,WA,WA,Brinnon,2026,Fall,2,1,1,1,0,0,0
Central Washington University,WA,WA,Nine Mile Falls,2026,Fall,2,1,0,0,0,0,0
Central Washington University,WA,MI,Grand Rapids,2026,Fall,2,0,0,0,0,0,0
Central Washington University,WA,VA,Norfolk,2025,Fall,2,0,0,0,0,0,0
Central Washington University,WA,CA,Oxnard,2025,Fall,2,0,0,0,0,0,0
Central Washington University,WA,ID,Hailey,2025,Fall,2,0,0,0,0,0,0
Central Washington University,WA,WA,Lebam,2025,Fall,2,1,1,1,0,0,0
Central Washington University,WA,CO,Longmont,2024,Fall,2,2,2,2,0,0,0
Central Washington University,WA,CA,Port Hueneme,2026,Fall,2,0,0,0,0,0,0
Central Washington University,WA,MT,Kila,2026,Fall,2,0,0,0,0,0,0
Central Washington University,WA,MT,Huntley,2026,Fall,2,0,0,0,0,0,0
Central Washington University,WA,TX,Saginaw,2025,Fall,2,0,0,0,0,0,0
Central Washington University,WA,FL,Pensacola,2024,Fall,2,4,3,1,0,0,0
Central Washington University,WA,ID,Pocatello,2025,Fall,2,1,0,0,0,0,0
Central Washington University,WA,AZ,Litchfield Pk,2024,Fall,2,1,0,0,0,0,0
Central Washington University,WA,OR,Boardman,2024,Fall,2,0,0,0,0,0,0
Central Washington University,WA,WA,Oakesdale,2024,Fall,2,0,0,0,0,0,0
Central Washington University,WA,TX,Copperas Cove,2025,Fall,2,0,0,0,0,0,0
Central Washington University,WA,TX,Georgetown,2026,Fall,2,0,0,0,0,0,0
Central Washington University,WA,TN,Nashville,2026,Fall,2,0,0,0,0,0,0
Central Washington University,WA,WY,Laramie,2026,Fall,2,0,0,0,0,0,0
Central Washington University,WA,TX,Mesquite,2024,Fall,2,0,0,0,0,0,0
Central Washington University,WA,CA,S Pasadena,2025,Fall,2,0,0,0,0,0,0
Central Washington University,WA,TX,Arlington,2026,Fall,2,2,2,2,1,1,1
Central Washington University,WA,WA,Nooksack,2025,Fall,2,1,1,1,0,0,0
Central Washington University,WA,FL,Ocala,2026,Fall,2,1,1,1,0,0,0
Central Washington University,WA,CA,Lathrop,2024,Fall,2,1,1,1,0,0,0
Central Washington University,WA,ID,Hailey,2024,Fall,2,0,0,0,0,0,0
Central Washington University,WA,MD,Fort Washington,2026,Fall,2,0,0,0,0,0,0
Central Washington University,WA,MI,Plymouth,2025,Fall,2,0,0,0,0,0,0
Central Washington University,WA,DE,Middletown,2026,Fall,2,0,0,0,0,0,0
Central Washington University,WA,TN,Memphis,2025,Fall,2,0,0,0,0,0,0
Central Washington University,WA,MD,Frederick,2025,Fall,2,1,1,1,0,0,0
Central Washington University,WA,MT,Eureka,2026,Fall,2,1,0,0,0,0,0
Central Washington University,WA,WA,Mansfield,2026,Fall,2,0,0,0,0,0,0
Central Washington University,WA,CO,Broomfield,2024,Fall,2,0,0,0,0,0,0
Central Washington University,WA,AZ,Kingman,2026,Fall,2,0,0,0,0,0,0
Central Washington University,WA,MT,Belt,2026,Fall,2,0,0,0,0,0,0
Central Washington University,WA,GA,Duluth,2026,Fall,2,0,0,0,0,0,0
Central Washington University,WA,CA,Laguna Niguel,2024,Fall,2,0,0,0,0,0,0
Central Washington University,WA,ID,Emmett,2026,Fall,2,1,1,1,0,0,0
Central Washington University,WA,CA,Apple Valley,2024,Fall,2,2,0,0,0,0,0
Central Washington University,WA,HI,Hanalei,2025,Fall,2,0,0,0,0,0,0
Central Washington University,WA,CA,Paramount,2026,Fall,2,0,0,0,0,0,0
Central Washington University,WA,TX,Corpus Christi,2024,Fall,2,0,0,0,0,0,0
Central Washington University,WA,CO,Steamboat Spr,2024,Fall,2,0,0,0,0,0,0
Central Washington University,WA,MD,Baltimore,2026,Fall,2,1,1,1,1,1,1
Central Washington University,WA,CA,Redwood City,2024,Fall,2,1,1,1,0,0,0
Central Washington University,WA,HI,Kilauea,2025,Fall,2,0,0,0,0,0,0
Central Washington University,WA,MD,Middle River,2025,Fall,2,0,0,0,0,0,0
Central Washington University,WA,FL,Oviedo,2026,Fall,2,0,0,0,0,0,0
Central Washington University,WA,TX,Edinburg,2024,Fall,2,0,0,0,0,0,0
Central Washington University,WA,WA,Everson,2024,Fall,2,6,6,6,1,1,1
Central Washington University,WA,WA,Carson,2026,Fall,2,4,4,4,2,2,2
Central Washington University,WA,WA,Grapeview,2025,Fall,2,1,1,1,1,1,1
Central Washington University,WA,MO,Kansas City,2025,Fall,2,2,1,1,0,0,0
Central Washington University,WA,ID,Oldtown,2026,Fall,2,0,0,0,0,0,0
Central Washington University,WA,WA,Kittitas,2026,Fall,2,0,0,0,0,0,0
Central Washington University,WA,TX,Hutto,2025,Fall,2,0,0,0,0,0,0
Central Washington University,WA,NE,Grand Island,2026,Fall,2,0,0,0,0,0,0
Central Washington University,WA,WA,Washtucna,2025,Fall,2,1,0,0,0,0,0
Central Washington University,WA,TX,League City,2024,Fall,2,0,0,0,0,0,0
Central Washington University,WA,WA,Almira,2024,Fall,2,2,2,2,1,1,1
Central Washington University,WA,CO,Centennial,2024,Fall,2,2,2,2,0,0,0
Central Washington University,WA,HI,Koloa,2024,Fall,2,1,0,0,0,0,0
Central Washington University,WA,CA,Newbury Park,2026,Fall,2,2,2,2,0,0,0
Central Washington University,WA,WA,Colton,2024,Fall,2,1,0,0,0,0,0
Central Washington University,WA,OR,Medford,2024,Fall,2,1,0,0,0,0,0
Central Washington University,WA,NM,Farmington,2026,Fall,2,1,0,0,0,0,0
Central Washington University,WA,MT,Bridger,2026,Fall,2,0,0,0,0,0,0
Central Washington University,WA,TX,Cedar Hill,2026,Fall,2,0,0,0,0,0,0
Central Washington University,WA,HI,Hanapepe,2025,Fall,2,0,0,0,0,0,0
Central Washington University,WA,WA,Wauna,2025,Fall,2,0,0,0,0,0,0
Central Washington University,WA,MN,Eden Prairie,2026,Fall,2,1,1,1,0,0,0
Central Washington University,WA,CO,Fort Collins,2024,Fall,2,5,4,4,0,0,0
Central Washington University,WA,UT,Salt Lake Cty,2024,Fall,2,5,3,3,0,0,0
Central Washington University,WA,CA,Harbor City,2026,Fall,2,0,0,0,0,0,0
Central Washington University,WA,MT,Anaconda,2026,Fall,2,0,0,0,0,0,0
Central Washington University,WA,OR,Yoncalla,2025,Fall,2,0,0,0,0,0,0
Central Washington University,WA,WA,Airway Hgts,2026,Fall,2,0,0,0,0,0,0
Central Washington University,WA,WA,Yacolt,2026,Fall,2,2,1,1,0,0,0
Central Washington University,WA,GA,Evans,2026,Fall,2,0,0,0,0,0,0
Central Washington University,WA,WA,Creston,2026,Fall,2,0,0,0,0,0,0
Central Washington University,WA,KY,Lexington,2026,Fall,2,0,0,0,0,0,0
Central Washington University,WA,WA,Wilkeson,2026,Fall,2,0,0,0,0,0,0
Central Washington University,WA,WA,Taholah,2025,Fall,2,1,1,1,1,1,1
Central Washington University,WA,OR,Scappoose,2024,Fall,2,2,2,2,0,0,0
Central Washington University,WA,TX,Mission,2025,Fall,2,1,1,0,0,0,0
Central Washington University,WA,FL,Miami Gardens,2025,Fall,2,0,0,0,0,0,0
Central Washington University,WA,WA,Ethel,2025,Fall,2,2,2,2,1,1,1
Central Washington University,WA,WA,Gig harbor,2024,Fall,2,2,2,2,0,0,0
Central Washington University,WA,FL,Jacksonville,2025,Fall,2,1,1,1,0,0,0
Central Washington University,WA,CA,Danville,2026,Fall,2,1,0,0,0,0,0
Central Washington University,WA,CO,Thornton,2024,Fall,2,1,0,0,0,0,0
Central Washington University,WA,MT,Alberton,2025,Fall,2,0,0,0,0,0,0
Central Washington University,WA,OR,Talent,2025,Fall,2,0,0,0,0,0,0
Central Washington University,WA,UT,Sandy,2024,Fall,2,0,0,0,0,0,0
Central Washington University,WA,OR,Tigard,2025,Fall,2,1,1,1,1,1,1
Central Washington University,WA,WA,Tulalip,2025,Fall,2,7,5,4,0,0,0
Central Washington University,WA,ID,Ashton,2026,Fall,2,1,0,0,0,0,0
Central Washington University,WA,OH,Delaware,2026,Fall,2,1,0,0,0,0,0
Central Washington University,WA,CA,Redlands,2025,Fall,2,1,0,0,0,0,0
Central Washington University,WA,ID,New Plymouth,2024,Fall,2,0,0,0,0,0,0
Central Washington University,WA,OR,Gaston,2024,Fall,2,0,0,0,0,0,0
Central Washington University,WA,WA,Liberty Lake,2024,Fall,2,6,6,6,1,0,2
Central Washington University,WA,IL,Naperville,2025,Fall,2,1,1,1,0,0,1
Central Washington University,WA,WA,Bucoda,2026,Fall,2,1,1,1,1,1,1
Central Washington University,WA,WA,Addy,2025,Fall,2,1,1,1,1,1,1
Central Washington University,WA,WA,Langley,2025,Fall,2,2,2,2,0,0,0
Central Washington University,WA,CA,Canyon Cntry,2025,Fall,2,0,0,0,0,0,0
Central Washington University,WA,CA,Fallbrook,2024,Fall,2,1,1,1,0,0,0
Central Washington University,WA,CO,Westminster,2024,Fall,2,4,3,2,0,0,0
Central Washington University,WA,CA,San Ramon,2025,Fall,2,0,0,0,0,0,0
Central Washington University,WA,CA,Wilmington,2025,Fall,2,0,0,0,0,0,0
Central Washington University,WA,CA,Santa Maria,2025,Fall,2,0,0,0,0,0,0
Central Washington University,WA,TX,Corp Christi,2026,Fall,2,0,0,0,0,0,0
Central Washington University,WA,CA,Castro Valley,2026,Fall,2,2,2,2,0,0,0
Central Washington University,WA,UT,West Haven,2026,Fall,2,0,0,0,0,0,0
Central Washington University,WA,CO,Strasburg,2026,Fall,2,0,0,0,0,0,0
Central Washington University,WA,OR,Gaston,2026,Fall,2,0,0,0,0,0,0
Central Washington University,WA,WA,Lyle,2026,Fall,2,0,0,0,0,0,0
Central Washington University,WA,AK,Metlakatla,2024,Fall,2,6,3,2,0,0,0
Central Washington University,WA,CA,Santa Monica,2024,Fall,2,1,1,0,0,0,0
Central Washington University,WA,VA,Aldie,2026,Fall,2,0,0,0,0,0,0
Central Washington University,WA,IL,Wauconda,2025,Fall,2,0,0,0,0,0,0
Central Washington University,WA,GU,Hagatna,2024,Fall,2,2,2,2,1,1,1
Central Washington University,WA,CA,Porter Ranch,2026,Fall,2,2,2,2,0,0,0
Central Washington University,WA,MO,Saint Louis,2026,Fall,2,2,2,1,0,0,0
Central Washington University,WA,CO,Fountain,2026,Fall,2,2,2,2,0,0,0
Central Washington University,WA,WA,Snoqualmie Pass,2026,Fall,2,1,1,1,0,0,0
Central Washington University,WA,CO,Montrose,2024,Fall,2,1,1,1,0,0,0
Central Washington University,WA,WA,Touchet,2026,Fall,2,1,0,0,0,0,0
Central Washington University,WA,CA,San Gabriel,2025,Fall,2,0,0,0,0,0,0
Central Washington University,WA,NV,Elko,2025,Fall,2,0,0,0,0,0,0
Central Washington University,WA,TN,Clarksville,2025,Fall,2,0,0,0,0,0,0
Central Washington University,WA,HI,Princeville,2025,Fall,2,0,0,0,0,0,0
Central Washington University,WA,ID,Lapwai,2026,Fall,2,0,0,0,0,0,0
Central Washington University,WA,MS,Olive Branch,2026,Fall,2,0,0,0,0,0,0
Central Washington University,WA,MT,Fromberg,2025,Fall,2,0,0,0,0,0,0
Central Washington University,WA,CA,Glendora,2024,Fall,2,1,1,1,1,0,1
Central Washington University,WA,WA,Joint Base Lewis Mcchord,2025,Fall,2,6,5,2,1,1,1
Central Washington University,WA,WA,Ocean Shores,2024,Fall,2,5,5,4,2,1,2
Central Washington University,WA,WI,Milwaukee,2024,Fall,2,3,3,2,0,0,0
Central Washington University,WA,CA,Mountain View,2025,Fall,2,4,4,4,0,0,0
Central Washington University,WA,WA,Inchelium,2025,Fall,2,0,0,0,0,0,0
Central Washington University,WA,CA,Porterville,2026,Fall,2,0,0,0,0,0,0
Central Washington University,WA,AZ,Bylas,2026,Fall,2,0,0,0,0,0,0
Central Washington University,WA,ID,Jerome,2026,Fall,2,0,0,0,0,0,0
Central Washington University,WA,ID,Lewiston,2024,Fall,2,1,1,1,1,1,1
Central Washington University,WA,WA,Dallesport,2025,Fall,2,4,4,4,2,2,2
Central Washington University,WA,WA,Gold Bar,2024,Fall,2,3,3,3,1,1,1
Central Washington University,WA,DC,Washington,2025,Fall,2,5,2,2,1,1,1
Central Washington University,WA,ID,Rathdrum,2024,Fall,2,2,2,2,0,0,0
Central Washington University,WA,WA,Bridgeport,2024,Fall,2,2,1,1,0,0,0
Central Washington University,WA,AZ,Mesa,2025,Fall,2,2,2,2,0,0,0
Central Washington University,WA,OR,Carlton,2025,Fall,2,1,0,0,0,0,0
Central Washington University,WA,FL,Naples,2026,Fall,2,0,0,0,0,0,0
Central Washington University,WA,CA,Monrovia,2025,Fall,2,0,0,0,0,0,0
Central Washington University,WA,OK,Norman,2025,Fall,2,0,0,0,0,0,0
Central Washington University,WA,CA,Burbank,2025,Fall,2,0,0,0,0,0,0
Central Washington University,WA,CA,Redding,2024,Fall,2,0,0,0,0,0,0
Central Washington University,WA,NM,Albuquerque,2024,Fall,2,3,2,2,1,1,1
Central Washington University,WA,WA,Lopez Island,2024,Fall,2,3,2,2,0,0,0
Central Washington University,WA,MD,Gaithersburg,2026,Fall,2,1,1,0,0,0,0
Central Washington University,WA,AZ,Chandler,2025,Fall,2,1,1,1,0,0,0
Central Washington University,WA,NC,Fayetteville,2026,Fall,2,0,0,0,0,0,0
Central Washington University,WA,OR,Terrebonne,2026,Fall,2,0,0,0,0,0,0
Central Washington University,WA,OR,Mount Angel,2026,Fall,2,0,0,0,0,0,0
Central Washington University,WA,CO,Durango,2025,Fall,2,0,0,0,0,0,0
Central Washington University,WA,Islamabad,Islamabad,2024,Fall,2,0,0,0,0,0,0
Central Washington University,WA,WA,Edwall,2025,Fall,2,1,1,1,0,0,0
Central Washington University,WA,CA,Manhattan Bch,2025,Fall,2,1,1,1,0,0,0
Central Washington University,WA,HI,Mountain View,2025,Fall,2,1,1,1,0,0,0
Central Washington University,WA,VA,Manassas,2026,Fall,2,0,0,0,0,0,0
Central Washington University,WA,MT,Geyser,2025,Fall,2,0,0,0,0,0,0
Central Washington University,WA,MI,Midland,2026,Fall,2,0,0,0,0,0,0
Central Washington University,WA,MT,Fishtail,2026,Fall,2,0,0,0,0,0,0
Central Washington University,WA,MT,Hardin,2025,Fall,2,0,0,0,0,0,0
Central Washington University,WA,CA,Grass Valley,2026,Fall,2,0,0,0,0,0,0
Central Washington University,WA,TX,Mansfield,2026,Fall,2,0,0,0,0,0,0
Central Washington University,WA,WA,Jblm,2024,Fall,2,0,0,0,0,0,0
Central Washington University,WA,NV,Sparks,2025,Fall,2,2,1,1,1,1,1
Central Washington University,WA,CA,Chico,2025,Fall,2,1,1,1,0,0,0
Central Washington University,WA,CO,Thornton,2026,Fall,2,1,1,1,0,0,0
Central Washington University,WA,CA,La Mesa,2024,Fall,2,1,0,0,0,0,0
Central Washington University,WA,FL,Bonita Spgs,2024,Fall,2,0,0,0,0,0,0
Central Washington University,WA,WA,Keyport,2024,Fall,2,0,0,0,0,0,0
Central Washington University,WA,AZ,Florence,2026,Fall,2,0,0,0,0,0,0
Central Washington University,WA,WA,Tokeland,2026,Fall,2,0,0,0,0,0,0
Central Washington University,WA,WA,Port Ludlow,2026,Fall,2,1,1,1,1,1,1
Central Washington University,WA,OR,Troutdale,2025,Fall,2,1,1,1,0,0,0
Central Washington University,WA,CA,Fallbrook,2025,Fall,2,1,1,1,0,0,0
Central Washington University,WA,OK,Enid,2026,Fall,2,1,1,1,0,0,0
Central Washington University,WA,CO,New Castle,2025,Fall,2,1,1,1,0,0,0
Central Washington University,WA,CA,San Mateo,2024,Fall,2,3,3,3,0,0,0
Central Washington University,WA,WA,Loon Lake,2026,Fall,2,1,0,0,0,0,0
Central Washington University,WA,TX,Pflugerville,2025,Fall,2,0,0,0,0,0,0
Central Washington University,WA,CO,Pine,2024,Fall,2,1,1,1,0,0,0
Central Washington University,WA,WA,Monitor,2024,Fall,2,2,1,1,0,0,0
Central Washington University,WA,AZ,Litchfield Pk,2026,Fall,2,1,1,1,0,0,0
Central Washington University,WA,WA,Camano,2024,Fall,2,0,0,0,0,0,0
Central Washington University,WA,VA,Chesapeake,2026,Fall,2,0,0,0,0,0,0
Central Washington University,WA,CA,San Jacinto,2026,Fall,2,0,0,0,0,0,0
Central Washington University,WA,HI,Paauilo,2025,Fall,2,0,0,0,0,0,0
Central Washington University,WA,WA,Pomeroy,2024,Fall,2,0,0,0,0,0,0
Central Washington University,WA,CA,Monterey Park,2025,Fall,2,0,0,0,0,0,0
Central Washington University,WA,WA,Point Roberts,2026,Fall,2,1,1,1,0,0,0
Central Washington University,WA,VA,Arlington,2025,Fall,2,1,1,1,0,0,0
Central Washington University,WA,CA,Woodland,2026,Fall,2,1,1,1,0,0,0
Central Washington University,WA,MO,Saint Charles,2026,Fall,2,0,0,0,0,0,0
Central Washington University,WA,HI,Laupahoehoe,2026,Fall,2,0,0,0,0,0,0
Central Washington University,WA,WA,Mica,2026,Fall,2,1,1,1,0,0,0
Central Washington University,WA,OR,Aloha,2025,Fall,2,0,0,0,0,0,0
Central Washington University,WA,GA,Marietta,2025,Fall,2,0,0,0,0,0,0
Central Washington University,WA,HI,Paia,2026,Fall,2,0,0,0,0,0,0
Central Washington University,WA,UT,Layton,2025,Fall,2,1,0,0,0,0,0
Central Washington University,WA,ID,Hauser,2026,Fall,2,0,0,0,0,0,0
Central Washington University,WA,FL,Sarasota,2025,Fall,2,1,1,1,0,0,0
Central Washington University,WA,AK,Kodiak,2025,Fall,2,3,2,2,0,0,0
Central Washington University,WA,CO,Evergreen,2025,Fall,2,1,1,1,0,0,0
Central Washington University,WA,TX,El Paso,2024,Fall,2,4,0,0,0,0,0
Central Washington University,WA,WA,Silver Creek,2026,Fall,2,0,0,0,0,0,0
Central Washington University,WA,CA,San Bernardino,2026,Fall,2,0,0,0,0,0,0
Central Washington University,WA,AK,Soldotna,2026,Fall,2,0,0,0,0,0,0
Central Washington University,WA,TX,Mercedes,2024,Fall,2,0,0,0,0,0,0
Central Washington University,WA,WA,Clallam Bay,2026,Fall,2,0,0,0,0,0,0
Central Washington University,WA,TX,Allen,2025,Fall,1,1,1,1,1,1,1
Central Washington University,WA,WA,Medina,2026,Fall,1,1,1,1,0,0,0
Central Washington University,WA,PA,Waynesboro,2026,Fall,1,1,1,0,0,0,0
Central Washington University,WA,CA,Wilton,2024,Fall,1,1,1,1,0,0,0
Central Washington University,WA,WA,Quilcene,2026,Fall,1,2,1,0,0,0,0
Central Washington University,WA,NJ,Garfield,2026,Fall,1,0,0,0,0,0,0
Central Washington University,WA,OR,Kimberly,2025,Fall,1,0,0,0,0,0,0
Central Washington University,WA,WA,Newman Lake Washington,2026,Fall,1,0,0,0,0,0,0
Central Washington University,WA,GA,Lithonia,2026,Fall,1,0,0,0,0,0,0
Central Washington University,WA,MT,Grass Range,2024,Fall,1,0,0,0,0,0,0
Central Washington University,WA,WA,Tracyton,2025,Fall,1,0,0,0,0,0,0
Central Washington University,WA,NH,Loudon,2026,Fall,1,0,0,0,0,0,0
Central Washington University,WA,KS,Prairie Village,2026,Fall,1,0,0,0,0,0,0
Central Washington University,WA,GA,Fort Moore,2025,Fall,1,0,0,0,0,0,0
Central Washington University,WA,WA,Startup,2024,Fall,1,1,0,0,0,0,0
Central Washington University,WA,LA,Barksdale Afb,2026,Fall,1,0,0,0,0,0,0
Central Washington University,WA,GU,Chalan Pago,2026,Fall,1,0,0,0,0,0,0
Central Washington University,WA,Sumqayit,Sumgait,2025,Fall,1,0,0,0,0,0,0
Central Washington University,WA,WA,Walla walla,2026,Fall,1,0,0,0,0,0,0
Central Washington University,WA,FL,Panama City,2025,Fall,1,0,0,0,0,0,0
Central Washington University,WA,CA,Hollister,2024,Fall,1,0,0,0,0,0,0
Central Washington University,WA,KS,Park City,2026,Fall,1,0,0,0,0,0,0
Central Washington University,WA,AR,Blytheville,2026,Fall,1,0,0,0,0,0,0
Central Washington University,WA,MD,Waldorf,2025,Fall,1,0,0,0,0,0,0
Central Washington University,WA,MT,Lodge Grass,2025,Fall,1,0,0,0,0,0,0
Central Washington University,WA,CA,Buena Park,2026,Fall,1,0,0,0,0,0,0
Central Washington University,WA,CA,Valencia,2026,Fall,1,3,3,3,0,0,0
Central Washington University,WA,TX,Tyler,2024,Fall,1,1,1,1,0,0,0
Central Washington University,WA,WA,Pomeroy,2025,Fall,1,2,1,1,0,0,0
Central Washington University,WA,NH,New London,2026,Fall,1,1,1,1,0,0,0
Central Washington University,WA,NC,Raeford,2024,Fall,1,1,1,0,0,0,0
Central Washington University,WA,ID,Bliss,2026,Fall,1,1,0,0,0,0,0
Central Washington University,WA,IN,Warsaw,2026,Fall,1,1,0,0,0,0,0
Central Washington University,WA,OR,Florence,2024,Fall,1,0,0,0,0,0,0
Central Washington University,WA,MT,Grass Range,2025,Fall,1,0,0,0,0,0,0
Central Washington University,WA,MN,Coon Rapids,2026,Fall,1,0,0,0,0,0,0
Central Washington University,WA,OR,Drain,2025,Fall,1,0,0,0,0,0,0
Central Washington University,WA,MT,Libby,2024,Fall,1,0,0,0,0,0,0
Central Washington University,WA,CO,Black Hawk,2024,Fall,1,0,0,0,0,0,0
Central Washington University,WA,MO,Kennett,2026,Fall,1,0,0,0,0,0,0
Central Washington University,WA,GA,Senoia,2026,Fall,1,0,0,0,0,0,0
Central Washington University,WA,OR,Monroe,2025,Fall,1,0,0,0,0,0,0
Central Washington University,WA,NM,Socorro,2025,Fall,1,0,0,0,0,0,0
Central Washington University,WA,CA,Palm Springs,2025,Fall,1,0,0,0,0,0,0
Central Washington University,WA,CA,Ojai,2025,Fall,1,0,0,0,0,0,0
Central Washington University,WA,MT,East Glacier Park,2024,Fall,1,0,0,0,0,0,0
Central Washington University,WA,MT,Hot Springs,2026,Fall,1,0,0,0,0,0,0
Central Washington University,WA,WA,Mohler,2026,Fall,1,0,0,0,0,0,0
Central Washington University,WA,Saint Kitts,Dieppe Bay,2025,Fall,1,0,0,0,0,0,0
Central Washington University,WA,SC,Fort Mill,2026,Fall,1,0,0,0,0,0,0
Central Washington University,WA,CA,Santa Ysabel,2025,Fall,1,0,0,0,0,0,0
Central Washington University,WA,UT,North Ogden,2026,Fall,1,0,0,0,0,0,0
Central Washington University,WA,OH,Sylvania,2026,Fall,1,0,0,0,0,0,0
Central Washington University,WA,SC,Seneca,2024,Fall,1,0,0,0,0,0,0
Central Washington University,WA,VA,Martinsville,2025,Fall,1,0,0,0,0,0,0
Central Washington University,WA,IA,Davenport,2026,Fall,1,0,0,0,0,0,0
Central Washington University,WA,CA,El Dorado Hills,2026,Fall,1,0,0,0,0,0,0
Central Washington University,WA,AZ,El Mirage,2025,Fall,1,1,0,0,0,0,0
Central Washington University,WA,OR,Crkd Rvr Rnch,2025,Fall,1,0,0,0,0,0,0
Central Washington University,WA,NV,Virginia City,2026,Fall,1,0,0,0,0,0,0
Central Washington University,WA,OR,Cottage Grove,2026,Fall,1,0,0,0,0,0,0
Central Washington University,WA,TN,Cookeville,2024,Fall,1,0,0,0,0,0,0
Central Washington University,WA,TX,Borger,2025,Fall,1,0,0,0,0,0,0
Central Washington University,WA,OK,Harrah,2026,Fall,1,0,0,0,0,0,0
Central Washington University,WA,Nairobi,Westlands,2024,Fall,1,0,0,0,0,0,0
Central Washington University,WA,NJ,Bridgeton,2026,Fall,1,0,0,0,0,0,0
Central Washington University,WA,NV,Elko,2026,Fall,1,0,0,0,0,0,0
Central Washington University,WA,OR,Cheshire,2025,Fall,1,0,0,0,0,0,0
Central Washington University,WA,Oyo,Ibadan,2026,Fall,1,0,0,0,0,0,0
Central Washington University,WA,VA,Danville,2026,Fall,1,0,0,0,0,0,0
Central Washington University,WA,CA,Cameron Park,2026,Fall,1,0,0,0,0,0,0
Central Washington University,WA,AL,Fairhope,2026,Fall,1,0,0,0,0,0,0
Central Washington University,WA,AP,Fpo,2026,Fall,1,0,0,0,0,0,0
Central Washington University,WA,MT,Lakeside,2026,Fall,1,0,0,0,0,0,0
Central Washington University,WA,CA,Montebello,2024,Fall,1,0,0,0,0,0,0
Central Washington University,WA,WA,Moxee City,2025,Fall,1,0,0,0,0,0,0
Central Washington University,WA,CA,Suisun,2024,Fall,1,0,0,0,0,0,0
Central Washington University,WA,HI,Waikoloa,2024,Fall,1,0,0,0,0,0,0
Central Washington University,WA,WA,gradview,2024,Fall,1,1,1,1,1,1,1
Central Washington University,WA,HI,Lahaina,2024,Fall,1,2,1,1,0,0,0
Central Washington University,WA,WI,Madison,2026,Fall,1,1,1,1,0,0,0
Central Washington University,WA,MP,Saipan,2024,Fall,1,2,1,1,0,0,0
Central Washington University,WA,UT,Moab,2026,Fall,1,1,1,1,0,0,0
Central Washington University,WA,CA,Los Altos Hls,2025,Fall,1,1,1,1,0,0,0
Central Washington University,WA,CA,San Marcos,2024,Fall,1,1,1,1,0,0,0
Central Washington University,WA,CA,Ladera Ranch,2024,Fall,1,2,2,2,0,0,0
Central Washington University,WA,CA,Milpitas,2025,Fall,1,1,0,0,0,0,0
Central Washington University,WA,TX,Stafford,2026,Fall,1,0,0,0,0,0,0
Central Washington University,WA,WI,Waterford,2025,Fall,1,0,0,0,0,0,0
Central Washington University,WA,Addis Ababa,Adiss Ababa,2026,Fall,1,0,0,0,0,0,0
Central Washington University,WA,AK,Seward,2024,Fall,1,0,0,0,0,0,0
Central Washington University,WA,AK,Fort Wainwright,2025,Fall,1,2,0,0,0,0,0
Central Washington University,WA,TX,Hughes Spgs,2026,Fall,1,0,0,0,0,0,0
Central Washington University,WA,AR,Hot Springs National Park,2026,Fall,1,0,0,0,0,0,0
Central Washington University,WA,UT,Redmond,2026,Fall,1,0,0,0,0,0,0
Central Washington University,WA,TX,Hewitt,2024,Fall,1,0,0,0,0,0,0
Central Washington University,WA,TX,Chandler,2026,Fall,1,0,0,0,0,0,0
Central Washington University,WA,CA,Pollock Pines,2026,Fall,1,0,0,0,0,0,0
Central Washington University,WA,IN,Tell City,2026,Fall,1,0,0,0,0,0,0
Central Washington University,WA,CA,Turlock,2025,Fall,1,0,0,0,0,0,0
Central Washington University,WA,ID,Dalton Gdns,2024,Fall,1,0,0,0,0,0,0
Central Washington University,WA,CA,Eastvale,2025,Fall,1,0,0,0,0,0,0
Central Washington University,WA,WI,New Berlin,2026,Fall,1,0,0,0,0,0,0
Central Washington University,WA,TX,Stephenville,2024,Fall,1,0,0,0,0,0,0
Central Washington University,WA,NM,Gallup,2025,Fall,1,0,0,0,0,0,0
Central Washington University,WA,CO,Rocky Ford,2025,Fall,1,0,0,0,0,0,0
Central Washington University,WA,CA,San Clemete,2025,Fall,1,0,0,0,0,0,0
Central Washington University,WA,TN,Lawrenceburg,2026,Fall,1,0,0,0,0,0,0
Central Washington University,WA,WA,Satsop,2026,Fall,1,0,0,0,0,0,0
Central Washington University,WA,TN,Bartlett,2026,Fall,1,0,0,0,0,0,0
Central Washington University,WA,MT,Roundup,2024,Fall,1,0,0,0,0,0,0
Central Washington University,WA,IL,Romeoville,2024,Fall,1,0,0,0,0,0,0
Central Washington University,WA,CA,Fort Irwin,2025,Fall,1,0,0,0,0,0,0
Central Washington University,WA,IN,Hebron,2026,Fall,1,1,1,1,0,0,0
Central Washington University,WA,OR,Aloha,2024,Fall,1,1,1,1,0,0,0
Central Washington University,WA,AK,Aniak,2026,Fall,1,1,1,1,0,0,0
Central Washington University,WA,CA,Pacifica,2024,Fall,1,1,1,1,0,0,0
Central Washington University,WA,AR,Huntsville,2024,Fall,1,1,1,1,0,0,0
Central Washington University,WA,IL,Yorkville,2024,Fall,1,0,0,0,0,0,0
Central Washington University,WA,CT,Bridgeport,2026,Fall,1,0,0,0,0,0,0
Central Washington University,WA,IN,Saint Paul,2026,Fall,1,0,0,0,0,0,0
Central Washington University,WA,HI,Paia,2025,Fall,1,0,0,0,0,0,0
Central Washington University,WA,VA,Exmore,2026,Fall,1,0,0,0,0,0,0
Central Washington University,WA,CA,San Pablo,2026,Fall,1,0,0,0,0,0,0
Central Washington University,WA,MT,East Helena,2024,Fall,1,0,0,0,0,0,0
Central Washington University,WA,CA,Moraga,2026,Fall,1,0,0,0,0,0,0
Central Washington University,WA,CA,Burlingame,2026,Fall,1,0,0,0,0,0,0
Central Washington University,WA,UT,Saratoga Spgs,2025,Fall,1,0,0,0,0,0,0
Central Washington University,WA,OR,Gold Hill,2026,Fall,1,0,0,0,0,0,0
Central Washington University,WA,CA,Santa Cruz,2026,Fall,1,0,0,0,0,0,0
Central Washington University,WA,MA,Somerset,2025,Fall,1,0,0,0,0,0,0
Central Washington University,WA,CA,Malibu,2026,Fall,1,0,0,0,0,0,0
Central Washington University,WA,SD,Corsica,2025,Fall,1,0,0,0,0,0,0
Central Washington University,WA,FL,Ponte Vedra,2026,Fall,1,0,0,0,0,0,0
Central Washington University,WA,VA,Falls Church,2026,Fall,1,0,0,0,0,0,0
Central Washington University,WA,CT,Southbury,2025,Fall,1,0,0,0,0,0,0
Central Washington University,WA,CA,Los Banos,2026,Fall,1,0,0,0,0,0,0
Central Washington University,WA,CA,Cool,2026,Fall,1,0,0,0,0,0,0
Central Washington University,WA,OR,Christmas Vly,2025,Fall,1,0,0,0,0,0,0
Central Washington University,WA,CA,Mecca,2024,Fall,1,0,0,0,0,0,0
Central Washington University,WA,IL,Springfield,2025,Fall,1,0,0,0,0,0,0
Central Washington University,WA,TX,Justin,2026,Fall,1,0,0,0,0,0,0
Central Washington University,WA,CO,Wellington,2025,Fall,1,0,0,0,0,0,0
Central Washington University,WA,OR,Drewsey,2025,Fall,1,0,0,0,0,0,0
Central Washington University,WA,WA,Husum,2025,Fall,1,0,0,0,0,0,0
Central Washington University,WA,FL,Navarre,2026,Fall,1,0,0,0,0,0,0
Central Washington University,WA,MO,Fredericktown,2026,Fall,1,0,0,0,0,0,0
Central Washington University,WA,CA,Malibu,2025,Fall,1,0,0,0,0,0,0
Central Washington University,WA,TX,Stephenville,2025,Fall,1,0,0,0,0,0,0
Central Washington University,WA,WA,Joint Base Lewis Mcchord,2026,Fall,1,4,2,2,1,1,1
Central Washington University,WA,IN,Mishawaka,2025,Fall,1,1,1,1,1,1,1
Central Washington University,WA,CA,Lafayette,2026,Fall,1,1,1,1,1,1,1
Central Washington University,WA,UT,Ogden,2025,Fall,1,2,2,2,0,0,0
Central Washington University,WA,GA,Peachtree Corners,2024,Fall,1,1,1,1,0,0,0
Central Washington University,WA,WA,Winthrop,2024,Fall,1,1,1,1,0,0,0
Central Washington University,WA,AZ,Vail,2024,Fall,1,1,1,1,0,0,0
Central Washington University,WA,CA,Gilroy,2026,Fall,1,1,1,1,0,0,0
Central Washington University,WA,OR,Astoria,2024,Fall,1,1,0,0,0,0,0
Central Washington University,WA,CA,Chino,2024,Fall,1,0,0,0,0,0,0
Central Washington University,WA,FL,Laud Lakes,2026,Fall,1,0,0,0,0,0,0
Central Washington University,WA,CA,Burlingame,2025,Fall,1,0,0,0,0,0,0
Central Washington University,WA,MS,Hattiesburg,2024,Fall,1,0,0,0,0,0,0
Central Washington University,WA,CA,Sn Bernrdno,2026,Fall,1,0,0,0,0,0,0
Central Washington University,WA,CA,Galt,2024,Fall,1,0,0,0,0,0,0
Central Washington University,WA,OK,Langston,2026,Fall,1,0,0,0,0,0,0
Central Washington University,WA,CT,Hartford,2025,Fall,1,0,0,0,0,0,0
Central Washington University,WA,TN,Smyrna,2025,Fall,1,1,0,0,0,0,0
Central Washington University,WA,AZ,Camp Verde,2026,Fall,1,0,0,0,0,0,0
Central Washington University,WA,CA,Nevada City,2024,Fall,1,0,0,0,0,0,0
Central Washington University,WA,IL,Dixon,2024,Fall,1,0,0,0,0,0,0
Central Washington University,WA,MT,Bonner,2026,Fall,1,0,0,0,0,0,0
Central Washington University,WA,FL,Jupiter,2026,Fall,1,0,0,0,0,0,0
Central Washington University,WA,WA,Vantage,2026,Fall,1,0,0,0,0,0,0
Central Washington University,WA,MT,Moiese,2025,Fall,1,0,0,0,0,0,0
Central Washington University,WA,Selibe Phikwe,Selibe-Phikwe,2025,Fall,1,0,0,0,0,0,0
Central Washington University,WA,ID,Clark Fork,2025,Fall,1,0,0,0,0,0,0
Central Washington University,WA,ID,Plummer,2026,Fall,1,0,0,0,0,0,0
Central Washington University,WA,SC,Florence,2026,Fall,1,0,0,0,0,0,0
Central Washington University,WA,BC,Langley Township,2026,Fall,1,0,0,0,0,0,0
Central Washington University,WA,UT,Kaysville,2025,Fall,1,0,0,0,0,0,0
Central Washington University,WA,IL,Winthrop Hbr,2025,Fall,1,0,0,0,0,0,0
Central Washington University,WA,AK,Naknek,2025,Fall,1,0,0,0,0,0,0
Central Washington University,WA,CA,Foothill Rnch,2026,Fall,1,0,0,0,0,0,0
Central Washington University,WA,HI,Na’alehu,2026,Fall,1,0,0,0,0,0,0
Central Washington University,WA,VI,Bahamas,2026,Fall,1,0,0,0,0,0,0
Central Washington University,WA,TX,Flower Mound,2024,Fall,1,0,0,0,0,0,0
Central Washington University,WA,WA,Olalla,2024,Fall,1,5,4,4,1,1,1
Central Washington University,WA,WA,Coulee Dam,2025,Fall,1,2,2,1,0,0,1
Central Washington University,WA,WA,Keller,2025,Fall,1,1,1,1,1,1,1
Central Washington University,WA,OH,Cleveland,2026,Fall,1,1,1,1,0,0,0
Central Washington University,WA,WA,Loomis,2024,Fall,1,1,1,1,0,0,0
Central Washington University,WA,CA,Menlo Park,2026,Fall,1,1,1,1,0,0,0
Central Washington University,WA,CA,Buena Park,2024,Fall,1,1,0,0,0,0,0
Central Washington University,WA,HI,Koloa,2026,Fall,1,0,0,0,0,0,0
Central Washington University,WA,NJ,Cherry Hill,2026,Fall,1,0,0,0,0,0,0
Central Washington University,WA,WA,chehalis,2024,Fall,1,1,0,0,0,0,0
Central Washington University,WA,NC,Oakboro,2026,Fall,1,0,0,0,0,0,0
Central Washington University,WA,IN,Mount Vernon,2025,Fall,1,0,0,0,0,0,0
Central Washington University,WA,IL,Osco,2024,Fall,1,0,0,0,0,0,0
Central Washington University,WA,MT,Emigrant,2025,Fall,1,0,0,0,0,0,0
Central Washington University,WA,UT,Nibley,2025,Fall,1,0,0,0,0,0,0
Central Washington University,WA,OH,Hilliard,2026,Fall,1,0,0,0,0,0,0
Central Washington University,WA,VA,Hampton,2024,Fall,1,0,0,0,0,0,0
Central Washington University,WA,SC,Columbia,2025,Fall,1,0,0,0,0,0,0
Central Washington University,WA,CA,Ramona,2026,Fall,1,0,0,0,0,0,0
Central Washington University,WA,NJ,Gloucester Cy,2026,Fall,1,0,0,0,0,0,0
Central Washington University,WA,MT,Pinesdale,2026,Fall,1,0,0,0,0,0,0
Central Washington University,WA,IN,Decatur,2025,Fall,1,0,0,0,0,0,0
Central Washington University,WA,IL,Chicago Ridge,2025,Fall,1,0,0,0,0,0,0
Central Washington University,WA,WA,Hobart,2025,Fall,1,0,0,0,0,0,0
Central Washington University,WA,PA,Ardmore,2025,Fall,1,0,0,0,0,0,0
Central Washington University,WA,IL,Galena,2025,Fall,1,0,0,0,0,0,0
Central Washington University,WA,CA,Acampo,2026,Fall,1,0,0,0,0,0,0
Central Washington University,WA,MN,Minnetonka,2024,Fall,1,0,0,0,0,0,0
Central Washington University,WA,CO,Idaho Springs,2025,Fall,1,0,0,0,0,0,0
Central Washington University,WA,Rheinland-Pfalz,Trier,2026,Fall,1,0,0,0,0,0,0
Central Washington University,WA,VA,Haymarket,2026,Fall,1,0,0,0,0,0,0
Central Washington University,WA,OR,Sweet Home,2026,Fall,1,0,0,0,0,0,0
Central Washington University,WA,TX,Lake Jackson,2025,Fall,1,1,1,1,1,1,1
Central Washington University,WA,WA,Parkland,2024,Fall,1,2,1,1,0,0,0
Central Washington University,WA,OR,Prineville,2026,Fall,1,1,1,1,0,0,0
Central Washington University,WA,WA,Lummi Island,2025,Fall,1,1,1,1,0,0,0
Central Washington University,WA,WA,Ryderwood,2026,Fall,1,1,0,0,0,0,0
Central Washington University,WA,Maputo,Maputo,2024,Fall,1,1,0,0,0,0,0
Central Washington University,WA,NM,Las Cruces,2025,Fall,1,1,0,0,0,0,0
Central Washington University,WA,CA,Sn Luis Obisp,2025,Fall,1,0,0,0,0,0,0
Central Washington University,WA,GA,Jasper,2026,Fall,1,0,0,0,0,0,0
Central Washington University,WA,CA,Atascadero,2025,Fall,1,0,0,0,0,0,0
Central Washington University,WA,Central Region,Kampala,2024,Fall,1,0,0,0,0,0,0
Central Washington University,WA,WA,Pe Ell,2026,Fall,1,0,0,0,0,0,0
Central Washington University,WA,AL,Center Point,2026,Fall,1,0,0,0,0,0,0
Central Washington University,WA,NM,Los Lunas,2026,Fall,1,0,0,0,0,0,0
Central Washington University,WA,MT,Augusta,2026,Fall,1,0,0,0,0,0,0
Central Washington University,WA,MT,Reed Point,2025,Fall,1,0,0,0,0,0,0
Central Washington University,WA,KS,Salina,2026,Fall,1,0,0,0,0,0,0
Central Washington University,WA,Fergana,Fergana Region,2026,Fall,1,0,0,0,0,0,0
Central Washington University,WA,HI,Kea’au,2026,Fall,1,0,0,0,0,0,0
Central Washington University,WA,Bagmati Province,Kathmandu,2024,Fall,1,0,0,0,0,0,0
Central Washington University,WA,TX,Scurry,2026,Fall,1,0,0,0,0,0,0
Central Washington University,WA,Lagos,Lagos,2025,Fall,1,0,0,0,0,0,0
Central Washington University,WA,IA,Ottumwa,2025,Fall,1,0,0,0,0,0,0
Central Washington University,WA,Mashonaland East,Marondera,2025,Fall,1,0,0,0,0,0,0
Central Washington University,WA,OR,Rogue River,2024,Fall,1,0,0,0,0,0,0
Central Washington University,WA,WA,Methow,2026,Fall,1,1,0,0,0,0,0
Central Washington University,WA,MT,Wilsall,2025,Fall,1,0,0,0,0,0,0
Central Washington University,WA,PA,Pottstown,2026,Fall,1,0,0,0,0,0,0
Central Washington University,WA,SC,Mc Cormick,2026,Fall,1,0,0,0,0,0,0
Central Washington University,WA,FL,Lynn Haven,2024,Fall,1,0,0,0,0,0,0
Central Washington University,WA,HI,Kea'au,2026,Fall,1,0,0,0,0,0,0
Central Washington University,WA,MI,St Clr Shores,2026,Fall,1,0,0,0,0,0,0
Central Washington University,WA,MI,Edwardsburg,2024,Fall,1,1,1,1,1,1,1
Central Washington University,WA,FL,Sebring,2026,Fall,1,1,1,1,0,0,0
Central Washington University,WA,AL,Montgomery,2025,Fall,1,1,1,1,0,0,0
Central Washington University,WA,TX,Magnolia,2024,Fall,1,1,1,1,0,0,0
Central Washington University,WA,TX,Killeen,2025,Fall,1,1,1,1,0,0,0
Central Washington University,WA,FL,New Smyrna,2024,Fall,1,1,1,1,0,0,0
Central Washington University,WA,AK,Houston,2024,Fall,1,1,1,1,0,0,0
Central Washington University,WA,FL,N Ft Myers,2024,Fall,1,0,0,0,0,0,0
Central Washington University,WA,CT,Naugatuck,2024,Fall,1,0,0,0,0,0,0
Central Washington University,WA,TX,Union Grove,2026,Fall,1,0,0,0,0,0,0
Central Washington University,WA,OR,Fairview,2025,Fall,1,0,0,0,0,0,0
Central Washington University,WA,CA,Lakewood,2026,Fall,1,0,0,0,0,0,0
Central Washington University,WA,WA,Hartline,2024,Fall,1,0,0,0,0,0,0
Central Washington University,WA,GA,Canton,2025,Fall,1,0,0,0,0,0,0
Central Washington University,WA,NM,Isleta,2026,Fall,1,0,0,0,0,0,0
Central Washington University,WA,FL,Coconut Creek,2025,Fall,1,0,0,0,0,0,0
Central Washington University,WA,KS,Shawnee,2024,Fall,1,0,0,0,0,0,0
Central Washington University,WA,MI,Royal Oak,2025,Fall,1,0,0,0,0,0,0
Central Washington University,WA,CA,Coto De Caza,2025,Fall,1,0,0,0,0,0,0
Central Washington University,WA,FL,Pensacola,2026,Fall,1,0,0,0,0,0,0
Central Washington University,WA,TX,Wichita Falls,2025,Fall,1,0,0,0,0,0,0
Central Washington University,WA,OR,La Grande,2025,Fall,1,0,0,0,0,0,0
Central Washington University,WA,WA,Adna,2025,Fall,1,0,0,0,0,0,0
Central Washington University,WA,NC,Kinston,2026,Fall,1,0,0,0,0,0,0
Central Washington University,WA,IL,Pt Barrington,2026,Fall,1,0,0,0,0,0,0
Central Washington University,WA,VA,South Boston,2026,Fall,1,0,0,0,0,0,0
Central Washington University,WA,HI,Kapa?a,2024,Fall,1,0,0,0,0,0,0
Central Washington University,WA,IL,Peoria,2024,Fall,1,0,0,0,0,0,0
Central Washington University,WA,NJ,Sicklerville,2026,Fall,1,0,0,0,0,0,0
Central Washington University,WA,IA,Montezuma,2026,Fall,1,0,0,0,0,0,0
Central Washington University,WA,KY,Corbin,2026,Fall,1,0,0,0,0,0,0
Central Washington University,WA,KY,Sadieville,2025,Fall,1,0,0,0,0,0,0
Central Washington University,WA,UT,Provo,2024,Fall,1,0,0,0,0,0,0
Central Washington University,WA,TX,Wimberley,2024,Fall,1,0,0,0,0,0,0
Central Washington University,WA,CA,Sunnyvale,2024,Fall,1,3,3,3,1,1,1
Central Washington University,WA,WA,TWISP,2024,Fall,1,1,1,1,0,0,0
Central Washington University,WA,AK,Kasilof,2024,Fall,1,2,1,1,0,0,0
Central Washington University,WA,MI,Muskegon,2024,Fall,1,0,0,0,0,0,0
Central Washington University,WA,KY,Stearns,2025,Fall,1,0,0,0,0,0,0
Central Washington University,WA,IL,Davis,2025,Fall,1,0,0,0,0,0,0
Central Washington University,WA,IL,Lombard,2025,Fall,1,0,0,0,0,0,0
Central Washington University,WA,GA,Douglasville,2025,Fall,1,0,0,0,0,0,0
Central Washington University,WA,TX,Alpine,2025,Fall,1,0,0,0,0,0,0
Central Washington University,WA,IL,Fairview Hts,2026,Fall,1,0,0,0,0,0,0
Central Washington University,WA,OR,Powell Butte,2026,Fall,1,0,0,0,0,0,0
Central Washington University,WA,MA,Malden,2026,Fall,1,0,0,0,0,0,0
Central Washington University,WA,OR,Hebo,2026,Fall,1,0,0,0,0,0,0
Central Washington University,WA,VA,Moseley,2026,Fall,1,0,0,0,0,0,0
Central Washington University,WA,OH,Piqua,2024,Fall,1,0,0,0,0,0,0
Central Washington University,WA,CA,Guadalupe,2025,Fall,1,0,0,0,0,0,0
Central Washington University,WA,GA,Jonesboro,2024,Fall,1,0,0,0,0,0,0
Central Washington University,WA,AK,Ambler,2024,Fall,1,0,0,0,0,0,0
Central Washington University,WA,WA,West richland,2025,Fall,1,0,0,0,0,0,0
Central Washington University,WA,IL,Gilberts,2025,Fall,1,0,0,0,0,0,0
Central Washington University,WA,CA,El Monte,2025,Fall,1,0,0,0,0,0,0
Central Washington University,WA,MN,Circle Pines,2026,Fall,1,0,0,0,0,0,0
Central Washington University,WA,CO,Wiggins,2024,Fall,1,0,0,0,0,0,0
Central Washington University,WA,IL,Mt Zion,2024,Fall,1,0,0,0,0,0,0
Central Washington University,WA,WA,Clayton,2025,Fall,1,0,0,0,0,0,0
Central Washington University,WA,LA,Bossier City,2026,Fall,1,0,0,0,0,0,0
Central Washington University,WA,WA,Ashford,2025,Fall,1,0,0,0,0,0,0
Central Washington University,WA,WA,Lacenter,2025,Fall,1,0,0,0,0,0,0
Central Washington University,WA,WA,Lacrosse,2025,Fall,1,0,0,0,0,0,0
Central Washington University,WA,NC,Holly Springs,2025,Fall,1,0,0,0,0,0,0
Central Washington University,WA,GA,Albany,2024,Fall,1,0,0,0,0,0,0
Central Washington University,WA,MT,Buffalo,2026,Fall,1,0,0,0,0,0,0
Central Washington University,WA,NM,Alamogordo,2025,Fall,1,0,0,0,0,0,0
Central Washington University,WA,CA,Oceanside,2024,Fall,1,1,1,1,0,0,0
Central Washington University,WA,TX,Rosharon,2024,Fall,1,1,1,0,0,0,0
Central Washington University,WA,CA,Camarillo,2026,Fall,1,1,1,1,0,0,0
Central Washington University,WA,ND,Fargo,2026,Fall,1,1,1,1,0,0,0
Central Washington University,WA,IL,Georgetown,2026,Fall,1,1,1,0,0,0,0
Central Washington University,WA,CA,Valley Vlg,2026,Fall,1,0,0,0,0,0,0
Central Washington University,WA,WY,Dayton,2026,Fall,1,0,0,0,0,0,0
Central Washington University,WA,AZ,Peoria,2024,Fall,1,1,0,0,0,0,0
Central Washington University,WA,FL,Gainesville,2026,Fall,1,0,0,0,0,0,0
Central Washington University,WA,IN,Carmel,2026,Fall,1,0,0,0,0,0,0
Central Washington University,WA,WY,Jackson,2025,Fall,1,0,0,0,0,0,0
Central Washington University,WA,SC,Gaffney,2024,Fall,1,0,0,0,0,0,0
Central Washington University,WA,HI,Ocean View,2026,Fall,1,0,0,0,0,0,0
Central Washington University,WA,CO,Fort Morgan,2025,Fall,1,0,0,0,0,0,0
Central Washington University,WA,WA,Satsop,2024,Fall,1,0,0,0,0,0,0
Central Washington University,WA,OR,Oakland,2025,Fall,1,0,0,0,0,0,0
Central Washington University,WA,CA,Berkeley,2024,Fall,1,0,0,0,0,0,0
Central Washington University,WA,Almaty Oblysy,Almaty Oblysy,2025,Fall,1,0,0,0,0,0,0
Central Washington University,WA,RI,Pascoag,2026,Fall,1,0,0,0,0,0,0
Central Washington University,WA,MI,Eau Claire,2026,Fall,1,0,0,0,0,0,0
Central Washington University,WA,CA,Montague,2025,Fall,1,0,0,0,0,0,0
Central Washington University,WA,FL,New Prt Rchy,2025,Fall,1,0,0,0,0,0,0
Central Washington University,WA,WV,Charleston,2024,Fall,1,0,0,0,0,0,0
Central Washington University,WA,OR,Amity,2025,Fall,1,0,0,0,0,0,0
Central Washington University,WA,CA,Redding,2025,Fall,1,0,0,0,0,0,0
Central Washington University,WA,NY,Fresh Meadows,2026,Fall,1,0,0,0,0,0,0
Central Washington University,WA,NY,Old Forge,2025,Fall,1,0,0,0,0,0,0
Central Washington University,WA,ID,Cottonwood,2026,Fall,1,0,0,0,0,0,0
Central Washington University,WA,OR,Fruitland,2026,Fall,1,0,0,0,0,0,0
Central Washington University,WA,OR,North Bend,2025,Fall,1,0,0,0,0,0,0
Central Washington University,WA,SAMARKAND,Samarkand,2024,Fall,1,6,6,5,1,1,1
Central Washington University,WA,CA,Lompoc,2024,Fall,1,1,1,1,0,0,0
Central Washington University,WA,GA,Lawrenceville,2024,Fall,1,1,1,1,0,0,0
Central Washington University,WA,CA,Rocklin,2024,Fall,1,2,1,1,0,0,0
Central Washington University,WA,KY,Cerulean,2024,Fall,1,1,1,1,0,0,0
Central Washington University,WA,ID,Blackfoot,2025,Fall,1,1,0,0,0,0,0
Central Washington University,WA,WA,Husum,2026,Fall,1,2,2,1,0,0,0
Central Washington University,WA,CA,West Sacramento,2024,Fall,1,0,0,0,0,0,0
Central Washington University,WA,Tashkent,Tashkent,2025,Fall,1,0,0,0,0,0,0
Central Washington University,WA,FL,Wilton Manors,2024,Fall,1,0,0,0,0,0,0
Central Washington University,WA,IL,Round Lake,2025,Fall,1,0,0,0,0,0,0
Central Washington University,WA,KS,Wellsville,2026,Fall,1,0,0,0,0,0,0
Central Washington University,WA,CO,Highlands Ranch,2026,Fall,1,0,0,0,0,0,0
Central Washington University,WA,GU,Tamuning,2026,Fall,1,0,0,0,0,0,0
Central Washington University,WA,CA,Huntington Beach,2024,Fall,1,0,0,0,0,0,0
Central Washington University,WA,LA,Youngsville,2026,Fall,1,0,0,0,0,0,0
Central Washington University,WA,FL,Hollywood,2026,Fall,1,0,0,0,0,0,0
Central Washington University,WA,ID,Twin Lakes,2025,Fall,1,0,0,0,0,0,0
Central Washington University,WA,WA,Palisades,2026,Fall,1,0,0,0,0,0,0
Central Washington University,WA,TX,Hutto,2026,Fall,1,0,0,0,0,0,0
Central Washington University,WA,MT,Absarokee,2026,Fall,1,0,0,0,0,0,0
Central Washington University,WA,LA,Stonewall,2025,Fall,1,0,0,0,0,0,0
Central Washington University,WA,NC,Bunnlevel,2026,Fall,1,0,0,0,0,0,0
Central Washington University,WA,NC,Ocean Isl Bch,2025,Fall,1,0,0,0,0,0,0
Central Washington University,WA,LA,Minden,2026,Fall,1,0,0,0,0,0,0
Central Washington University,WA,FL,N Miami Beach,2026,Fall,1,0,0,0,0,0,0
Central Washington University,WA,TX,San Angelo,2026,Fall,1,0,0,0,0,0,0
Central Washington University,WA,MO,Raytown,2026,Fall,1,0,0,0,0,0,0
Central Washington University,WA,CA,Lincoln,2026,Fall,1,1,1,1,1,1,1
Central Washington University,WA,CO,Monument,2026,Fall,1,1,1,1,1,1,1
Central Washington University,WA,ID,Cocolalla,2024,Fall,1,1,1,1,1,1,1
Central Washington University,WA,MT,Belgrade,2024,Fall,1,2,1,1,0,0,0
Central Washington University,WA,WY,Jackson,2024,Fall,1,2,1,1,0,0,0
Central Washington University,WA,CA,Carlsbad,2024,Fall,1,2,2,2,0,0,0
Central Washington University,WA,CA,Winchester,2025,Fall,1,1,1,1,0,0,0
Central Washington University,WA,IL,Orland Park,2024,Fall,1,1,1,1,0,0,0
Central Washington University,WA,WA,Tokeland,2024,Fall,1,1,1,0,0,0,0
Central Washington University,WA,AP,FPO,2026,Fall,1,1,1,1,0,0,0
Central Washington University,WA,WA,lakewood,2025,Fall,1,1,0,0,0,0,0
Central Washington University,WA,GA,Monticello,2025,Fall,1,0,0,0,0,0,0
Central Washington University,WA,TX,Fresno,2024,Fall,1,0,0,0,0,0,0
Central Washington University,WA,CO,Westcliffe,2026,Fall,1,0,0,0,0,0,0
Central Washington University,WA,IL,Moline,2026,Fall,1,0,0,0,0,0,0
Central Washington University,WA,TX,Burnet,2026,Fall,1,0,0,0,0,0,0
Central Washington University,WA,WY,Casper,2025,Fall,1,0,0,0,0,0,0
Central Washington University,WA,VA,Lorton,2025,Fall,1,0,0,0,0,0,0
Central Washington University,WA,WI,Eau Claire,2026,Fall,1,0,0,0,0,0,0
Central Washington University,WA,ID,Heyburn,2026,Fall,1,0,0,0,0,0,0
Central Washington University,WA,Eastern,Abqaiq,2026,Fall,1,0,0,0,0,0,0
Central Washington University,WA,CA,Morro Bay,2026,Fall,1,0,0,0,0,0,0
Central Washington University,WA,OR,Boring,2025,Fall,1,0,0,0,0,0,0
Central Washington University,WA,OR,Silverton,2025,Fall,1,0,0,0,0,0,0
Central Washington University,WA,CA,Ventura,2025,Fall,1,0,0,0,0,0,0
Central Washington University,WA,WA,Tracyton,2026,Fall,1,0,0,0,0,0,0
Central Washington University,WA,NH,Pelham,2026,Fall,1,0,0,0,0,0,0
Central Washington University,WA,TX,Borger,2026,Fall,1,0,0,0,0,0,0
Central Washington University,WA,MD,Germantown,2025,Fall,1,0,0,0,0,0,0
Central Washington University,WA,KY,Harrodsburg,2026,Fall,1,0,0,0,0,0,0
Central Washington University,WA,CO,Frederick,2024,Fall,1,0,0,0,0,0,0
Central Washington University,WA,WA,Cinebar,2025,Fall,1,0,0,0,0,0,0
Central Washington University,WA,CA,Redding,2026,Fall,1,0,0,0,0,0,0
Central Washington University,WA,Kanagawa,???,2025,Fall,1,0,0,0,0,0,0
Central Washington University,WA,VA,Suffolk,2026,Fall,1,0,0,0,0,0,0
Central Washington University,WA,CA,Moraga,2024,Fall,1,0,0,0,0,0,0
Central Washington University,WA,CA,Dana Point,2024,Fall,1,0,0,0,0,0,0
Central Washington University,WA,CO,Montrose,2025,Fall,1,0,0,0,0,0,0
Central Washington University,WA,AB,Calgary,2024,Fall,1,0,0,0,0,0,0
Central Washington University,WA,MT,Vaughn,2024,Fall,1,0,0,0,0,0,0
Central Washington University,WA,FL,Fern Bch,2026,Fall,1,0,0,0,0,0,0
Central Washington University,WA,IL,Sycamore,2025,Fall,1,0,0,0,0,0,0
Central Washington University,WA,CA,Simi Valley,2024,Fall,1,1,1,1,1,1,1
Central Washington University,WA,WA,snoqualmie ,2025,Fall,1,1,1,1,1,1,1
Central Washington University,WA,NY,Averill Park,2026,Fall,1,1,1,1,0,0,0
Central Washington University,WA,CO,Breckenridge,2024,Fall,1,3,3,3,0,0,0
Central Washington University,WA,NC,Charlotte,2024,Fall,1,1,1,1,0,0,0
Central Washington University,WA,MD,Prnc Frederck,2024,Fall,1,1,1,1,0,0,0
Central Washington University,WA,Southern Region,Blantyre,2024,Fall,1,1,0,0,0,0,0
Central Washington University,WA,HI,Waimanalo,2025,Fall,1,0,0,0,0,0,0
Central Washington University,WA,ID,Bonners Ferry,2025,Fall,1,1,0,0,0,0,0
Central Washington University,WA,TX,Beaumont,2025,Fall,1,0,0,0,0,0,0
Central Washington University,WA,ID,Sun Valley,2026,Fall,1,0,0,0,0,0,0
Central Washington University,WA,MO,Florissant,2026,Fall,1,0,0,0,0,0,0
Central Washington University,WA,VA,Dumfries,2025,Fall,1,0,0,0,0,0,0
Central Washington University,WA,UT,Spanish Fork Highschool,2026,Fall,1,0,0,0,0,0,0
Central Washington University,WA,VA,Carrollton,2026,Fall,1,0,0,0,0,0,0
Central Washington University,WA,LA,Gray,2026,Fall,1,0,0,0,0,0,0
Central Washington University,WA,MD,Fort Meade,2025,Fall,1,0,0,0,0,0,0
Central Washington University,WA,Uasin Gishu,Eldoret,2024,Fall,1,1,0,0,0,0,0
Central Washington University,WA,Tamil Nadu,Chennai,2024,Fall,1,0,0,0,0,0,0
Central Washington University,WA,AK,Kodiak,2024,Fall,1,0,0,0,0,0,0
Central Washington University,WA,NJ,Howell,2026,Fall,1,0,0,0,0,0,0
Central Washington University,WA,AK,Nome,2025,Fall,1,0,0,0,0,0,0
Central Washington University,WA,ND,Bismarck,2026,Fall,1,0,0,0,0,0,0
Central Washington University,WA,WA,Ronald,2024,Fall,1,0,0,0,0,0,0
Central Washington University,WA,NJ,Fairview,2025,Fall,1,0,0,0,0,0,0
Central Washington University,WA,CA,Lincoln,2025,Fall,1,0,0,0,0,0,0
Central Washington University,WA,MT,North Browning,2026,Fall,1,0,0,0,0,0,0
Central Washington University,WA,PA,Ruffs Dale,2025,Fall,1,0,0,0,0,0,0
Central Washington University,WA,MS,Indianola,2025,Fall,1,0,0,0,0,0,0
Central Washington University,WA,ID,Garden City,2025,Fall,1,0,0,0,0,0,0
Central Washington University,WA,AP,FPO,2024,Fall,1,2,2,2,0,0,0
Central Washington University,WA,GA,Alpharetta,2025,Fall,1,1,1,1,0,0,0
Central Washington University,WA,OR,Lincoln City,2024,Fall,1,1,1,1,0,0,0
Central Washington University,WA,MT,Saint Ignatius,2025,Fall,1,1,0,0,0,0,0
Central Washington University,WA,MT,kalispell ,2025,Fall,1,1,0,0,0,0,0
Central Washington University,WA,MT,Belt,2025,Fall,1,0,0,0,0,0,0
Central Washington University,WA,FL,Valrico,2024,Fall,1,0,0,0,0,0,0
Central Washington University,WA,FL,Satellite Bch,2025,Fall,1,0,0,0,0,0,0
Central Washington University,WA,CA,Perris,2026,Fall,1,0,0,0,0,0,0
Central Washington University,WA,AZ,Fountain Hls,2024,Fall,1,0,0,0,0,0,0
Central Washington University,WA,OR,Glendale,2025,Fall,1,0,0,0,0,0,0
Central Washington University,WA,OK,Tahlequah,2026,Fall,1,0,0,0,0,0,0
Central Washington University,WA,IN,Evansville,2026,Fall,1,0,0,0,0,0,0
Central Washington University,WA,OR,Hubbard,2024,Fall,1,0,0,0,0,0,0
Central Washington University,WA,CA,Los angeles,2025,Fall,1,0,0,0,0,0,0
Central Washington University,WA,FL,Bunnell,2024,Fall,1,0,0,0,0,0,0
Central Washington University,WA,OR,Estacada,2025,Fall,1,0,0,0,0,0,0
Central Washington University,WA,NC,Battleboro,2025,Fall,1,1,0,0,0,0,0
Central Washington University,WA,CA,Greenbrae,2025,Fall,1,0,0,0,0,0,0
Central Washington University,WA,WA,Sedro-Woolley,2026,Fall,1,0,0,0,0,0,0
Central Washington University,WA,AL,Vinemont,2026,Fall,1,0,0,0,0,0,0
Central Washington University,WA,VA,Herndon,2026,Fall,1,0,0,0,0,0,0
Central Washington University,WA,TX,Corpus Christi,2026,Fall,1,0,0,0,0,0,0
Central Washington University,WA,UT,Saratoga Springs,2026,Fall,1,0,0,0,0,0,0
Central Washington University,WA,CT,Warren,2026,Fall,1,0,0,0,0,0,0
Central Washington University,WA,NY,Port Kent,2026,Fall,1,0,0,0,0,0,0
Central Washington University,WA,KY,Georgetown,2026,Fall,1,0,0,0,0,0,0
Central Washington University,WA,NC,High Point,2025,Fall,1,0,0,0,0,0,0
Central Washington University,WA,SC,Andrews,2026,Fall,1,0,0,0,0,0,0
Central Washington University,WA,SC,Irmo,2024,Fall,1,0,0,0,0,0,0
Central Washington University,WA,MI,Pontiac,2025,Fall,1,0,0,0,0,0,0
Central Washington University,WA,UT,Hooper,2026,Fall,1,0,0,0,0,0,0
Central Washington University,WA,SC,Simpsonville,2025,Fall,1,0,0,0,0,0,0
Central Washington University,WA,OR,Brightwood,2026,Fall,1,0,0,0,0,0,0
Central Washington University,WA,MN,Lakeville,2026,Fall,1,2,2,2,1,1,1
Central Washington University,WA,TX,Humble,2025,Fall,1,1,1,1,1,1,1
Central Washington University,WA,WA,Colfax,2024,Fall,1,4,4,3,1,1,2
Central Washington University,WA,IN,Hammond,2026,Fall,1,1,1,1,0,0,0
Central Washington University,WA,CA,Pittsburg,2024,Fall,1,2,2,1,0,0,0
Central Washington University,WA,ME,S Portland,2025,Fall,1,1,1,1,0,0,0
Central Washington University,WA,OK,Fort Sill,2026,Fall,1,1,1,1,0,0,0
Central Washington University,WA,ID,Viola,2025,Fall,1,1,1,1,0,0,0
Central Washington University,WA,MD,Montgomry Vlg,2024,Fall,1,1,1,1,0,0,0
Central Washington University,WA,CA,Santa Fe Spgs,2025,Fall,1,1,1,1,0,0,0
Central Washington University,WA,OR,Lyons,2026,Fall,1,1,1,0,0,0,0
Central Washington University,WA,CA,Whittier,2024,Fall,1,1,0,0,0,0,0
Central Washington University,WA,WA,Curlew,2024,Fall,1,0,0,0,0,0,0
Central Washington University,WA,HI,Kurtistown,2026,Fall,1,0,0,0,0,0,0
Central Washington University,WA,MO,Saint James,2026,Fall,1,0,0,0,0,0,0
Central Washington University,WA,NH,New Boston,2024,Fall,1,0,0,0,0,0,0
Central Washington University,WA,OR,Pilot Rock,2026,Fall,1,0,0,0,0,0,0
Central Washington University,WA,LA,Brusly,2026,Fall,1,0,0,0,0,0,0
Central Washington University,WA,NC,Greensboro,2025,Fall,1,0,0,0,0,0,0
Central Washington University,WA,NC,Belmont,2026,Fall,1,0,0,0,0,0,0
Central Washington University,WA,AZ,Globe,2026,Fall,1,0,0,0,0,0,0
Central Washington University,WA,CA,Winnetka,2025,Fall,1,0,0,0,0,0,0
Central Washington University,WA,WI,Whitewater,2026,Fall,1,0,0,0,0,0,0
Central Washington University,WA,WA,Coulee,2024,Fall,1,0,0,0,0,0,0
Central Washington University,WA,SD,Eagle Butte,2026,Fall,1,0,0,0,0,0,0
Central Washington University,WA,WY,Evansville,2026,Fall,1,0,0,0,0,0,0
Central Washington University,WA,AK,Nome,2026,Fall,1,0,0,0,0,0,0
Central Washington University,WA,OR,Cascade Locks,2025,Fall,1,0,0,0,0,0,0
Central Washington University,WA,PA,Harrisburg,2025,Fall,1,0,0,0,0,0,0
Central Washington University,WA,NJ,Randolph,2025,Fall,1,0,0,0,0,0,0
Central Washington University,WA,OR,Deadwood,2025,Fall,1,0,0,0,0,0,0
Central Washington University,WA,NC,Waynesville,2026,Fall,1,0,0,0,0,0,0
Central Washington University,WA,NC,Aulander,2025,Fall,1,0,0,0,0,0,0
Central Washington University,WA,IL,Westville,2024,Fall,1,0,0,0,0,0,0
Central Washington University,WA,ID,Orofino,2025,Fall,1,0,0,0,0,0,0
Central Washington University,WA,MT,Columbus,2024,Fall,1,0,0,0,0,0,0
Central Washington University,WA,FL,Hollywood,2025,Fall,1,0,0,0,0,0,0
Central Washington University,WA,MT,Moore,2025,Fall,1,0,0,0,0,0,0
Central Washington University,WA,KS,Shawnee,2026,Fall,1,0,0,0,0,0,0
Central Washington University,WA,CA,Montecito,2026,Fall,1,0,0,0,0,0,0
Central Washington University,WA,OH,Canal Wnchstr,2024,Fall,1,0,0,0,0,0,0
Central Washington University,WA,GA,Pitts,2026,Fall,1,0,0,0,0,0,0
Central Washington University,WA,KY,Lexington,2025,Fall,1,1,1,1,1,1,1
Central Washington University,WA,NV,Pahrump,2026,Fall,1,1,1,1,0,0,0
Central Washington University,WA,NV,Incline Vlg,2024,Fall,1,1,1,1,0,0,0
Central Washington University,WA,WA,Port orchard,2026,Fall,1,1,1,1,0,0,0
Central Washington University,WA,AK,Cordova,2024,Fall,1,1,1,1,0,0,0
Central Washington University,WA,CA,Berkeley,2025,Fall,1,1,1,1,0,0,0
Central Washington University,WA,IA,Ely,2026,Fall,1,0,0,0,0,0,0
Central Washington University,WA,SD,Batesland,2026,Fall,1,0,0,0,0,0,0
Central Washington University,WA,MS,Yazoo City,2025,Fall,1,0,0,0,0,0,0
Central Washington University,WA,OR,Adrian,2024,Fall,1,0,0,0,0,0,0
Central Washington University,WA,CA,Frazier Park,2024,Fall,1,0,0,0,0,0,0
Central Washington University,WA,LA,Haughton,2026,Fall,1,0,0,0,0,0,0
Central Washington University,WA,UT,Lehi,2024,Fall,1,0,0,0,0,0,0
Central Washington University,WA,WA,DuPont,2025,Fall,1,0,0,0,0,0,0
Central Washington University,WA,NC,Mooresville,2026,Fall,1,0,0,0,0,0,0
Central Washington University,WA,TX,Coppell,2025,Fall,1,0,0,0,0,0,0
Central Washington University,WA,TN,Columbia,2026,Fall,1,0,0,0,0,0,0
Central Washington University,WA,MD,Chestertown,2026,Fall,1,0,0,0,0,0,0
Central Washington University,WA,MT,Victor,2025,Fall,1,0,0,0,0,0,0
Central Washington University,WA,IA,Dubuque,2025,Fall,1,0,0,0,0,0,0
Central Washington University,WA,WA,Vancover,2025,Fall,1,0,0,0,0,0,0
Central Washington University,WA,IN,Angola,2026,Fall,1,0,0,0,0,0,0
Central Washington University,WA,CA,La Puente,2024,Fall,1,0,0,0,0,0,0
Central Washington University,WA,KS,Abilene,2026,Fall,1,0,0,0,0,0,0
Central Washington University,WA,CA,Guadalupe,2026,Fall,1,0,0,0,0,0,0
Central Washington University,WA,OR,Riddle,2026,Fall,1,0,0,0,0,0,0
Central Washington University,WA,Sao Paulo,Carapicuiba,2024,Fall,1,0,0,0,0,0,0
Central Washington University,WA,IN,Muncie,2026,Fall,1,0,0,0,0,0,0
Central Washington University,WA,NC,Tarawa Ter,2024,Fall,1,0,0,0,0,0,0
Central Washington University,WA,CA,W Hollywood,2025,Fall,1,0,0,0,0,0,0
Central Washington University,WA,WA,Sammiash,2026,Fall,1,0,0,0,0,0,0
Central Washington University,WA,PR,Isabela,2026,Fall,1,0,0,0,0,0,0
Central Washington University,WA,CA,Stanton,2025,Fall,1,0,0,0,0,0,0
Central Washington University,WA,HI,Ninole,2025,Fall,1,0,0,0,0,0,0
Central Washington University,WA,OK,Cherokee,2026,Fall,1,0,0,0,0,0,0
Central Washington University,WA,MN,Roseville,2024,Fall,1,1,1,1,1,0,1
Central Washington University,WA,AP,APO,2025,Fall,1,2,2,2,1,1,1
Central Washington University,WA,CA,Grass Valley,2024,Fall,1,2,1,1,0,0,0
Central Washington University,WA,Ulaanbaatar,Ulaanbaatar,2024,Fall,1,1,0,0,0,0,0
Central Washington University,WA,WV,Morgantown,2025,Fall,1,0,0,0,0,0,0
Central Washington University,WA,ID,Council,2025,Fall,1,0,0,0,0,0,0
Central Washington University,WA,MN,Minnetonka,2026,Fall,1,0,0,0,0,0,0
Central Washington University,WA,TN,Lebanon,2025,Fall,1,0,0,0,0,0,0
Central Washington University,WA,MI,Middleville,2026,Fall,1,0,0,0,0,0,0
Central Washington University,WA,PA,Mansfield,2025,Fall,1,0,0,0,0,0,0
Central Washington University,WA,FL,Pembroke Pines,2025,Fall,1,0,0,0,0,0,0
Central Washington University,WA,GA,Dalton,2024,Fall,1,0,0,0,0,0,0
Central Washington University,WA,CA,Solvang,2024,Fall,1,0,0,0,0,0,0
Central Washington University,WA,NM,Zuni,2025,Fall,1,0,0,0,0,0,0
Central Washington University,WA,AZ,Bagdad,2026,Fall,1,0,0,0,0,0,0
Central Washington University,WA,MN,Chanhassen,2026,Fall,1,0,0,0,0,0,0
Central Washington University,WA,MT,Clyde Park,2025,Fall,1,0,0,0,0,0,0
Central Washington University,WA,HI,Papaaloa,2026,Fall,1,0,0,0,0,0,0
Central Washington University,WA,CA,Paramount,2025,Fall,1,0,0,0,0,0,0
Central Washington University,WA,AL,Auburn,2026,Fall,1,0,0,0,0,0,0
Central Washington University,WA,CA,Solana Beach,2026,Fall,1,0,0,0,0,0,0
Central Washington University,WA,TN,Eads,2024,Fall,1,0,0,0,0,0,0
Central Washington University,WA,CA,Bayside,2024,Fall,1,0,0,0,0,0,0
Central Washington University,WA,OR,Shady Cove,2026,Fall,1,0,0,0,0,0,0
Central Washington University,WA,CO,Buena Vista,2024,Fall,1,0,0,0,0,0,0
Central Washington University,WA,Tokyo,Tokyo,2024,Fall,1,0,0,0,0,0,0
Central Washington University,WA,CA,Riverbank,2026,Fall,1,0,0,0,0,0,0
Central Washington University,WA,CA,Palm Springs,2026,Fall,1,0,0,0,0,0,0
Central Washington University,WA,CA,W Sacramento,2026,Fall,1,0,0,0,0,0,0
Central Washington University,WA,MI,Cadillac,2024,Fall,1,0,0,0,0,0,0
Central Washington University,WA,CA,Santa Fe Spgs,2026,Fall,1,0,0,0,0,0,0
Central Washington University,WA,MT,Noxon,2024,Fall,1,0,0,0,0,0,0
Central Washington University,WA,Centre-Loire Valley,Vierzon,2026,Fall,1,0,0,0,0,0,0
Central Washington University,WA,MT,Florence,2024,Fall,1,1,1,1,1,0,1
Central Washington University,WA,WA,Normandy Park,2024,Fall,1,6,5,5,1,1,1
Central Washington University,WA,CA,Rcho Sta Marg,2025,Fall,1,2,2,2,1,0,0
Central Washington University,WA,AK,Willow,2025,Fall,1,1,1,1,0,0,0
Central Washington University,WA,WA,Auburn/Lea hill,2025,Fall,1,1,1,0,0,0,0
Central Washington University,WA,CA,Santa Clara,2025,Fall,1,1,1,1,0,0,0
Central Washington University,WA,CA,Dublin,2026,Fall,1,1,1,1,0,0,0
Central Washington University,WA,CA,Livermore,2025,Fall,1,1,1,1,0,0,0
Central Washington University,WA,CA,Sunol,2026,Fall,1,1,1,1,0,0,0
Central Washington University,WA,TN,Kingsport,2025,Fall,1,1,1,0,0,0,0
Central Washington University,WA,MN,Lakeville,2025,Fall,1,1,1,0,0,0,0
Central Washington University,WA,AZ,Munds Park,2026,Fall,1,0,0,0,0,0,0
Central Washington University,WA,SC,Aiken,2026,Fall,1,0,0,0,0,0,0
Central Washington University,WA,PA,Hummelstown,2025,Fall,1,0,0,0,0,0,0
Central Washington University,WA,Chittagong,Chittagong,2024,Fall,1,0,0,0,0,0,0
Central Washington University,WA,PA,Ruffs Dale,2026,Fall,1,0,0,0,0,0,0
Central Washington University,WA,VA,Stafford,2026,Fall,1,0,0,0,0,0,0
Central Washington University,WA,MD,Baltimore,2025,Fall,1,0,0,0,0,0,0
Central Washington University,WA,CO,Florissant,2025,Fall,1,0,0,0,0,0,0
Central Washington University,WA,NC,Old Fort,2026,Fall,1,0,0,0,0,0,0
Central Washington University,WA,MI,Parma,2025,Fall,1,0,0,0,0,0,0
Central Washington University,WA,IL,Granite City,2026,Fall,1,0,0,0,0,0,0
Central Washington University,WA,WA,Moseslake,2025,Fall,1,0,0,0,0,0,0
Central Washington University,WA,TX,Aledo,2025,Fall,1,0,0,0,0,0,0
Central Washington University,WA,GA,Dallas,2026,Fall,1,0,0,0,0,0,0
Central Washington University,WA,TX,Aledo,2026,Fall,1,0,0,0,0,0,0
Central Washington University,WA,NV,Pahrump,2025,Fall,1,0,0,0,0,0,0
Central Washington University,WA,KS,Andover,2025,Fall,1,0,0,0,0,0,0
Central Washington University,WA,FL,Cape Coral,2026,Fall,1,0,0,0,0,0,0
Central Washington University,WA,UT,Orem,2025,Fall,1,0,0,0,0,0,0
Central Washington University,WA,Galicia,Narón,2024,Fall,1,0,0,0,0,0,0
Central Washington University,WA,MO,Webster Groves,2025,Fall,1,0,0,0,0,0,0
Central Washington University,WA,FL,Sunrise,2026,Fall,1,0,0,0,0,0,0
Central Washington University,WA,MT,Dutton,2026,Fall,1,0,0,0,0,0,0
Central Washington University,WA,CA,San Anselmo,2026,Fall,1,1,1,1,1,1,1
Central Washington University,WA,MD,Dunkirk,2026,Fall,1,1,1,1,0,0,0
Central Washington University,WA,ND,Williston,2026,Fall,1,1,0,0,0,0,0
Central Washington University,WA,WA,spokane ,2024,Fall,1,1,1,0,0,0,0
Central Washington University,WA,MN,Plymouth,2026,Fall,1,0,0,0,0,0,0
Central Washington University,WA,IN,Portage,2025,Fall,1,0,0,0,0,0,0
Central Washington University,WA,FL,Lehigh Acres,2025,Fall,1,0,0,0,0,0,0
Central Washington University,WA,KS,Kingman,2026,Fall,1,0,0,0,0,0,0
Central Washington University,WA,CA,Hacienda Heights,2026,Fall,1,0,0,0,0,0,0
Central Washington University,WA,MT,Whitehall,2024,Fall,1,0,0,0,0,0,0
Central Washington University,WA,NC,New Bern,2025,Fall,1,0,0,0,0,0,0
Central Washington University,WA,NY,Freeport,2026,Fall,1,0,0,0,0,0,0
Central Washington University,WA,CA,Valley Vlg,2025,Fall,1,0,0,0,0,0,0
Central Washington University,WA,MD,Delmar,2026,Fall,1,0,0,0,0,0,0
Central Washington University,WA,CA,Brentwood,2026,Fall,1,0,0,0,0,0,0
Central Washington University,WA,IL,Steeleville,2025,Fall,1,0,0,0,0,0,0
Central Washington University,WA,WA,Port Ludlow,2025,Fall,1,0,0,0,0,0,0
Central Washington University,WA,CA,Monterey,2026,Fall,1,0,0,0,0,0,0
Central Washington University,WA,CA,Marina Dl Rey,2026,Fall,1,0,0,0,0,0,0
Central Washington University,WA,MT,Wht Sphr Spgs,2025,Fall,1,0,0,0,0,0,0
Central Washington University,WA,KS,Olathe,2025,Fall,1,0,0,0,0,0,0
Central Washington University,WA,MT,W Yellowstone,2024,Fall,1,0,0,0,0,0,0
Central Washington University,WA,CA,El Segundo,2025,Fall,1,0,0,0,0,0,0
Central Washington University,WA,BC,Surrey,2024,Fall,1,1,1,1,1,1,1
Central Washington University,WA,WA,Bridgeport ,2025,Fall,1,1,1,1,0,0,0
Central Washington University,WA,OR,Saint Helens,2024,Fall,1,1,1,1,0,0,0
Central Washington University,WA,ME,Standish,2025,Fall,1,1,1,1,0,0,0
Central Washington University,WA,WI,Brodhead,2025,Fall,1,1,1,1,0,0,0
Central Washington University,WA,WA,Roche Harbor,2025,Fall,1,2,2,2,0,0,0
Central Washington University,WA,AL,Wetumpka,2025,Fall,1,1,0,0,0,0,0
Central Washington University,WA,WA,Packwood,2026,Fall,1,1,1,1,0,0,0
Central Washington University,WA,Gilgit-Baltistan,Gilgit Baitistain,2025,Fall,1,0,0,0,0,0,0
Central Washington University,WA,AR,Little Rock,2025,Fall,1,0,0,0,0,0,0
Central Washington University,WA,UT,Eagle Mountain,2026,Fall,1,0,0,0,0,0,0
Central Washington University,WA,CT,West Hartford,2025,Fall,1,0,0,0,0,0,0
Central Washington University,WA,MD,Denton,2025,Fall,1,0,0,0,0,0,0
Central Washington University,WA,GA,Greenville,2026,Fall,1,0,0,0,0,0,0
Central Washington University,WA,CO,Broomfield,2025,Fall,1,0,0,0,0,0,0
Central Washington University,WA,OH,Newton Falls,2025,Fall,1,0,0,0,0,0,0
Central Washington University,WA,Chuyskaya Oblast',Kant,2024,Fall,1,0,0,0,0,0,0
Central Washington University,WA,IL,Skokie,2025,Fall,1,0,0,0,0,0,0
Central Washington University,WA,ND,West Fargo,2026,Fall,1,0,0,0,0,0,0
Central Washington University,WA,AK,Eielson Afb,2025,Fall,1,0,0,0,0,0,0
Central Washington University,WA,CA,Camarillo,2025,Fall,1,0,0,0,0,0,0
Central Washington University,WA,TX,Kingwood,2024,Fall,1,0,0,0,0,0,0
Central Washington University,WA,UT,Spanish Fork,2025,Fall,1,0,0,0,0,0,0
Central Washington University,WA,Addis Ababa,Lammii Kura,2026,Fall,1,0,0,0,0,0,0
Central Washington University,WA,PA,Mcmurray,2026,Fall,1,0,0,0,0,0,0
Central Washington University,WA,NM,Anthony,2026,Fall,1,0,0,0,0,0,0
Central Washington University,WA,PA,Clune,2026,Fall,1,0,0,0,0,0,0
Central Washington University,WA,NY,Coram,2026,Fall,1,0,0,0,0,0,0
Central Washington University,WA,West Coast Division,Brikama,2025,Fall,1,0,0,0,0,0,0
Central Washington University,WA,GU,Dededo,2025,Fall,1,0,0,0,0,0,0
Central Washington University,WA,CA,Lancaster,2025,Fall,1,0,0,0,0,0,0
Central Washington University,WA,MO,O Fallon,2026,Fall,1,0,0,0,0,0,0
Central Washington University,WA,MN,Shakopee,2026,Fall,1,0,0,0,0,0,0
Central Washington University,WA,WA,Nine Mile Fls,2024,Fall,1,1,1,1,1,1,1
Central Washington University,WA,VA,Alexandria,2024,Fall,1,1,0,0,0,0,0
Central Washington University,WA,TX,Bridgeport,2025,Fall,1,0,0,0,0,0,0
Central Washington University,WA,MT,Coram,2026,Fall,1,0,0,0,0,0,0
Central Washington University,WA,CA,Rio Vista,2025,Fall,1,0,0,0,0,0,0
Central Washington University,WA,WA,Brinnon,2024,Fall,1,0,0,0,0,0,0
Central Washington University,WA,MO,Tunas,2025,Fall,1,0,0,0,0,0,0
Central Washington University,WA,KwaZulu-Natal,Kloof,2025,Fall,1,0,0,0,0,0,0
Central Washington University,WA,New Providence,Nassau,2024,Fall,1,1,0,0,0,0,0
Central Washington University,WA,CA,Venice,2025,Fall,1,0,0,0,0,0,0
Central Washington University,WA,ID,Marsing,2026,Fall,1,0,0,0,0,0,0
Central Washington University,WA,LA,Stonewall,2026,Fall,1,0,0,0,0,0,0
Central Washington University,WA,NE,Elkhorn,2026,Fall,1,0,0,0,0,0,0
Central Washington University,WA,CO,Greenwood Vlg,2026,Fall,1,0,0,0,0,0,0
Central Washington University,WA,WA,Jblm,2025,Fall,1,0,0,0,0,0,0
Central Washington University,WA,NJ,Belford,2026,Fall,1,0,0,0,0,0,0
Central Washington University,WA,SC,Ladson,2026,Fall,1,0,0,0,0,0,0
Central Washington University,WA,HI,Honaunau-Napoopoo,2025,Fall,1,0,0,0,0,0,0
Central Washington University,WA,MT,Roy,2026,Fall,1,0,0,0,0,0,0
Central Washington University,WA,IL,Mokena,2026,Fall,1,0,0,0,0,0,0
Central Washington University,WA,CA,San Geronimo,2025,Fall,1,0,0,0,0,0,0
Central Washington University,WA,ND,Mandaree,2024,Fall,1,0,0,0,0,0,0
Central Washington University,WA,MD,Halethorpe,2025,Fall,1,0,0,0,0,0,0
Central Washington University,WA,TX,Cost,2026,Fall,1,0,0,0,0,0,0
Central Washington University,WA,IL,Elmhurst,2025,Fall,1,0,0,0,0,0,0
Central Washington University,WA,CA,Bell Gardens,2025,Fall,1,0,0,0,0,0,0
Central Washington University,WA,TX,Kerrville,2025,Fall,1,1,1,1,1,1,1
Central Washington University,WA,CA,Saratoga,2024,Fall,1,1,1,1,0,0,0
Central Washington University,WA,CA,Napa,2025,Fall,1,1,1,1,0,0,0
Central Washington University,WA,WA,Suquamish,2025,Fall,1,3,3,2,0,0,0
Central Washington University,WA,CO,Glenwood Spgs,2025,Fall,1,2,2,2,0,0,0
Central Washington University,WA,VA,Portsmouth,2025,Fall,1,1,1,0,0,0,0
Central Washington University,WA,CA,El Dorado Hls,2024,Fall,1,1,0,0,0,0,0
Central Washington University,WA,MS,Vancleave,2026,Fall,1,0,0,0,0,0,0
Central Washington University,WA,AK,Seward,2025,Fall,1,1,0,0,0,0,0
Central Washington University,WA,AK,Seldovia,2026,Fall,1,0,0,0,0,0,0
Central Washington University,WA,WA,Bainbridge Island,2024,Fall,1,0,0,0,0,0,0
Central Washington University,WA,CA,Foresthill,2024,Fall,1,0,0,0,0,0,0
Central Washington University,WA,OR,Jacksonville,2024,Fall,1,0,0,0,0,0,0
Central Washington University,WA,NB,Saint John,2025,Fall,1,0,0,0,0,0,0
Central Washington University,WA,NJ,Roselle,2025,Fall,1,0,0,0,0,0,0
Central Washington University,WA,TX,Harlingen,2026,Fall,1,0,0,0,0,0,0
Central Washington University,WA,DE,Seaford,2026,Fall,1,0,0,0,0,0,0
Central Washington University,WA,NH,Goffstown,2025,Fall,1,0,0,0,0,0,0
Central Washington University,WA,CA,Imperial Bch,2024,Fall,1,0,0,0,0,0,0
Central Washington University,WA,Sao Paulo,São Paulo,2024,Fall,1,0,0,0,0,0,0
Central Washington University,WA,CA,Cypress,2026,Fall,1,0,0,0,0,0,0
Central Washington University,WA,CA,Venice,2026,Fall,1,0,0,0,0,0,0
Central Washington University,WA,CA,Crescent City,2025,Fall,1,0,0,0,0,0,0
Central Washington University,WA,NV,Battle Mtn,2026,Fall,1,0,0,0,0,0,0
Central Washington University,WA,NM,Hobbs,2024,Fall,1,0,0,0,0,0,0
Central Washington University,WA,WA,Conconully,2026,Fall,1,0,0,0,0,0,0
Central Washington University,WA,PA,Huntingdon Vy,2026,Fall,1,0,0,0,0,0,0
Central Washington University,WA,CA,Bethel Island,2026,Fall,1,0,0,0,0,0,0
Central Washington University,WA,MS,Southaven,2026,Fall,1,0,0,0,0,0,0
Central Washington University,WA,WA,Bickleton,2025,Fall,1,1,1,1,1,0,1
Central Washington University,WA,CA,Compton,2024,Fall,1,2,1,1,0,0,0
Central Washington University,WA,PA,Hanover,2024,Fall,1,1,1,1,0,0,0
Central Washington University,WA,AK,Ft.Wainwright,2026,Fall,1,0,0,0,0,0,0
Central Washington University,WA,MT,Plains,2025,Fall,1,0,0,0,0,0,0
Central Washington University,WA,WV,Martinsburg,2025,Fall,1,0,0,0,0,0,0
Central Washington University,WA,AL,Selma,2026,Fall,1,0,0,0,0,0,0
Central Washington University,WA,NJ,Red Bank,2026,Fall,1,0,0,0,0,0,0
Central Washington University,WA,LA,Calhoun,2025,Fall,1,0,0,0,0,0,0
Central Washington University,WA,CA,Capo Beach,2025,Fall,1,0,0,0,0,0,0
Central Washington University,WA,DE,Milton,2026,Fall,1,0,0,0,0,0,0
Central Washington University,WA,OR,Warren,2026,Fall,1,0,0,0,0,0,0
Central Washington University,WA,VA,Charlottesvle,2024,Fall,1,0,0,0,0,0,0
Central Washington University,WA,WA,Fairfield,2025,Fall,1,0,0,0,0,0,0
Central Washington University,WA,IN,Selma,2026,Fall,1,0,0,0,0,0,0
Central Washington University,WA,KS,Lawrence,2026,Fall,1,0,0,0,0,0,0
Central Washington University,WA,MI,Detroit,2025,Fall,1,0,0,0,0,0,0
Central Washington University,WA,MI,Okemos,2025,Fall,1,0,0,0,0,0,0
Central Washington University,WA,CA,Temple City,2026,Fall,1,0,0,0,0,0,0
Central Washington University,WA,PA,New Freedom,2025,Fall,1,0,0,0,0,0,0
Central Washington University,WA,CO,Larkspur,2026,Fall,1,0,0,0,0,0,0
Central Washington University,WA,OH,Delaware,2024,Fall,1,0,0,0,0,0,0
Central Washington University,WA,FL,Pembroke Pnes,2025,Fall,1,0,0,0,0,0,0
Central Washington University,WA,FL,Riverview,2026,Fall,1,1,1,1,1,1,1
Central Washington University,WA,AS,Pago Pago,2024,Fall,1,4,4,3,1,0,1
Central Washington University,WA,CA,Stockton,2024,Fall,1,2,2,1,0,0,0
Central Washington University,WA,WI,Cudahy,2026,Fall,1,1,1,1,0,0,0
Central Washington University,WA,OR,Keno,2024,Fall,1,1,1,1,0,0,0
Central Washington University,WA,AZ,Queen Creek,2025,Fall,1,2,1,1,0,0,0
Central Washington University,WA,WA,Spanaway WA,2026,Fall,1,1,1,0,0,0,0
Central Washington University,WA,WA,Glenoma,2026,Fall,1,2,2,2,0,0,0
Central Washington University,WA,OR,Burns,2025,Fall,1,1,1,1,0,0,0
Central Washington University,WA,AZ,San Tan Vly,2024,Fall,1,1,1,1,0,0,0
Central Washington University,WA,MS,Mccomb,2025,Fall,1,1,0,0,0,0,0
Central Washington University,WA,CA,Los Gatos,2025,Fall,1,1,1,0,0,0,0
Central Washington University,WA,CA,Galt,2025,Fall,1,1,0,0,0,0,0
Central Washington University,WA,Punjab,Muzaffargarh,2024,Fall,1,0,0,0,0,0,0
Central Washington University,WA,PA,Shrewsbury,2025,Fall,1,0,0,0,0,0,0
Central Washington University,WA,Queensland,Brisbane,2024,Fall,1,0,0,0,0,0,0
Central Washington University,WA,FL,Gulf Breeze,2025,Fall,1,0,0,0,0,0,0
Central Washington University,WA,WA,Danville,2026,Fall,1,0,0,0,0,0,0
Central Washington University,WA,FL,Lake Worth,2026,Fall,1,0,0,0,0,0,0
Central Washington University,WA,ID,Spirit Lake,2026,Fall,1,0,0,0,0,0,0
Central Washington University,WA,Rivas,Rivas,2026,Fall,1,0,0,0,0,0,0
Central Washington University,WA,LA,Athens,2025,Fall,1,0,0,0,0,0,0
Central Washington University,WA,SC,Mount Pleasant,2026,Fall,1,0,0,0,0,0,0
Central Washington University,WA,NM,Taos,2026,Fall,1,0,0,0,0,0,0
Central Washington University,WA,MO,Earth City,2025,Fall,1,0,0,0,0,0,0
Central Washington University,WA,FL,Groveland,2026,Fall,1,0,0,0,0,0,0
Central Washington University,WA,TX,Seguin,2026,Fall,1,0,0,0,0,0,0
Central Washington University,WA,CA,Mission Viejo,2025,Fall,1,0,0,0,0,0,0
Central Washington University,WA,CT,New Haven,2025,Fall,1,0,0,0,0,0,0
Central Washington University,WA,WI,West Bend,2024,Fall,1,0,0,0,0,0,0
Central Washington University,WA,CA,Beaumont,2024,Fall,1,0,0,0,0,0,0
Central Washington University,WA,FL,Venice,2026,Fall,1,0,0,0,0,0,0
Central Washington University,WA,NY,Staten Island,2026,Fall,1,0,0,0,0,0,0
Central Washington University,WA,MO,Hermann,2026,Fall,1,0,0,0,0,0,0
Central Washington University,WA,MT,Columbus,2026,Fall,1,0,0,0,0,0,0
Central Washington University,WA,ID,Hope,2026,Fall,1,0,0,0,0,0,0
Central Washington University,WA,CA,Vallejo,2024,Fall,1,0,0,0,0,0,0
Central Washington University,WA,CA,Oceanside,2026,Fall,1,0,0,0,0,0,0
Central Washington University,WA,CA,Woodland,2025,Fall,1,0,0,0,0,0,0
Central Washington University,WA,CA,Rllng Hls Est,2026,Fall,1,0,0,0,0,0,0
Central Washington University,WA,CA,Highland,2026,Fall,1,0,0,0,0,0,0
Central Washington University,WA,WA,Airway Heights,2025,Fall,1,2,2,2,1,1,1
Central Washington University,WA,CO,New Castle,2024,Fall,1,1,1,1,1,0,1
Central Washington University,WA,UT,Kaysville,2026,Fall,1,1,1,1,0,0,0
Central Washington University,WA,CA,Canoga Park,2026,Fall,1,2,2,1,0,0,0
Central Washington University,WA,CA,Roseville,2024,Fall,1,1,1,1,0,0,0
Central Washington University,WA,CO,Dillon,2024,Fall,1,1,1,1,0,0,0
Central Washington University,WA,CA,Fairfield,2024,Fall,1,1,1,1,0,0,0
Central Washington University,WA,HI,Waimea,2026,Fall,1,1,0,0,0,0,0
Central Washington University,WA,CA,Santa Clara,2024,Fall,1,1,0,0,0,0,0
Central Washington University,WA,NV,Overton,2026,Fall,1,0,0,0,0,0,0
Central Washington University,WA,OR,Estacada,2024,Fall,1,0,0,0,0,0,0
Central Washington University,WA,NE,Chadron,2025,Fall,1,1,0,0,0,0,0
Central Washington University,WA,CA,Wasco,2026,Fall,1,0,0,0,0,0,0
Central Washington University,WA,AL,Moundville,2026,Fall,1,0,0,0,0,0,0
Central Washington University,WA,KY,London,2026,Fall,1,0,0,0,0,0,0
Central Washington University,WA,MD,Chevy Chase,2026,Fall,1,0,0,0,0,0,0
Central Washington University,WA,OR,Elmira,2026,Fall,1,0,0,0,0,0,0
Central Washington University,WA,WA,Danville,2025,Fall,1,0,0,0,0,0,0
Central Washington University,WA,TN,Murfreesboro,2025,Fall,1,0,0,0,0,0,0
Central Washington University,WA,GA,Jonesboro,2025,Fall,1,0,0,0,0,0,0
Central Washington University,WA,IN,Greenfield,2026,Fall,1,0,0,0,0,0,0
Central Washington University,WA,North Holland,Amsterdam,2024,Fall,1,0,0,0,0,0,0
Central Washington University,WA,IL,Litchfield,2026,Fall,1,0,0,0,0,0,0
Central Washington University,WA,MT,East Helena,2026,Fall,1,1,1,0,0,0,0
Central Washington University,WA,NJ,Paterson,2024,Fall,1,0,0,0,0,0,0
Central Washington University,WA,GA,Powder Spgs,2026,Fall,1,0,0,0,0,0,0
Central Washington University,WA,CA,El Cajon,2025,Fall,1,0,0,0,0,0,0
Central Washington University,WA,TX,Plainview,2025,Fall,1,0,0,0,0,0,0
Central Washington University,WA,LA,Zachary,2026,Fall,1,0,0,0,0,0,0
Central Washington University,WA,WA,Parker,2026,Fall,1,0,0,0,0,0,0
Central Washington University,WA,NY,Briarcliff,2025,Fall,1,0,0,0,0,0,0
Central Washington University,WA,CA,El Dorado Hls,2025,Fall,1,0,0,0,0,0,0
Central Washington University,WA,KS,Long Island,2026,Fall,1,0,0,0,0,0,0
Central Washington University,WA,IL,Maywood,2025,Fall,1,0,0,0,0,0,0
Central Washington University,WA,CA,Imperial Bch,2025,Fall,1,0,0,0,0,0,0
Central Washington University,WA,HI,Waimea,2024,Fall,1,0,0,0,0,0,0
Central Washington University,WA,Pathum Thani,Lam Luk Ka,2024,Fall,1,0,0,0,0,0,0
Central Washington University,WA,TX,Florence,2024,Fall,1,0,0,0,0,0,0
Central Washington University,WA,LA,Plaquemine,2025,Fall,1,0,0,0,0,0,0
Central Washington University,WA,FL,Saint Cloud,2025,Fall,1,1,1,1,1,1,1
Central Washington University,WA,WA,Yarrow Point,2025,Fall,1,1,1,1,0,0,0
Central Washington University,WA,WA,Kent ,2025,Fall,1,1,1,1,0,0,0
Central Washington University,WA,CA,Huntingtn Bch,2026,Fall,1,1,1,1,0,0,0
Central Washington University,WA,Busia District,Busia,2024,Fall,1,1,1,0,0,0,0
Central Washington University,WA,HI,Waimanalo,2024,Fall,1,2,0,0,0,0,0
Central Washington University,WA,MN,Park Rapids,2026,Fall,1,0,0,0,0,0,0
Central Washington University,WA,WA,piyallup,2024,Fall,1,0,0,0,0,0,0
Central Washington University,WA,IL,Wilmington,2026,Fall,1,0,0,0,0,0,0
Central Washington University,WA,MD,Edgewood,2026,Fall,1,0,0,0,0,0,0
Central Washington University,WA,IL,Hinsdale,2026,Fall,1,0,0,0,0,0,0
Central Washington University,WA,AL,Rehobeth,2025,Fall,1,0,0,0,0,0,0
Central Washington University,WA,AK,Anchor Point,2026,Fall,1,0,0,0,0,0,0
Central Washington University,WA,OR,Jacksonville,2025,Fall,1,0,0,0,0,0,0
Central Washington University,WA,OR,Lyons,2024,Fall,1,0,0,0,0,0,0
Central Washington University,WA,CA,North Hollywood,2024,Fall,1,0,0,0,0,0,0
Central Washington University,WA,IN,Batesville,2026,Fall,1,0,0,0,0,0,0
Central Washington University,WA,OR,Terrebonne,2024,Fall,1,0,0,0,0,0,0
Central Washington University,WA,NY,Buffalo,2026,Fall,1,0,0,0,0,0,0
Central Washington University,WA,CA,Tarzana,2026,Fall,1,0,0,0,0,0,0
Central Washington University,WA,Gujarat,Ahmedabad,2025,Fall,1,0,0,0,0,0,0
Central Washington University,WA,WA,University Place,2024,Fall,1,0,0,0,0,0,0
Central Washington University,WA,CA,Rnch Cascades,2026,Fall,1,0,0,0,0,0,0
Central Washington University,WA,FL,Davenport,2025,Fall,1,0,0,0,0,0,0
Central Washington University,WA,NC,Spring Lake,2025,Fall,1,0,0,0,0,0,0
Central Washington University,WA,HI,Kailua-Kona,2025,Fall,1,0,0,0,0,0,0
Central Washington University,WA,VA,Bristow,2025,Fall,1,0,0,0,0,0,0
Central Washington University,WA,WA,Farmington,2025,Fall,1,0,0,0,0,0,0
Central Washington University,WA,TX,Brownsville,2025,Fall,1,0,0,0,0,0,0
Central Washington University,WA,WA,Battleground,2026,Fall,1,0,0,0,0,0,0
Central Washington University,WA,PA,Millersville,2026,Fall,1,0,0,0,0,0,0
Central Washington University,WA,CA,Perris,2025,Fall,1,0,0,0,0,0,0
Central Washington University,WA,IL,Mt Carmel,2025,Fall,1,0,0,0,0,0,0
Central Washington University,WA,TX,San Benito,2026,Fall,1,0,0,0,0,0,0
Central Washington University,WA,TX,Baytown,2024,Fall,1,2,1,1,0,0,0
Central Washington University,WA,CA,Tulare,2025,Fall,1,1,1,1,0,0,0
Central Washington University,WA,PA,Warminster,2025,Fall,1,1,1,1,0,0,0
Central Washington University,WA,Punjab,Lahore,2025,Fall,1,2,0,0,0,0,0
Central Washington University,WA,IL,Elgin,2024,Fall,1,1,1,1,0,0,0
Central Washington University,WA,FL,Davie,2026,Fall,1,0,0,0,0,0,0
Central Washington University,WA,WA,Mazama,2025,Fall,1,0,0,0,0,0,0
Central Washington University,WA,UT,Payson,2026,Fall,1,0,0,0,0,0,0
Central Washington University,WA,AL,Tuscumbia,2026,Fall,1,0,0,0,0,0,0
Central Washington University,WA,NC,Godwin,2026,Fall,1,0,0,0,0,0,0
Central Washington University,WA,CO,Woodland Park,2025,Fall,1,1,0,0,0,0,0
Central Washington University,WA,Lima,Lima,2024,Fall,1,0,0,0,0,0,0
Central Washington University,WA,SC,Waterloo,2025,Fall,1,0,0,0,0,0,0
Central Washington University,WA,CA,San Rafael,2025,Fall,1,0,0,0,0,0,0
Central Washington University,WA,HI,Kapaau,2024,Fall,1,0,0,0,0,0,0
Central Washington University,WA,CA,Artesia,2025,Fall,1,0,0,0,0,0,0
Central Washington University,WA,MT,Corvallis,2025,Fall,1,0,0,0,0,0,0
Central Washington University,WA,TX,Livingston,2025,Fall,1,0,0,0,0,0,0
Central Washington University,WA,CA,Orangevale,2026,Fall,1,0,0,0,0,0,0
Central Washington University,WA,VA,Woodbridge,2026,Fall,1,0,0,0,0,0,0
Central Washington University,WA,NC,Davidson,2024,Fall,1,0,0,0,0,0,0
Central Washington University,WA,NM,Prewitt,2026,Fall,1,0,0,0,0,0,0
Central Washington University,WA,NC,Hillsborough,2024,Fall,1,0,0,0,0,0,0
Central Washington University,WA,AZ,Sierra Vista,2025,Fall,1,0,0,0,0,0,0
Central Washington University,WA,NC,Wendell,2026,Fall,1,0,0,0,0,0,0
Central Washington University,WA,OK,McAlester,2024,Fall,1,0,0,0,0,0,0
Central Washington University,WA,WA,White salmon,2026,Fall,1,0,0,0,0,0,0
Central Washington University,WA,CO,Golden,2024,Fall,1,1,1,1,0,0,0
Central Washington University,WA,CO,Conifer,2026,Fall,1,1,1,1,0,0,0
Central Washington University,WA,NY,Freeville,2026,Fall,1,1,1,1,0,0,0
Central Washington University,WA,CO,Dillon,2026,Fall,1,5,5,5,0,0,0
Central Washington University,WA,WA,yakima,2025,Fall,1,1,0,0,0,0,0
Central Washington University,WA,MT,Manhattan,2024,Fall,1,0,0,0,0,0,0
Central Washington University,WA,MI,Lapeer,2025,Fall,1,0,0,0,0,0,0
Central Washington University,WA,CO,Montrose,2026,Fall,1,0,0,0,0,0,0
Central Washington University,WA,MN,Anoka,2026,Fall,1,0,0,0,0,0,0
Central Washington University,WA,WA,Hobart,2026,Fall,1,0,0,0,0,0,0
Central Washington University,WA,WA,Waitsburg,2025,Fall,1,0,0,0,0,0,0
Central Washington University,WA,NY,Rochester,2025,Fall,1,0,0,0,0,0,0
Central Washington University,WA,TX,Forney,2026,Fall,1,0,0,0,0,0,0
Central Washington University,WA,PA,Dalton,2026,Fall,1,0,0,0,0,0,0
Central Washington University,WA,TX,Arlington,2024,Fall,1,0,0,0,0,0,0
Central Washington University,WA,AK,Hope,2026,Fall,1,0,0,0,0,0,0
Central Washington University,WA,FL,Cooper City,2024,Fall,1,0,0,0,0,0,0
Central Washington University,WA,Osh Oblasty,Osh,2024,Fall,1,0,0,0,0,0,0
Central Washington University,WA,CA,Granada Hills,2024,Fall,1,0,0,0,0,0,0
Central Washington University,WA,NM,Animas,2025,Fall,1,0,0,0,0,0,0
Central Washington University,WA,CA,Camino,2026,Fall,1,0,0,0,0,0,0
Central Washington University,WA,NM,Paguate,2026,Fall,1,0,0,0,0,0,0
Central Washington University,WA,MI,Lake Linden,2026,Fall,1,0,0,0,0,0,0
Central Washington University,WA,IL,Frankfort,2025,Fall,1,0,0,0,0,0,0
Central Washington University,WA,CA,Citrus Heights,2026,Fall,1,0,0,0,0,0,0
Central Washington University,WA,CO,Nederland,2025,Fall,1,0,0,0,0,0,0
Central Washington University,WA,WA,Custer,2025,Fall,1,0,0,0,0,0,0
Central Washington University,WA,WA,Lincoln,2026,Fall,1,0,0,0,0,0,0
Central Washington University,WA,FL,Panama City,2026,Fall,1,0,0,0,0,0,0
Central Washington University,WA,IL,Peotone,2025,Fall,1,0,0,0,0,0,0
Central Washington University,WA,MT,Pryor,2025,Fall,1,0,0,0,0,0,0
Central Washington University,WA,CA,Rch Palos Vrd,2026,Fall,1,0,0,0,0,0,0
Central Washington University,WA,OR,Sunriver,2024,Fall,1,0,0,0,0,0,0
Central Washington University,WA,IL,O Fallon,2026,Fall,1,0,0,0,0,0,0
Central Washington University,WA,IL,Joliet,2025,Fall,1,0,0,0,0,0,0
Central Washington University,WA,CA,San Pedro,2024,Fall,1,0,0,0,0,0,0
Central Washington University,WA,TN,Cleveland,2026,Fall,1,0,0,0,0,0,0
Central Washington University,WA,WA,Lamona,2026,Fall,1,1,1,1,1,1,1
Central Washington University,WA,HI,Honokaa,2024,Fall,1,1,1,1,1,0,1
Central Washington University,WA,AK,North Pole,2024,Fall,1,1,1,1,1,0,1
Central Washington University,WA,NM,Deming,2026,Fall,1,1,1,1,1,1,1
Central Washington University,WA,UT,Lehi,2025,Fall,1,1,1,1,0,0,0
Central Washington University,WA,CO,Castle Rock,2024,Fall,1,1,1,1,0,0,0
Central Washington University,WA,CA,Concord,2026,Fall,1,1,1,1,0,0,0
Central Washington University,WA,WA,Naselle,2026,Fall,1,1,1,1,0,0,0
Central Washington University,WA,OR,Independence,2026,Fall,1,1,1,1,0,0,0
Central Washington University,WA,FL,Boca Raton,2026,Fall,1,1,1,1,0,0,0
Central Washington University,WA,FL,Wellington,2026,Fall,1,3,2,2,0,0,0
Central Washington University,WA,ID,Nampa,2024,Fall,1,2,2,2,0,0,0
Central Washington University,WA,HI,Kaaawa,2026,Fall,1,1,0,0,0,0,0
Central Washington University,WA,CA,Martinez,2026,Fall,1,1,0,0,0,0,0
Central Washington University,WA,OR,Powell Butte,2024,Fall,1,0,0,0,0,0,0
Central Washington University,WA,CA,Rosamond,2026,Fall,1,0,0,0,0,0,0
Central Washington University,WA,MT,Charlo,2024,Fall,1,0,0,0,0,0,0
Central Washington University,WA,TX,Robstown,2024,Fall,1,0,0,0,0,0,0
Central Washington University,WA,WA,"Black Diamond, Wa 98",2025,Fall,1,0,0,0,0,0,0
Central Washington University,WA,WA,Rice,2024,Fall,1,0,0,0,0,0,0
Central Washington University,WA,IL,Evanston,2025,Fall,1,0,0,0,0,0,0
Central Washington University,WA,ME,Brunswick,2025,Fall,1,0,0,0,0,0,0
Central Washington University,WA,MT,Hobson,2025,Fall,1,0,0,0,0,0,0
Central Washington University,WA,MS,Greenwood,2026,Fall,1,0,0,0,0,0,0
Central Washington University,WA,WV,Morgantown,2026,Fall,1,0,0,0,0,0,0
Central Washington University,WA,GA,Moultrie,2024,Fall,1,0,0,0,0,0,0
Central Washington University,WA,NJ,Oakland,2026,Fall,1,0,0,0,0,0,0
Central Washington University,WA,WA,Ford,2026,Fall,1,0,0,0,0,0,0
Central Washington University,WA,VA,Yorktown,2025,Fall,1,0,0,0,0,0,0
Central Washington University,WA,MI,Ann Arbor,2026,Fall,1,0,0,0,0,0,0
Central Washington University,WA,OR,Boardman,2025,Fall,1,0,0,0,0,0,0
Central Washington University,WA,TX,Bulverde,2025,Fall,1,0,0,0,0,0,0
Central Washington University,WA,MD,Snow Hill,2026,Fall,1,0,0,0,0,0,0
Central Washington University,WA,KY,Ashland,2026,Fall,1,0,0,0,0,0,0
Central Washington University,WA,CA,Sonora,2026,Fall,1,0,0,0,0,0,0
Central Washington University,WA,WA,Maple Falls,2025,Fall,1,2,2,2,1,1,1
Central Washington University,WA,UT,Herriman,2026,Fall,1,1,1,1,1,1,1
Central Washington University,WA,WA,Electric City,2024,Fall,1,2,2,2,1,1,2
Central Washington University,WA,KS,Lenexa,2025,Fall,1,1,1,1,1,0,1
Central Washington University,WA,AZ,Scottsdale,2025,Fall,1,2,2,2,0,0,0
Central Washington University,WA,CA,Foster City,2026,Fall,1,1,1,1,0,0,0
Central Washington University,WA,CA,Citrus Hts,2025,Fall,1,1,1,1,0,0,0
Central Washington University,WA,MD,Laurel,2024,Fall,1,1,1,1,0,0,0
Central Washington University,WA,OR,Warren,2025,Fall,1,1,1,1,0,0,0
Central Washington University,WA,ID,Plummer,2025,Fall,1,1,0,0,0,0,0
Central Washington University,WA,MT,St Ignatius,2024,Fall,1,0,0,0,0,0,0
Central Washington University,WA,AL,Mobile,2026,Fall,1,0,0,0,0,0,0
Central Washington University,WA,HI,Kekaha,2024,Fall,1,0,0,0,0,0,0
Central Washington University,WA,UT,Hyrum,2025,Fall,1,0,0,0,0,0,0
Central Washington University,WA,TX,Tomball,2025,Fall,1,0,0,0,0,0,0
Central Washington University,WA,AR,Bentonville,2026,Fall,1,0,0,0,0,0,0
Central Washington University,WA,MT,Molt,2025,Fall,1,0,0,0,0,0,0
Central Washington University,WA,MI,Parma,2026,Fall,1,0,0,0,0,0,0
Central Washington University,WA,PR,Carolina,2025,Fall,1,0,0,0,0,0,0
Central Washington University,WA,IN,Camden,2026,Fall,1,0,0,0,0,0,0
Central Washington University,WA,FL,Boynton Beach,2025,Fall,1,0,0,0,0,0,0
Central Washington University,WA,CA,Murrieta,2025,Fall,1,0,0,0,0,0,0
Central Washington University,WA,NV,Denio,2025,Fall,1,0,0,0,0,0,0
Central Washington University,WA,WA,Lacrosse,2024,Fall,1,0,0,0,0,0,0
Central Washington University,WA,PA,Meadville,2025,Fall,1,0,0,0,0,0,0
Central Washington University,WA,NM,Shiprock,2026,Fall,1,0,0,0,0,0,0
Central Washington University,WA,MA,Fitchburg,2024,Fall,1,0,0,0,0,0,0
Central Washington University,WA,CA,Port Hueneme,2025,Fall,1,0,0,0,0,0,0
Central Washington University,WA,MO,Caulfield,2026,Fall,1,0,0,0,0,0,0
Central Washington University,WA,CA,Alameda,2025,Fall,1,0,0,0,0,0,0
Central Washington University,WA,KY,Henderson,2025,Fall,1,0,0,0,0,0,0
Central Washington University,WA,WA,Clearlake,2026,Fall,1,0,0,0,0,0,0
Central Washington University,WA,CA,Pacific Grove,2025,Fall,1,0,0,0,0,0,0
Central Washington University,WA,CA,Huron,2026,Fall,1,0,0,0,0,0,0
Central Washington University,WA,Punjab,Rawalpindi,2024,Fall,1,0,0,0,0,0,0
Central Washington University,WA,WA,Cle elum,2026,Fall,1,1,1,1,1,1,1
Central Washington University,WA,IL,New Lenox,2024,Fall,1,1,1,1,1,0,1
Central Washington University,WA,CA,Sunnyvale,2025,Fall,1,1,1,1,1,1,1
Central Washington University,WA,WA,Longbranch,2024,Fall,1,1,1,1,0,0,0
Central Washington University,WA,LA,Metairie,2025,Fall,1,1,1,1,0,0,0
Central Washington University,WA,CA,Alamo,2024,Fall,1,1,1,1,0,0,0
Central Washington University,WA,AZ,Sahuarita,2024,Fall,1,2,1,1,0,0,0
Central Washington University,WA,CA,Culver City,2024,Fall,1,2,2,2,0,0,0
Central Washington University,WA,WA,Hartline,2026,Fall,1,1,1,1,0,0,0
Central Washington University,WA,WA,Salkum,2026,Fall,1,1,1,0,0,0,0
Central Washington University,WA,CA,Walnut,2025,Fall,1,0,0,0,0,0,0
Central Washington University,WA,TX,Burleson,2025,Fall,1,1,0,0,0,0,0
Central Washington University,WA,CA,Los Osos,2024,Fall,1,0,0,0,0,0,0
Central Washington University,WA,IL,Bolingbrook,2026,Fall,1,0,0,0,0,0,0
Central Washington University,WA,MN,Mankato,2024,Fall,1,0,0,0,0,0,0
Central Washington University,WA,NJ,Colonia,2025,Fall,1,0,0,0,0,0,0
Central Washington University,WA,CO,Greeley,2025,Fall,1,0,0,0,0,0,0
Central Washington University,WA,WA,Curtis,2024,Fall,1,0,0,0,0,0,0
Central Washington University,WA,OH,Gates Mills,2026,Fall,1,0,0,0,0,0,0
Central Washington University,WA,MN,White Bear Lake,2026,Fall,1,0,0,0,0,0,0
Central Washington University,WA,MA,Belmont,2025,Fall,1,0,0,0,0,0,0
Central Washington University,WA,Maharashtra,Mumbai,2024,Fall,1,0,0,0,0,0,0
Central Washington University,WA,CA,Lompoc,2026,Fall,1,0,0,0,0,0,0
Central Washington University,WA,KS,Shawnee,2025,Fall,1,0,0,0,0,0,0
Central Washington University,WA,SC,Myrtle Beach,2026,Fall,1,0,0,0,0,0,0
Central Washington University,WA,AR,Cove,2026,Fall,1,0,0,0,0,0,0
Central Washington University,WA,OH,Batavia,2026,Fall,1,0,0,0,0,0,0
Central Washington University,WA,MT,Bigfork,2026,Fall,1,0,0,0,0,0,0
Central Washington University,WA,CA,Indio,2025,Fall,1,0,0,0,0,0,0
Central Washington University,WA,MI,Grand Blanc,2026,Fall,1,0,0,0,0,0,0
Central Washington University,WA,TX,Manvel,2026,Fall,1,0,0,0,0,0,0
Central Washington University,WA,HI,Waimanalo Beach,2026,Fall,1,0,0,0,0,0,0
Central Washington University,WA,OK,Mid West City,2026,Fall,1,0,0,0,0,0,0
Central Washington University,WA,UT,Draper,2024,Fall,1,0,0,0,0,0,0
Central Washington University,WA,ID,Preston,2026,Fall,1,0,0,0,0,0,0
Central Washington University,WA,NY,Long Island City,2025,Fall,1,0,0,0,0,0,0
Central Washington University,WA,TX,Killeen,2026,Fall,1,1,1,1,1,1,1
Central Washington University,WA,CO,Lone Tree,2024,Fall,1,1,1,1,0,0,0
Central Washington University,WA,WA,Custer,2024,Fall,1,2,2,1,0,0,0
Central Washington University,WA,TX,Mcallen,2026,Fall,1,1,1,1,0,0,0
Central Washington University,WA,DE,Wilmington,2024,Fall,1,1,1,1,0,0,0
Central Washington University,WA,WA,Eastsound,2024,Fall,1,1,1,1,0,0,0
Central Washington University,WA,UT,Salt Lake City,2026,Fall,1,1,1,0,0,0,0
Central Washington University,WA,OH,Columbus,2024,Fall,1,1,1,1,0,0,0
Central Washington University,WA,SD,Kyle,2024,Fall,1,1,0,0,0,0,0
Central Washington University,WA,HI,Hoolehua,2025,Fall,1,1,0,0,0,0,0
Central Washington University,WA,MD,College Park,2025,Fall,1,0,0,0,0,0,0
Central Washington University,WA,ND,Jamestown,2025,Fall,1,0,0,0,0,0,0
Central Washington University,WA,MO,Neosho,2025,Fall,1,0,0,0,0,0,0
Central Washington University,WA,NY,Brewster,2026,Fall,1,0,0,0,0,0,0
Central Washington University,WA,CHITTAGONG,Cumilla,2024,Fall,1,0,0,0,0,0,0
Central Washington University,WA,NV,Lamoille,2025,Fall,1,0,0,0,0,0,0
Central Washington University,WA,CA,Carmichael,2024,Fall,1,0,0,0,0,0,0
Central Washington University,WA,SC,Camden,2026,Fall,1,0,0,0,0,0,0
Central Washington University,WA,AK,Wrangell,2024,Fall,1,0,0,0,0,0,0
Central Washington University,WA,HI,Kealia,2025,Fall,1,0,0,0,0,0,0
Central Washington University,WA,CA,Silverado,2026,Fall,1,0,0,0,0,0,0
Central Washington University,WA,Khatlon,Kulob,2024,Fall,1,0,0,0,0,0,0
Central Washington University,WA,WA,Peell,2025,Fall,1,0,0,0,0,0,0
Central Washington University,WA,OR,Talent,2024,Fall,1,0,0,0,0,0,0
Central Washington University,WA,OR,Lowell,2025,Fall,1,0,0,0,0,0,0
Central Washington University,WA,WA,Mazama,2026,Fall,1,0,0,0,0,0,0
Central Washington University,WA,CO,Burlington,2026,Fall,1,0,0,0,0,0,0
Central Washington University,WA,PA,Bernville,2025,Fall,1,0,0,0,0,0,0
Central Washington University,WA,TX,Grandview,2024,Fall,1,0,0,0,0,0,0
Central Washington University,WA,TX,River Oaks,2026,Fall,1,0,0,0,0,0,0
Central Washington University,WA,NV,Winnemucca,2025,Fall,1,0,0,0,0,0,0
Central Washington University,WA,WI,Muscoda,2026,Fall,1,0,0,0,0,0,0
Central Washington University,WA,WA,Grand coulee,2026,Fall,1,0,0,0,0,0,0
Central Washington University,WA,GA,Alpharetta,2024,Fall,1,0,0,0,0,0,0
Central Washington University,WA,MO,Kimberling Cy,2025,Fall,1,0,0,0,0,0,0
Central Washington University,WA,TN,Antioch,2025,Fall,1,0,0,0,0,0,0
Central Washington University,WA,MT,Valier,2025,Fall,1,0,0,0,0,0,0
Central Washington University,WA,CA,Hollister,2025,Fall,1,2,2,2,0,0,0
Central Washington University,WA,CA,Arroyo Grande,2024,Fall,1,3,3,3,0,0,0
Central Washington University,WA,CO,Woodland Park,2026,Fall,1,1,1,1,0,0,0
Central Washington University,WA,MI,Grand Rapids,2025,Fall,1,1,1,1,0,0,0
Central Washington University,WA,WA,vancouver ,2025,Fall,1,1,1,1,0,0,0
Central Washington University,WA,NJ,Red Bank,2024,Fall,1,1,0,0,0,0,0
Central Washington University,WA,IL,Oak Park,2024,Fall,1,0,0,0,0,0,0
Central Washington University,WA,CO,Longmont,2025,Fall,1,0,0,0,0,0,0
Central Washington University,WA,AZ,Bullhead City,2025,Fall,1,0,0,0,0,0,0
Central Washington University,WA,SC,Hanahan,2026,Fall,1,0,0,0,0,0,0
Central Washington University,WA,MN,Saint Charles,2026,Fall,1,0,0,0,0,0,0
Central Washington University,WA,CA,La Mesa,2025,Fall,1,0,0,0,0,0,0
Central Washington University,WA,CA,Benicia,2026,Fall,1,0,0,0,0,0,0
Central Washington University,WA,TX,Bellaire,2026,Fall,1,0,0,0,0,0,0
Central Washington University,WA,NJ,Belleville NJ,2026,Fall,1,0,0,0,0,0,0
Central Washington University,WA,Western Cape,Cape Town,2025,Fall,1,0,0,0,0,0,0
Central Washington University,WA,TX,Garland,2026,Fall,1,0,0,0,0,0,0
Central Washington University,WA,MT,Worden,2025,Fall,1,0,0,0,0,0,0
Central Washington University,WA,CO,Conifer,2024,Fall,1,1,0,0,0,0,0
Central Washington University,WA,AZ,Prescott,2024,Fall,1,0,0,0,0,0,0
Central Washington University,WA,CA,Marysville,2024,Fall,1,0,0,0,0,0,0
Central Washington University,WA,UT,Tooele,2026,Fall,1,0,0,0,0,0,0
Central Washington University,WA,UT,Henefer,2026,Fall,1,0,0,0,0,0,0
Central Washington University,WA,HI,Kaumakani,2024,Fall,1,0,0,0,0,0,0
Central Washington University,WA,FL,St Augustine,2026,Fall,1,1,1,1,0,0,0
Central Washington University,WA,NC,Raleigh,2024,Fall,1,1,1,0,0,0,0
Central Washington University,WA,OR,Enterprise,2025,Fall,1,1,0,0,0,0,0
Central Washington University,WA,WI,Salem,2025,Fall,1,0,0,0,0,0,0
Central Washington University,WA,Eastern,Kigali,2025,Fall,1,0,0,0,0,0,0
Central Washington University,WA,VA,Springfield,2024,Fall,1,0,0,0,0,0,0
Central Washington University,WA,VA,Fairfax,2026,Fall,1,1,0,0,0,0,0
Central Washington University,WA,NJ,Morristown,2026,Fall,1,0,0,0,0,0,0
Central Washington University,WA,MD,Ft Washington,2025,Fall,1,0,0,0,0,0,0
Central Washington University,WA,KY,Versailles,2025,Fall,1,0,0,0,0,0,0
Central Washington University,WA,WA,Almira,2026,Fall,1,0,0,0,0,0,0
Central Washington University,WA,NC,Hillsborough,2025,Fall,1,0,0,0,0,0,0
Central Washington University,WA,WA,"Pateros, Wa 98846",2024,Fall,1,1,0,0,0,0,0
Central Washington University,WA,Krasnodar Krai,Krasnodar,2024,Fall,1,0,0,0,0,0,0
Central Washington University,WA,MT,Kevin,2025,Fall,1,0,0,0,0,0,0
Central Washington University,WA,PA,Bridgeville,2026,Fall,1,0,0,0,0,0,0
Central Washington University,WA,TX,Decatur,2025,Fall,1,0,0,0,0,0,0
Central Washington University,WA,VA,N Chesterfld,2025,Fall,1,0,0,0,0,0,0
Central Washington University,WA,MI,Nashville,2026,Fall,1,0,0,0,0,0,0
Central Washington University,WA,WY,Evanston,2026,Fall,1,0,0,0,0,0,0
Central Washington University,WA,CA,Pioneer,2024,Fall,1,0,0,0,0,0,0
Central Washington University,WA,MT,Dutton,2024,Fall,1,0,0,0,0,0,0
Central Washington University,WA,MT,Joliet,2026,Fall,1,0,0,0,0,0,0
Central Washington University,WA,VT,Quechee,2026,Fall,1,0,0,0,0,0,0
Central Washington University,WA,IL,Essex,2026,Fall,1,0,0,0,0,0,0
Central Washington University,WA,CO,Grand Jct,2025,Fall,1,0,0,0,0,0,0
Central Washington University,WA,WA,McCleary,2025,Fall,1,0,0,0,0,0,0
Central Washington University,WA,PA,Portland,2026,Fall,1,0,0,0,0,0,0
Central Washington University,WA,OR,Lowell,2026,Fall,1,0,0,0,0,0,0
Central Washington University,WA,OH,Dublin,2026,Fall,1,0,0,0,0,0,0
Central Washington University,WA,MO,Independence,2026,Fall,1,0,0,0,0,0,0
Central Washington University,WA,NJ,Dunellen,2026,Fall,1,0,0,0,0,0,0
Central Washington University,WA,CA,Moorpark,2025,Fall,1,0,0,0,0,0,0
Central Washington University,WA,SD,Rapid City,2025,Fall,1,2,2,2,1,0,1
Central Washington University,WA,CA,Davis,2025,Fall,1,1,1,1,0,0,0
Central Washington University,WA,IL,Joliet,2026,Fall,1,1,1,1,0,0,0
Central Washington University,WA,WA,Monitor,2025,Fall,1,1,1,1,0,0,0
Central Washington University,WA,UT,Highland,2025,Fall,1,1,1,1,0,0,0
Central Washington University,WA,FL,Lehigh Acres,2024,Fall,1,1,1,1,0,0,0
Central Washington University,WA,CA,Stanford,2025,Fall,1,1,1,1,0,0,0
Central Washington University,WA,CA,Oakland,2024,Fall,1,3,2,2,0,0,0
Central Washington University,WA,CA,Agoura Hills,2024,Fall,1,0,0,0,0,0,0
Central Washington University,WA,OR,Gladstone,2026,Fall,1,0,0,0,0,0,0
Central Washington University,WA,WA,Malden,2024,Fall,1,0,0,0,0,0,0
Central Washington University,WA,CA,Oakley,2026,Fall,1,0,0,0,0,0,0
Central Washington University,WA,CA,La Habra,2026,Fall,1,0,0,0,0,0,0
Central Washington University,WA,IA,Perry,2026,Fall,1,0,0,0,0,0,0
Central Washington University,WA,CA,E Palo Alto,2026,Fall,1,0,0,0,0,0,0
Central Washington University,WA,CA,Redlands,2026,Fall,1,0,0,0,0,0,0
Central Washington University,WA,ND,West Fargo,2024,Fall,1,0,0,0,0,0,0
Central Washington University,WA,VA,Bealeton,2026,Fall,1,0,0,0,0,0,0
Central Washington University,WA,CA,Tehachapi,2026,Fall,1,0,0,0,0,0,0
Central Washington University,WA,TX,Mesquite,2026,Fall,1,0,0,0,0,0,0
Central Washington University,WA,TN,Thompsons Stn,2026,Fall,1,0,0,0,0,0,0
Central Washington University,WA,PA,E Stroudsburg,2026,Fall,1,0,0,0,0,0,0
Central Washington University,WA,AR,Marion,2026,Fall,1,0,0,0,0,0,0
Central Washington University,WA,WA,Desert Aire,2026,Fall,1,0,0,0,0,0,0
Central Washington University,WA,MT,Trout Creek,2024,Fall,1,0,0,0,0,0,0
Central Washington University,WA,MT,Reed Point,2026,Fall,1,0,0,0,0,0,0
Central Washington University,WA,VA,Fairfax,2024,Fall,1,0,0,0,0,0,0
Central Washington University,WA,OR,Riddle,2025,Fall,1,0,0,0,0,0,0
Central Washington University,WA,CA,Burney,2026,Fall,1,0,0,0,0,0,0
Central Washington University,WA,OR,Lakeview,2026,Fall,1,2,2,1,1,1,1
Central Washington University,WA,WA,Bucoda,2024,Fall,1,1,1,1,1,1,1
Central Washington University,WA,WI,Milwaukee,2025,Fall,1,2,2,2,1,1,1
Central Washington University,WA,WA,Harrah,2025,Fall,1,2,2,2,1,1,1
Central Washington University,WA,TX,Leander,2026,Fall,1,3,3,2,0,0,0
Central Washington University,WA,WY,Laramie,2025,Fall,1,1,1,1,0,0,1
Central Washington University,WA,AK,Talkeetna,2026,Fall,1,1,1,0,0,0,0
Central Washington University,WA,CO,Naturita,2024,Fall,1,1,0,0,0,0,0
Central Washington University,WA,IL,Posen,2026,Fall,1,0,0,0,0,0,0
Central Washington University,WA,WA,Marcus,2026,Fall,1,0,0,0,0,0,0
Central Washington University,WA,AK,Dillingham,2026,Fall,1,0,0,0,0,0,0
Central Washington University,WA,CA,Pinole,2026,Fall,1,0,0,0,0,0,0
Central Washington University,WA,NV,Carson City,2025,Fall,1,0,0,0,0,0,0
Central Washington University,WA,CA,Orland,2025,Fall,1,0,0,0,0,0,0
Central Washington University,WA,MT,Emigrant,2024,Fall,1,0,0,0,0,0,0
Central Washington University,WA,MO,Webster Grvs,2026,Fall,1,0,0,0,0,0,0
Central Washington University,WA,Bulawayo,Bulawayo,2025,Fall,1,0,0,0,0,0,0
Central Washington University,WA,NY,Conesus,2025,Fall,1,0,0,0,0,0,0
Central Washington University,WA,ID,Rockland,2026,Fall,1,0,0,0,0,0,0
Central Washington University,WA,MT,Alberton,2026,Fall,1,0,0,0,0,0,0
Central Washington University,WA,UT,Riverton,2026,Fall,1,0,0,0,0,0,0
Central Washington University,WA,HI,Volcano,2026,Fall,1,0,0,0,0,0,0
Central Washington University,WA,OR,Monmouth,2025,Fall,1,0,0,0,0,0,0
Central Washington University,WA,Hamadan,Malayer,2025,Fall,1,0,0,0,0,0,0
Central Washington University,WA,NM,Hi Rls Mtn Pk,2026,Fall,1,0,0,0,0,0,0
Central Washington University,WA,CA,N Hollywood,2024,Fall,1,0,0,0,0,0,0
Central Washington University,WA,NY,Glen Spey,2025,Fall,1,0,0,0,0,0,0
Central Washington University,WA,ME,Saint Agatha,2024,Fall,1,0,0,0,0,0,0
Central Washington University,WA,MD,Clarksburg,2026,Fall,1,0,0,0,0,0,0
Central Washington University,WA,CA,Corcoran,2026,Fall,1,0,0,0,0,0,0
Central Washington University,WA,VA,Fredericksburg,2025,Fall,1,0,0,0,0,0,0
Central Washington University,WA,SC,Rock Hill,2025,Fall,1,0,0,0,0,0,0
Central Washington University,WA,Meru,Maua,2024,Fall,1,0,0,0,0,0,0
Central Washington University,WA,WA,pateros,2025,Fall,1,1,1,1,1,0,1
Central Washington University,WA,CA,Rolling Hills Estates,2025,Fall,1,1,1,1,0,0,0
Central Washington University,WA,WA,Underwood,2025,Fall,1,1,1,1,0,0,0
Central Washington University,WA,OR,Umatilla,2024,Fall,1,1,1,1,0,0,0
Central Washington University,WA,SC,Summerville,2026,Fall,1,1,1,0,0,0,0
Central Washington University,WA,NY,Bronx,2024,Fall,1,6,6,5,0,0,0
Central Washington University,WA,AK,Metlakatla,2026,Fall,1,1,0,0,0,0,0
Central Washington University,WA,NY,Gansevoort,2026,Fall,1,0,0,0,0,0,0
Central Washington University,WA,WA,Auburn ,2026,Fall,1,1,0,0,0,0,0
Central Washington University,WA,WI,Walworth,2024,Fall,1,0,0,0,0,0,0
Central Washington University,WA,MN,Albert Lea,2026,Fall,1,0,0,0,0,0,0
Central Washington University,WA,CO,Greenwood Vlg,2025,Fall,1,0,0,0,0,0,0
Central Washington University,WA,HI,Makaweli,2026,Fall,1,0,0,0,0,0,0
Central Washington University,WA,MT,Somers,2026,Fall,1,0,0,0,0,0,0
Central Washington University,WA,NE,Gering,2025,Fall,1,0,0,0,0,0,0
Central Washington University,WA,KS,Kansas City,2026,Fall,1,0,0,0,0,0,0
Central Washington University,WA,IN,Anderson,2026,Fall,1,0,0,0,0,0,0
Central Washington University,WA,WA,Lyman,2025,Fall,1,0,0,0,0,0,0
Central Washington University,WA,AE,Dpo,2026,Fall,1,0,0,0,0,0,0
Central Washington University,WA,MI,Grosse Pointe Farms,2026,Fall,1,0,0,0,0,0,0
Central Washington University,WA,PA,Royersford,2026,Fall,1,0,0,0,0,0,0
Central Washington University,WA,NM,Pecos,2026,Fall,1,0,0,0,0,0,0
Central Washington University,WA,OH,Lima,2026,Fall,1,0,0,0,0,0,0
Central Washington University,WA,WV,Poca,2026,Fall,1,0,0,0,0,0,0
Central Washington University,WA,TN,Spring Hill,2025,Fall,1,0,0,0,0,0,0
Central Washington University,WA,OR,Athena,2025,Fall,1,0,0,0,0,0,0
Central Washington University,WA,MT,Laurel,2026,Fall,1,0,0,0,0,0,0
Central Washington University,WA,MT,Fort Benton,2026,Fall,1,0,0,0,0,0,0
Central Washington University,WA,SC,Walterboro,2026,Fall,1,0,0,0,0,0,0
Central Washington University,WA,WA,Indianola,2024,Fall,1,4,4,4,1,1,1
Central Washington University,WA,IL,Decatur,2026,Fall,1,1,1,1,1,1,1
Central Washington University,WA,CA,Oak Park,2025,Fall,1,1,1,1,0,0,0
Central Washington University,WA,WA,Desert Aire,2024,Fall,1,2,2,1,0,0,0
Central Washington University,WA,UT,West Jordan,2024,Fall,1,2,2,2,0,0,0
Central Washington University,WA,AE,APO,2024,Fall,1,1,1,1,0,0,0
Central Washington University,WA,CA,Rocklin,2026,Fall,1,1,1,1,0,0,0
Central Washington University,WA,OR,Rainier,2026,Fall,1,2,1,1,0,0,0
Central Washington University,WA,OK,Lawton,2026,Fall,1,1,0,0,0,0,0
Central Washington University,WA,CA,Caruthers,2025,Fall,1,0,0,0,0,0,0
Central Washington University,WA,HI,Royal Kunia,2026,Fall,1,0,0,0,0,0,0
Central Washington University,WA,ND,Bismarck,2024,Fall,1,2,2,2,0,0,0
Central Washington University,WA,FL,North Bay Vlg,2025,Fall,1,0,0,0,0,0,0
Central Washington University,WA,WA,Skok,2026,Fall,1,0,0,0,0,0,0
Central Washington University,WA,WA,Sedrowoolley,2025,Fall,1,0,0,0,0,0,0
Central Washington University,WA,UT,Clinton,2026,Fall,1,0,0,0,0,0,0
Central Washington University,WA,AL,Fairfield,2026,Fall,1,0,0,0,0,0,0
Central Washington University,WA,MD,Aberdeen,2025,Fall,1,0,0,0,0,0,0
Central Washington University,WA,TX,Pearland,2025,Fall,1,0,0,0,0,0,0
Central Washington University,WA,ID,Idaho fall,2026,Fall,1,0,0,0,0,0,0
Central Washington University,WA,WY,Kemmerer,2025,Fall,1,0,0,0,0,0,0
Central Washington University,WA,MS,Tupelo,2025,Fall,1,0,0,0,0,0,0
Central Washington University,WA,CA,Grover Beach,2025,Fall,1,0,0,0,0,0,0
Central Washington University,WA,WY,Greybull,2026,Fall,1,0,0,0,0,0,0
Central Washington University,WA,OH,Geneva,2025,Fall,1,0,0,0,0,0,0
Central Washington University,WA,Tokyo,Tokyo,2026,Fall,1,0,0,0,0,0,0
Central Washington University,WA,OR,Gervais,2024,Fall,1,0,0,0,0,0,0
Central Washington University,WA,GA,Kingsland,2025,Fall,1,0,0,0,0,0,0
Central Washington University,WA,TX,Pharr,2026,Fall,1,0,0,0,0,0,0
Central Washington University,WA,GA,Avondale Estates,2026,Fall,1,0,0,0,0,0,0
Central Washington University,WA,MO,New York,2024,Fall,1,0,0,0,0,0,0
Central Washington University,WA,WA,Tokeland,2025,Fall,1,0,0,0,0,0,0
Central Washington University,WA,LA,Greenwell Springs,2026,Fall,1,0,0,0,0,0,0
Central Washington University,WA,TX,Sachse,2024,Fall,1,0,0,0,0,0,0
Central Washington University,WA,WY,Hulett,2026,Fall,1,0,0,0,0,0,0
Central Washington University,WA,AL,Talladega,2026,Fall,1,0,0,0,0,0,0
Central Washington University,WA,NE,Gibbon,2025,Fall,1,0,0,0,0,0,0
Central Washington University,WA,WA,Valleyford,2024,Fall,1,0,0,0,0,0,0
Central Washington University,WA,MP,Saipan,2025,Fall,1,3,2,2,0,0,0
Central Washington University,WA,MO,Saint Louis,2025,Fall,1,1,0,0,0,0,0
Central Washington University,WA,Riyadh Region,Riyadh,2024,Fall,1,0,0,0,0,0,0
Central Washington University,WA,AR,Alma,2026,Fall,1,0,0,0,0,0,0
Central Washington University,WA,MT,Big Timber,2026,Fall,1,0,0,0,0,0,0
Central Washington University,WA,TX,Hitchcock,2026,Fall,1,0,0,0,0,0,0
Central Washington University,WA,KS,Barnard,2025,Fall,1,0,0,0,0,0,0
Central Washington University,WA,NJ,Montclair,2026,Fall,1,0,0,0,0,0,0
Central Washington University,WA,WI,Hortonville,2025,Fall,1,0,0,0,0,0,0
Central Washington University,WA,GA,Garden Cty,2025,Fall,1,0,0,0,0,0,0
Central Washington University,WA,OR,Elmira,2025,Fall,1,0,0,0,0,0,0
Central Washington University,WA,VT,Bennington,2024,Fall,1,0,0,0,0,0,0
Central Washington University,WA,OK,Henryetta,2025,Fall,1,0,0,0,0,0,0
Central Washington University,WA,CA,Wilton,2026,Fall,1,0,0,0,0,0,0
Central Washington University,WA,AR,Rogers,2024,Fall,1,0,0,0,0,0,0
Central Washington University,WA,ID,Mountain home,2025,Fall,1,0,0,0,0,0,0
Central Washington University,WA,WA,Bickleton,2026,Fall,1,0,0,0,0,0,0
Central Washington University,WA,Rabat-Sale-Kenitra,Rabat,2024,Fall,1,0,0,0,0,0,0
Central Washington University,WA,ID,Ketchum,2026,Fall,1,0,0,0,0,0,0
Central Washington University,WA,AR,Magnolia,2026,Fall,1,0,0,0,0,0,0
Central Washington University,WA,CA,Rancho Palos Verdes,2025,Fall,1,0,0,0,0,0,0
Central Washington University,WA,MI,Commerce Twp,2026,Fall,1,0,0,0,0,0,0
Central Washington University,WA,Sichuan,Luzhou,2026,Fall,1,0,0,0,0,0,0
Central Washington University,WA,NY,Elmira,2026,Fall,1,0,0,0,0,0,0
Central Washington University,WA,MO,Fenton,2025,Fall,1,0,0,0,0,0,0
Central Washington University,WA,MI,Bloomfld Hls,2025,Fall,1,0,0,0,0,0,0
Central Washington University,WA,ID,Star,2024,Fall,1,1,1,1,1,0,1
Central Washington University,WA,WA,Spangle,2026,Fall,1,1,1,1,1,1,1
Central Washington University,WA,WA,Kirkland ,2025,Fall,1,1,1,1,1,1,1
Central Washington University,WA,GA,Savannah,2026,Fall,1,1,1,1,0,0,0
Central Washington University,WA,GA,Atlanta,2024,Fall,1,1,1,1,0,0,0
Central Washington University,WA,WA,Odessa,2025,Fall,1,1,1,1,0,0,0
Central Washington University,WA,HI,Kapaau,2026,Fall,1,1,0,0,0,0,0
Central Washington University,WA,TX,Red Oak,2026,Fall,1,2,1,1,0,0,0
Central Washington University,WA,CA,Salinas,2024,Fall,1,2,1,1,0,0,0
Central Washington University,WA,AK,Seward,2026,Fall,1,1,0,0,0,0,0
Central Washington University,WA,WA,Asotin,2025,Fall,1,0,0,0,0,0,0
Central Washington University,WA,NJ,Jersey City,2026,Fall,1,0,0,0,0,0,0
Central Washington University,WA,FL,Harmony,2025,Fall,1,0,0,0,0,0,0
Central Washington University,WA,PA,Warren,2026,Fall,1,0,0,0,0,0,0
Central Washington University,WA,CA,Wofford Heights,2026,Fall,1,0,0,0,0,0,0
Central Washington University,WA,IL,Western Springs,2025,Fall,1,0,0,0,0,0,0
Central Washington University,WA,NC,Mocksville,2026,Fall,1,0,0,0,0,0,0
Central Washington University,WA,CO,Lafayette,2025,Fall,1,0,0,0,0,0,0
Central Washington University,WA,NM,Chaparral,2026,Fall,1,0,0,0,0,0,0
Central Washington University,WA,NJ,Hazlet,2024,Fall,1,0,0,0,0,0,0
Central Washington University,WA,CA,Benton,2026,Fall,1,0,0,0,0,0,0
Central Washington University,WA,PA,Lansdale,2026,Fall,1,0,0,0,0,0,0
Central Washington University,WA,MS,Shelby,2025,Fall,1,0,0,0,0,0,0
Central Washington University,WA,MO,Liberty,2026,Fall,1,0,0,0,0,0,0
Central Washington University,WA,KY,Farmington,2026,Fall,1,0,0,0,0,0,0
Central Washington University,WA,MI,Farmington,2025,Fall,1,0,0,0,0,0,0
Central Washington University,WA,MN,Minnetonka,2025,Fall,1,0,0,0,0,0,0
Central Washington University,WA,FL,Doral,2024,Fall,1,0,0,0,0,0,0
Central Washington University,WA,DE,Newark,2025,Fall,1,0,0,0,0,0,0
Central Washington University,WA,CA,Agoura Hills,2025,Fall,1,0,0,0,0,0,0
Central Washington University,WA,NY,Middletown,2024,Fall,1,0,0,0,0,0,0
Central Washington University,WA,FL,Quincy,2026,Fall,1,0,0,0,0,0,0
Central Washington University,WA,MT,St Ignatius,2025,Fall,1,0,0,0,0,0,0
Central Washington University,WA,WA,Mazama,2024,Fall,1,1,1,1,1,1,1
Central Washington University,WA,TX,Fort Worth,2024,Fall,1,2,1,1,1,1,1
Central Washington University,WA,CA,Livermore,2024,Fall,1,2,2,1,0,0,0
Central Washington University,WA,MI,Newaygo,2024,Fall,1,1,1,1,0,0,0
Central Washington University,WA,IL,Mount Vernon,2024,Fall,1,1,1,0,0,0,0
Central Washington University,WA,CO,Thornton,2025,Fall,1,1,1,1,0,0,0
Central Washington University,WA,OH,Columbus,2025,Fall,1,2,2,0,0,0,0
Central Washington University,WA,NH,Goffstown,2024,Fall,1,1,0,0,0,0,0
Central Washington University,WA,NY,Canisteo,2025,Fall,1,0,0,0,0,0,0
Central Washington University,WA,TX,Howe,2024,Fall,1,0,0,0,0,0,0
Central Washington University,WA,MT,Columbus,2025,Fall,1,0,0,0,0,0,0
Central Washington University,WA,TX,Friona,2026,Fall,1,0,0,0,0,0,0
Central Washington University,WA,NC,Lewisville,2024,Fall,1,0,0,0,0,0,0
Central Washington University,WA,OK,Collinsville,2025,Fall,1,0,0,0,0,0,0
Central Washington University,WA,AK,Goodnews Bay,2024,Fall,1,0,0,0,0,0,0
Central Washington University,WA,AL,Wetumpka,2024,Fall,1,0,0,0,0,0,0
Central Washington University,WA,IL,Hodgkins,2025,Fall,1,0,0,0,0,0,0
Central Washington University,WA,VI,St. Thomas,2026,Fall,1,0,0,0,0,0,0
Central Washington University,WA,OR,Condon,2024,Fall,1,0,0,0,0,0,0
Central Washington University,WA,MI,Canton,2025,Fall,1,0,0,0,0,0,0
Central Washington University,WA,WA,Pomeroy,2026,Fall,1,0,0,0,0,0,0
Central Washington University,WA,MS,Gulfport,2026,Fall,1,0,0,0,0,0,0
Central Washington University,WA,AL,Loxley,2026,Fall,1,0,0,0,0,0,0
Central Washington University,WA,OK,Konawa,2026,Fall,1,0,0,0,0,0,0
Central Washington University,WA,NV,Carlin,2026,Fall,1,0,0,0,0,0,0
Central Washington University,WA,ID,Harrison,2025,Fall,1,0,0,0,0,0,0
Central Washington University,WA,VA,Blackstone,2024,Fall,1,0,0,0,0,0,0
Central Washington University,WA,WA,Amboy,2024,Fall,1,0,0,0,0,0,0
Central Washington University,WA,VT,Essex Junction,2025,Fall,1,0,0,0,0,0,0
Central Washington University,WA,CA,Ca,2026,Fall,1,0,0,0,0,0,0
Central Washington University,WA,CO,Ovid,2026,Fall,1,0,0,0,0,0,0
Central Washington University,WA,IL,Cissna Park,2025,Fall,1,0,0,0,0,0,0
Central Washington University,WA,TX,Humble,2026,Fall,1,0,0,0,0,0,0
Central Washington University,WA,MT,Darby,2026,Fall,1,0,0,0,0,0,0
Central Washington University,WA,TN,Chattanooga,2026,Fall,1,0,0,0,0,0,0
Central Washington University,WA,BC,North Saanich,2025,Fall,1,0,0,0,0,0,0
Central Washington University,WA,ID,Saint Maries,2025,Fall,1,1,1,1,1,0,1
Central Washington University,WA,WA,Oakville,2024,Fall,1,3,2,2,0,0,0
Central Washington University,WA,FL,Boynton Beach,2024,Fall,1,1,1,1,0,0,0
Central Washington University,WA,MP,Saipan,2026,Fall,1,2,2,2,0,0,0
Central Washington University,WA,GA,Fort Moore,2026,Fall,1,1,1,1,0,0,0
Central Washington University,WA,WA,Taholah,2024,Fall,1,1,0,0,0,0,0
Central Washington University,WA,MI,Dearborn Heights,2026,Fall,1,0,0,0,0,0,0
Central Washington University,WA,NE,Ceresco,2025,Fall,1,0,0,0,0,0,0
Central Washington University,WA,OR,Fossil,2025,Fall,1,0,0,0,0,0,0
Central Washington University,WA,IN,Shelbyville,2026,Fall,1,0,0,0,0,0,0
Central Washington University,WA,OR,Westlake,2025,Fall,1,0,0,0,0,0,0
Central Washington University,WA,TX,Deer Park,2025,Fall,1,0,0,0,0,0,0
Central Washington University,WA,IN,Aurora,2026,Fall,1,0,0,0,0,0,0
Central Washington University,WA,UT,Clearfield,2025,Fall,1,0,0,0,0,0,0
Central Washington University,WA,CO,Windsor,2025,Fall,1,0,0,0,0,0,0
Central Washington University,WA,CA,Sunnyvale,2026,Fall,1,0,0,0,0,0,0
Central Washington University,WA,MI,Brighton,2024,Fall,1,0,0,0,0,0,0
Central Washington University,WA,CO,Crested Butte,2026,Fall,1,0,0,0,0,0,0
Central Washington University,WA,CA,Westminster,2025,Fall,1,0,0,0,0,0,0
Central Washington University,WA,MI,Commerce Township,2026,Fall,1,0,0,0,0,0,0
Central Washington University,WA,TX,Buda,2026,Fall,1,0,0,0,0,0,0
Central Washington University,WA,MA,Andover,2026,Fall,1,0,0,0,0,0,0
Central Washington University,WA,HI,Kunia,2026,Fall,1,0,0,0,0,0,0
Central Washington University,WA,CA,Castro Valley,2024,Fall,1,0,0,0,0,0,0
Central Washington University,WA,AZ,Nogales,2024,Fall,1,0,0,0,0,0,0
Central Washington University,WA,CA,Dana Point,2026,Fall,1,0,0,0,0,0,0
Central Washington University,WA,CA,Mountain View,2026,Fall,1,1,1,1,0,0,0
Central Washington University,WA,MN,Rochester,2025,Fall,1,1,1,1,0,0,0
Central Washington University,WA,CA,Cameron Park,2024,Fall,1,1,1,1,0,0,0
Central Washington University,WA,AZ,Kingman,2024,Fall,1,1,0,0,0,0,0
Central Washington University,WA,HI,Kaumakani,2026,Fall,1,0,0,0,0,0,0
Central Washington University,WA,LA,Lafayette,2024,Fall,1,0,0,0,0,0,0
Central Washington University,WA,GA,Conyers,2025,Fall,1,0,0,0,0,0,0
Central Washington University,WA,UT,Salt Lake City,2024,Fall,1,0,0,0,0,0,0
Central Washington University,WA,PA,Blandon,2026,Fall,1,0,0,0,0,0,0
Central Washington University,WA,WA,S Cle Elum,2024,Fall,1,0,0,0,0,0,0
Central Washington University,WA,Sao Paulo,São Paulo,2025,Fall,1,0,0,0,0,0,0
Central Washington University,WA,CA,Canyon Cntry,2026,Fall,1,0,0,0,0,0,0
Central Washington University,WA,AK,Yakutat,2024,Fall,1,0,0,0,0,0,0
Central Washington University,WA,IN,Sheridan,2025,Fall,1,0,0,0,0,0,0
Central Washington University,WA,MS,Oxford,2026,Fall,1,0,0,0,0,0,0
Central Washington University,WA,OR,Madras,2024,Fall,1,0,0,0,0,0,0
Central Washington University,WA,MI,Berkley,2026,Fall,1,0,0,0,0,0,0
Central Washington University,WA,WA,Mountvernon,2026,Fall,1,0,0,0,0,0,0
Central Washington University,WA,GU,Barrigada,2025,Fall,1,0,0,0,0,0,0
Central Washington University,WA,IA,Centerville,2026,Fall,1,1,0,0,0,0,0
Central Washington University,WA,CA,Mentone,2026,Fall,1,0,0,0,0,0,0
Central Washington University,WA,Giza,Giza,2024,Fall,1,0,0,0,0,0,0
Central Washington University,WA,CA,Fair Oaks,2025,Fall,1,0,0,0,0,0,0
Central Washington University,WA,GA,Mcdonough,2026,Fall,1,0,0,0,0,0,0
Central Washington University,WA,NY,Margaretville,2024,Fall,1,0,0,0,0,0,0
Central Washington University,WA,NC,Greensboro,2026,Fall,1,0,0,0,0,0,0
Central Washington University,WA,ND,Jamestown,2024,Fall,1,0,0,0,0,0,0
Central Washington University,WA,ID,Weiser,2024,Fall,1,0,0,0,0,0,0
Central Washington University,WA,WA,Hispanic/Latino,2025,Fall,1,1,0,0,0,0,0
Central Washington University,WA,ID,Shelley,2025,Fall,1,0,0,0,0,0,0
Central Washington University,WA,CO,Olathe,2025,Fall,1,0,0,0,0,0,0
Central Washington University,WA,FL,Niceville,2026,Fall,1,0,0,0,0,0,0
Central Washington University,WA,ID,Kuna,2024,Fall,1,0,0,0,0,0,0
Central Washington University,WA,AK,Emmonak,2026,Fall,1,0,0,0,0,0,0
Central Washington University,WA,WA,Sekiu,2026,Fall,1,0,0,0,0,0,0
Central Washington University,WA,MT,Crow Agency,2026,Fall,1,0,0,0,0,0,0
Central Washington University,WA,OR,Stayton,2025,Fall,1,1,1,1,1,1,1
Central Washington University,WA,WA,Snoqualmie Ps,2026,Fall,1,1,1,1,0,0,0
Central Washington University,WA,CA,Graton,2024,Fall,1,1,1,1,0,0,0
Central Washington University,WA,MA,Westford,2025,Fall,1,5,3,0,0,0,0
Central Washington University,WA,CO,Silverthorne,2026,Fall,1,1,1,1,0,0,0
Central Washington University,WA,HI,Lanai City,2025,Fall,1,1,0,0,0,0,0
Central Washington University,WA,CO,Lakewood,2025,Fall,1,1,0,0,0,0,0
Central Washington University,WA,SC,Clover,2026,Fall,1,1,0,0,0,0,0
Central Washington University,WA,HI,Hanapepe,2024,Fall,1,0,0,0,0,0,0
Central Washington University,WA,ID,Kuna,2025,Fall,1,1,0,0,0,0,0
Central Washington University,WA,WV,Beckley,2025,Fall,1,0,0,0,0,0,0
Central Washington University,WA,CA,Vernon,2026,Fall,1,0,0,0,0,0,0
Central Washington University,WA,South Island,Queenstown,2024,Fall,1,0,0,0,0,0,0
Central Washington University,WA,NJ,Mount Arlington,2026,Fall,1,0,0,0,0,0,0
Central Washington University,WA,IL,Park Forest,2025,Fall,1,0,0,0,0,0,0
Central Washington University,WA,TX,San Marcos,2025,Fall,1,0,0,0,0,0,0
Central Washington University,WA,GA,Lilburn,2024,Fall,1,0,0,0,0,0,0
Central Washington University,WA,FL,Dundee,2026,Fall,1,0,0,0,0,0,0
Central Washington University,WA,IL,Trenton,2025,Fall,1,0,0,0,0,0,0
Central Washington University,WA,VT,Milton,2025,Fall,1,0,0,0,0,0,0
Central Washington University,WA,UT,Highland,2026,Fall,1,0,0,0,0,0,0
Central Washington University,WA,WA,Touchet,2025,Fall,1,0,0,0,0,0,0
Central Washington University,WA,Tehran,Tehran,2024,Fall,1,0,0,0,0,0,0
Central Washington University,WA,WI,Sun Prairie,2025,Fall,1,0,0,0,0,0,0
Central Washington University,WA,GA,Pooler,2026,Fall,1,0,0,0,0,0,0
Central Washington University,WA,IN,Knox,2025,Fall,1,0,0,0,0,0,0
Central Washington University,WA,HI,Ainaloa,2025,Fall,1,0,0,0,0,0,0
Central Washington University,WA,BC,Maple Ridge,2025,Fall,1,0,0,0,0,0,0
Central Washington University,WA,UT,Uintah,2026,Fall,1,0,0,0,0,0,0
Central Washington University,WA,AZ,Scenic,2025,Fall,1,0,0,0,0,0,0
Central Washington University,WA,IL,St Charles,2024,Fall,1,0,0,0,0,0,0
Central Washington University,WA,MA,Upton,2025,Fall,1,0,0,0,0,0,0
Central Washington University,WA,CA,Fairfax,2025,Fall,1,0,0,0,0,0,0
Central Washington University,WA,MT,Highwood,2025,Fall,1,0,0,0,0,0,0
Central Washington University,WA,CA,Aliso Viejo,2026,Fall,1,0,0,0,0,0,0
Central Washington University,WA,MT,Sula,2026,Fall,1,0,0,0,0,0,0
Central Washington University,WA,WA,Kent WA,2026,Fall,1,0,0,0,0,0,0
Central Washington University,WA,OR,Gold Hill,2025,Fall,1,2,2,1,1,1,1
Central Washington University,WA,WA,Toutle,2024,Fall,1,2,2,2,1,1,1
Central Washington University,WA,WA,Chinook,2024,Fall,1,1,1,1,0,0,0
Central Washington University,WA,WA,Moses lake,2026,Fall,1,1,1,1,0,0,0
Central Washington University,WA,OH,Sandusky,2024,Fall,1,1,1,1,0,0,0
Central Washington University,WA,CA,Santa Rosa,2026,Fall,1,1,1,1,0,0,0
Central Washington University,WA,WA,Gleed,2025,Fall,1,1,1,1,0,0,0
Central Washington University,WA,HI,Kula,2024,Fall,1,1,1,0,0,0,0
Central Washington University,WA,KY,Owensboro,2025,Fall,1,0,0,0,0,0,0
Central Washington University,WA,CO,Monte Vista,2026,Fall,1,0,0,0,0,0,0
Central Washington University,WA,HI,Hawaiian Paradise Park,2026,Fall,1,0,0,0,0,0,0
Central Washington University,WA,UT,Elk Ridge,2025,Fall,1,0,0,0,0,0,0
Central Washington University,WA,OR,Lebanon,2026,Fall,1,0,0,0,0,0,0
Central Washington University,WA,FL,Homestead,2025,Fall,1,0,0,0,0,0,0
Central Washington University,WA,CA,Shafter,2026,Fall,1,0,0,0,0,0,0
Central Washington University,WA,VA,Fairfax Sta,2026,Fall,1,0,0,0,0,0,0
Central Washington University,WA,CA,Manteca,2026,Fall,1,0,0,0,0,0,0
Central Washington University,WA,UT,Fruit Heights,2026,Fall,1,0,0,0,0,0,0
Central Washington University,WA,UT,Eagle Mtn,2026,Fall,1,0,0,0,0,0,0
Central Washington University,WA,IN,Greenwood,2026,Fall,1,0,0,0,0,0,0
Central Washington University,WA,AK,Kotzebue,2025,Fall,1,0,0,0,0,0,0
Central Washington University,WA,AL,Foley,2025,Fall,1,0,0,0,0,0,0
Central Washington University,WA,PA,Upper Darby,2026,Fall,1,0,0,0,0,0,0
Central Washington University,WA,NJ,Williamstown,2025,Fall,1,0,0,0,0,0,0
Central Washington University,WA,WI,Waupun,2026,Fall,1,0,0,0,0,0,0
Central Washington University,WA,WA,Metaline Falls,2026,Fall,1,0,0,0,0,0,0
Central Washington University,WA,AK,Bethel,2026,Fall,1,0,0,0,0,0,0
Central Washington University,WA,HI,Honaunau,2026,Fall,1,0,0,0,0,0,0
Central Washington University,WA,PA,Mount Joy,2026,Fall,1,0,0,0,0,0,0
Central Washington University,WA,TX,Harker Hts,2024,Fall,1,0,0,0,0,0,0
Central Washington University,WA,HI,Eleele,2024,Fall,1,0,0,0,0,0,0
Central Washington University,WA,OR,Cloverdale,2025,Fall,1,0,0,0,0,0,0
Central Washington University,WA,MD,Owings Mills,2025,Fall,1,0,0,0,0,0,0
Central Washington University,WA,MT,Kevin,2024,Fall,1,0,0,0,0,0,0
Central Washington University,WA,CO,Falcon,2025,Fall,1,0,0,0,0,0,0
Central Washington University,WA,MD,Columbia,2025,Fall,1,0,0,0,0,0,0
Central Washington University,WA,IL,Downers Grove,2024,Fall,1,1,1,1,1,1,1
Central Washington University,WA,NY,Prt Washingtn,2026,Fall,1,1,1,1,0,0,0
Central Washington University,WA,CO,Windsor,2026,Fall,1,1,1,1,0,0,0
Central Washington University,WA,TX,Katy,2026,Fall,1,2,2,1,0,0,0
Central Washington University,WA,FL,West Palm Bch,2026,Fall,1,2,2,1,0,0,0
Central Washington University,WA,NY,Vestal,2025,Fall,1,1,0,0,0,0,0
Central Washington University,WA,TX,Longview,2025,Fall,1,1,0,0,0,0,0
Central Washington University,WA,OR,The Dalles,2024,Fall,1,0,0,0,0,0,0
Central Washington University,WA,OK,Proctor,2024,Fall,1,0,0,0,0,0,0
Central Washington University,WA,ID,Rogerson,2025,Fall,1,0,0,0,0,0,0
Central Washington University,WA,Ulaanbaatar Hot,Ulan Bator,2024,Fall,1,0,0,0,0,0,0
Central Washington University,WA,FL,Palmetto,2026,Fall,1,0,0,0,0,0,0
Central Washington University,WA,NY,Middle Vlg,2025,Fall,1,0,0,0,0,0,0
Central Washington University,WA,SD,Watertown,2026,Fall,1,0,0,0,0,0,0
Central Washington University,WA,WA,Bayamon,2026,Fall,1,0,0,0,0,0,0
Central Washington University,WA,UT,Rush Valley,2025,Fall,1,0,0,0,0,0,0
Central Washington University,WA,HI,Makakilo,2024,Fall,1,0,0,0,0,0,0
Central Washington University,WA,WA,Klickitat,2026,Fall,1,0,0,0,0,0,0
Central Washington University,WA,FL,Hallandle Bch,2026,Fall,1,0,0,0,0,0,0
Central Washington University,WA,IL,Lake Forest,2026,Fall,1,0,0,0,0,0,0
Central Washington University,WA,AL,Hokes Bluff,2026,Fall,1,0,0,0,0,0,0
Central Washington University,WA,TX,Fairview,2025,Fall,1,0,0,0,0,0,0
Central Washington University,WA,Eastern,Madina,2024,Fall,1,0,0,0,0,0,0
Central Washington University,WA,MN,Richfield,2026,Fall,1,0,0,0,0,0,0
Central Washington University,WA,WA,Metaline Falls,2025,Fall,1,0,0,0,0,0,0
Central Washington University,WA,OR,Philomath,2025,Fall,1,0,0,0,0,0,0
Central Washington University,WA,GA,Covington,2026,Fall,1,0,0,0,0,0,0
Central Washington University,WA,AL,Dothan,2026,Fall,1,0,0,0,0,0,0
Central Washington University,WA,PA,Leechburg,2026,Fall,1,0,0,0,0,0,0
Central Washington University,WA,IL,Watseka,2024,Fall,1,0,0,0,0,0,0
Central Washington University,WA,IL,Wauconda,2026,Fall,1,0,0,0,0,0,0
Central Washington University,WA,NE,Saint Edward,2024,Fall,1,1,1,1,1,1,1
Central Washington University,WA,WA,CARNATION,2025,Fall,1,1,1,1,1,1,1
Central Washington University,WA,TX,Waco,2026,Fall,1,1,1,1,0,0,0
Central Washington University,WA,CA,Laguna Hills,2024,Fall,1,1,1,1,1,1,1
Central Washington University,WA,MD,Abingdon,2026,Fall,1,1,1,1,0,0,0
Central Washington University,WA,WA,Leavonworth,2024,Fall,1,1,1,1,0,0,0
Central Washington University,WA,WA,Entiat,2024,Fall,1,4,2,2,0,0,0
Central Washington University,WA,ID,Victor,2026,Fall,1,1,1,1,0,0,0
Central Washington University,WA,CA,Oak Park,2024,Fall,1,1,1,1,0,0,0
Central Washington University,WA,CO,Evergreen,2026,Fall,1,2,2,2,0,0,0
Central Washington University,WA,Harare,Harare,2025,Fall,1,1,1,1,0,0,0
Central Washington University,WA,NY,Clay,2024,Fall,1,0,0,0,0,0,0
Central Washington University,WA,TN,Whitesburg,2025,Fall,1,1,0,0,0,0,0
Central Washington University,WA,NY,Syracuse,2024,Fall,1,1,0,0,0,0,0
Central Washington University,WA,NJ,New Brunswick,2026,Fall,1,1,0,0,0,0,0
Central Washington University,WA,FL,Middleburg,2026,Fall,1,1,0,0,0,0,0
Central Washington University,WA,GA,Austell,2025,Fall,1,0,0,0,0,0,0
Central Washington University,WA,OR,Trail,2026,Fall,1,0,0,0,0,0,0
Central Washington University,WA,HI,Pahoa,2024,Fall,1,0,0,0,0,0,0
Central Washington University,WA,GA,Austell,2026,Fall,1,0,0,0,0,0,0
Central Washington University,WA,HI,Paia,2024,Fall,1,0,0,0,0,0,0
Central Washington University,WA,Casablanca-Settat,Casablanca,2024,Fall,1,0,0,0,0,0,0
Central Washington University,WA,FL,Miami Gardens,2024,Fall,1,0,0,0,0,0,0
Central Washington University,WA,Brussels Capital,Brussels,2024,Fall,1,0,0,0,0,0,0
Central Washington University,WA,TX,Floresville,2026,Fall,1,0,0,0,0,0,0
Central Washington University,WA,ID,Sugar City,2025,Fall,1,0,0,0,0,0,0
Central Washington University,WA,ID,Post Falls,2024,Fall,1,0,0,0,0,0,0
Central Washington University,WA,OR,Wolf Creek,2025,Fall,1,0,0,0,0,0,0
Central Washington University,WA,WA,Hatton,2024,Fall,1,0,0,0,0,0,0
Central Washington University,WA,WA,Joint Base Lewis Mcchord,2024,Fall,1,0,0,0,0,0,0
Central Washington University,WA,MO,Waynesville,2024,Fall,1,0,0,0,0,0,0
Central Washington University,WA,WA,Harrington,2024,Fall,1,0,0,0,0,0,0
Central Washington University,WA,Anambra,Onitsha,2024,Fall,1,0,0,0,0,0,0
Central Washington University,WA,ID,Bonners Ferry,2026,Fall,1,0,0,0,0,0,0
Central Washington University,WA,OR,Stanfield,2025,Fall,1,0,0,0,0,0,0
Central Washington University,WA,OR,Mulino,2026,Fall,1,0,0,0,0,0,0
Central Washington University,WA,HI,Kealakekua,2026,Fall,1,0,0,0,0,0,0
Central Washington University,WA,WA,Sumas,2025,Fall,1,0,0,0,0,0,0
Central Washington University,WA,LA,Houma,2025,Fall,1,0,0,0,0,0,0
Central Washington University,WA,MA,Uxbridge,2026,Fall,1,0,0,0,0,0,0
Central Washington University,WA,UT,Salt Lake Cty,2025,Fall,1,1,1,1,1,0,1
Central Washington University,WA,CA,Discovery Bay,2024,Fall,1,1,1,1,1,1,1
Central Washington University,WA,CA,Dublin,2025,Fall,1,2,1,1,0,0,0
Central Washington University,WA,WA,Sunnyside ,2024,Fall,1,1,1,1,0,0,0
Central Washington University,WA,OR,Beavercreek,2026,Fall,1,1,1,1,0,0,0
Central Washington University,WA,MO,Saint Louis,2024,Fall,1,1,0,0,0,0,0
Central Washington University,WA,OR,Cornelius,2025,Fall,1,1,1,1,0,0,0
Central Washington University,WA,FL,Winter Garden,2026,Fall,1,1,1,1,0,0,0
Central Washington University,WA,WA,Darrington,2024,Fall,1,2,1,0,0,0,0
Central Washington University,WA,FL,Winter Spgs,2026,Fall,1,0,0,0,0,0,0
Central Washington University,WA,CA,Costa Mesa,2026,Fall,1,0,0,0,0,0,0
Central Washington University,WA,TX,Mcgregor,2024,Fall,1,0,0,0,0,0,0
Central Washington University,WA,DE,Laurel,2025,Fall,1,0,0,0,0,0,0
Central Washington University,WA,TX,Bastrop,2026,Fall,1,0,0,0,0,0,0
Central Washington University,WA,WA,Harrington,2025,Fall,1,0,0,0,0,0,0
Central Washington University,WA,AR,Heber Springs,2026,Fall,1,0,0,0,0,0,0
Central Washington University,WA,OR,Jefferson,2026,Fall,1,0,0,0,0,0,0
Central Washington University,WA,Ho Chi Minh City,Ho Chi Minh City,2025,Fall,1,0,0,0,0,0,0
Central Washington University,WA,MI,Eastpointe,2025,Fall,1,0,0,0,0,0,0
Central Washington University,WA,KY,Bowling Green,2026,Fall,1,0,0,0,0,0,0
Central Washington University,WA,Homa Bay,Rongo,2024,Fall,1,0,0,0,0,0,0
Central Washington University,WA,AR,Springdale,2026,Fall,1,0,0,0,0,0,0
Central Washington University,WA,WV,Beckley,2026,Fall,1,0,0,0,0,0,0
Central Washington University,WA,UT,Santaquin,2026,Fall,1,0,0,0,0,0,0
Central Washington University,WA,NY,Spring Valley,2026,Fall,1,0,0,0,0,0,0
Central Washington University,WA,TX,Fort Cavazos,2024,Fall,1,0,0,0,0,0,0
Central Washington University,WA,WA,Union Hill-Novelty Hill,2025,Fall,1,0,0,0,0,0,0
Central Washington University,WA,FL,Pembroke Pnes,2026,Fall,1,0,0,0,0,0,0
Central Washington University,WA,OK,Arkoma,2025,Fall,1,0,0,0,0,0,0
Central Washington University,WA,LA,Opelousas,2026,Fall,1,0,0,0,0,0,0
Central Washington University,WA,DUBAI,Dubai,2024,Fall,1,1,1,1,1,1,1
Central Washington University,WA,AK,Kenai,2026,Fall,1,2,1,1,1,1,1
Central Washington University,WA,OH,Perrysburg,2026,Fall,1,1,1,1,0,0,0
Central Washington University,WA,CA,Lake Forest,2026,Fall,1,1,1,1,0,0,0
Central Washington University,WA,TX,Allen,2026,Fall,1,2,1,1,0,0,0
Central Washington University,WA,WA,Underwood,2024,Fall,1,1,1,1,0,0,0
Central Washington University,WA,OR,Banks,2024,Fall,1,1,1,1,0,0,0
Central Washington University,WA,WA,Ardenvoir,2026,Fall,1,0,0,0,0,0,0
Central Washington University,WA,OK,Yukon,2024,Fall,1,0,0,0,0,0,0
Central Washington University,WA,WA,Acme,2025,Fall,1,0,0,0,0,0,0
Central Washington University,WA,CA,San Ysidro,2025,Fall,1,0,0,0,0,0,0
Central Washington University,WA,ID,Donnelly,2026,Fall,1,0,0,0,0,0,0
Central Washington University,WA,NE,Wayne,2025,Fall,1,0,0,0,0,0,0
Central Washington University,WA,PA,Boyertown,2025,Fall,1,0,0,0,0,0,0
Central Washington University,WA,CA,Lodi,2025,Fall,1,0,0,0,0,0,0
Central Washington University,WA,MD,Princess Anne,2026,Fall,1,0,0,0,0,0,0
Central Washington University,WA,GA,Winder,2024,Fall,1,0,0,0,0,0,0
Central Washington University,WA,MI,Bay City,2026,Fall,1,0,0,0,0,0,0
Central Washington University,WA,CA,Carson,2024,Fall,1,0,0,0,0,0,0
Central Washington University,WA,AR,Pine Bluff,2025,Fall,1,0,0,0,0,0,0
Central Washington University,WA,WI,Lake Geneva,2025,Fall,1,0,0,0,0,0,0
Central Washington University,WA,Bukhara,Bukhara,2024,Fall,1,0,0,0,0,0,0
Central Washington University,WA,ME,Freeport,2025,Fall,1,0,0,0,0,0,0
Central Washington University,WA,CA,Lafayette,2025,Fall,1,0,0,0,0,0,0
Central Washington University,WA,TX,Lufkin,2026,Fall,1,0,0,0,0,0,0
Central Washington University,WA,CA,Huntingtn Bch,2024,Fall,1,3,3,2,1,0,1
Central Washington University,WA,OR,Coos Bay,2024,Fall,1,2,1,1,1,1,1
Central Washington University,WA,TX,Denton,2024,Fall,1,1,1,1,1,1,1
Central Washington University,WA,MD,Rockville,2026,Fall,1,1,1,1,0,0,0
Central Washington University,WA,TX,Bryan,2025,Fall,1,1,1,1,0,0,0
Central Washington University,WA,ID,Pocatello,2024,Fall,1,1,1,1,0,0,0
Central Washington University,WA,CA,Atwater,2024,Fall,1,1,1,0,0,0,0
Central Washington University,WA,AK,Delta junction ,2025,Fall,1,1,0,0,0,0,0
Central Washington University,WA,AL,Daleville,2025,Fall,1,1,0,0,0,0,0
Central Washington University,WA,OR,Warm Springs,2025,Fall,1,1,0,0,0,0,0
Central Washington University,WA,CA,Cardiff,2024,Fall,1,0,0,0,0,0,0
Central Washington University,WA,Friesland,Drachten,2026,Fall,1,1,0,0,0,0,0
Central Washington University,WA,OR,Camas Valley,2025,Fall,1,0,0,0,0,0,0
Central Washington University,WA,CA,Lakeside,2026,Fall,1,0,0,0,0,0,0
Central Washington University,WA,AZ,Vail,2025,Fall,1,0,0,0,0,0,0
Central Washington University,WA,OH,Canal Wnchstr,2026,Fall,1,0,0,0,0,0,0
Central Washington University,WA,WY,Cowley,2026,Fall,1,0,0,0,0,0,0
Central Washington University,WA,CA,Vista,2024,Fall,1,0,0,0,0,0,0
Central Washington University,WA,ID,Rexburg,2024,Fall,1,0,0,0,0,0,0
Central Washington University,WA,CA,Truckee,2026,Fall,1,0,0,0,0,0,0
Central Washington University,WA,NC,Reidsville,2025,Fall,1,0,0,0,0,0,0
Central Washington University,WA,ID,Homedale,2025,Fall,1,0,0,0,0,0,0
Central Washington University,WA,AR,El Dorado,2026,Fall,1,0,0,0,0,0,0
Central Washington University,WA,AZ,El Mirage,2026,Fall,1,0,0,0,0,0,0
Central Washington University,WA,VA,Woodbridge,2024,Fall,1,0,0,0,0,0,0
Central Washington University,WA,PA,Marcus Hook,2026,Fall,1,0,0,0,0,0,0
Central Washington University,WA,ON,Toronto,2024,Fall,1,0,0,0,0,0,0
Central Washington University,WA,CA,Calif City,2026,Fall,1,0,0,0,0,0,0
Central Washington University,WA,UT,Vernal,2024,Fall,1,0,0,0,0,0,0
Central Washington University,WA,AK,Delta Junction,2024,Fall,1,0,0,0,0,0,0
Central Washington University,WA,MI,Warren,2025,Fall,1,0,0,0,0,0,0
Central Washington University,WA,OR,Seaside,2025,Fall,1,0,0,0,0,0,0
Central Washington University,WA,UT,Logan,2025,Fall,1,0,0,0,0,0,0
Central Washington University,WA,MO,Linn Creek,2025,Fall,1,1,1,1,1,1,1
Central Washington University,WA,WI,Oregon,2025,Fall,1,1,1,1,0,0,0
Central Washington University,WA,CA,Moorpark,2026,Fall,1,2,2,2,0,0,0
Central Washington University,WA,CA,Concord,2024,Fall,1,1,1,1,0,0,0
Central Washington University,WA,WA,Auburn's,2024,Fall,1,1,1,1,0,0,0
Central Washington University,WA,OH,Toledo,2025,Fall,1,1,0,0,0,0,0
Central Washington University,WA,OR,Yoncalla,2024,Fall,1,1,0,0,0,0,0
Central Washington University,WA,AZ,Peoria,2025,Fall,1,0,0,0,0,0,0
Central Washington University,WA,MT,Broadview,2025,Fall,1,0,0,0,0,0,0
Central Washington University,WA,IA,Davenport,2025,Fall,1,0,0,0,0,0,0
Central Washington University,WA,SD,Colton,2024,Fall,1,0,0,0,0,0,0
Central Washington University,WA,NC,Pinehurst,2026,Fall,1,0,0,0,0,0,0
Central Washington University,WA,VA,Front Royal,2025,Fall,1,0,0,0,0,0,0
Central Washington University,WA,NM,New Laguna,2026,Fall,1,0,0,0,0,0,0
Central Washington University,WA,AK,Quinhagak,2025,Fall,1,0,0,0,0,0,0
Central Washington University,WA,LA,Prairieville,2026,Fall,1,0,0,0,0,0,0
Central Washington University,WA,ID,Fruitland,2025,Fall,1,2,0,0,0,0,0
Central Washington University,WA,IL,Highland Park,2024,Fall,1,0,0,0,0,0,0
Central Washington University,WA,HI,Hoolehua,2026,Fall,1,0,0,0,0,0,0
Central Washington University,WA,CA,La Canada,2026,Fall,1,0,0,0,0,0,0
Central Washington University,WA,PA,Langhorne,2025,Fall,1,0,0,0,0,0,0
Central Washington University,WA,MT,Heart Butte,2026,Fall,1,0,0,0,0,0,0
Central Washington University,WA,TX,George West,2026,Fall,1,0,0,0,0,0,0
Central Washington University,WA,MD,Crofton,2025,Fall,1,0,0,0,0,0,0
Central Washington University,WA,CA,Lakewood,2024,Fall,1,1,1,1,0,0,0
Central Washington University,WA,TN,Gallatin,2025,Fall,1,1,1,1,0,0,0
Central Washington University,WA,TX,Mcallen,2025,Fall,1,1,1,1,0,0,0
Central Washington University,WA,TX,Jacksonville,2024,Fall,1,1,0,0,0,0,0
Central Washington University,WA,GA,Bainbridge,2026,Fall,1,0,0,0,0,0,0
Central Washington University,WA,WA,Ciaiiam Bay,2025,Fall,1,0,0,0,0,0,0
Central Washington University,WA,ID,Donnelly,2025,Fall,1,0,0,0,0,0,0
Central Washington University,WA,IL,Romeoville,2025,Fall,1,0,0,0,0,0,0
Central Washington University,WA,CA,Rncho Domingz,2025,Fall,1,0,0,0,0,0,0
Central Washington University,WA,OR,Brownsville,2026,Fall,1,0,0,0,0,0,0
Central Washington University,WA,AZ,Clarkdale,2024,Fall,1,0,0,0,0,0,0
Central Washington University,WA,MN,Grand Rapids,2024,Fall,1,0,0,0,0,0,0
Central Washington University,WA,GA,Snellville,2024,Fall,1,0,0,0,0,0,0
Central Washington University,WA,VA,Chesterfield,2026,Fall,1,0,0,0,0,0,0
Central Washington University,WA,CA,Weaverville,2025,Fall,1,0,0,0,0,0,0
Central Washington University,WA,AL,Decatur,2024,Fall,1,0,0,0,0,0,0
Central Washington University,WA,IL,Aurora,2024,Fall,1,0,0,0,0,0,0
Central Washington University,WA,ID,Dalton Gdns,2025,Fall,1,0,0,0,0,0,0
Central Washington University,WA,FL,Tallahassee,2024,Fall,1,0,0,0,0,0,0
Central Washington University,WA,DE,Hockessin,2025,Fall,1,0,0,0,0,0,0
Central Washington University,WA,CO,Federal Hgts,2024,Fall,1,0,0,0,0,0,0
Central Washington University,WA,TX,Beaumont,2024,Fall,1,0,0,0,0,0,0
Central Washington University,WA,WA,Ocean City,2026,Fall,1,0,0,0,0,0,0
Central Washington University,WA,FL,Tavares,2025,Fall,1,0,0,0,0,0,0
Central Washington University,WA,KY,Ft Mitchell,2026,Fall,1,0,0,0,0,0,0
Central Washington University,WA,WY,Powell,2024,Fall,1,0,0,0,0,0,0
Central Washington University,WA,AR,Arkadelphia,2026,Fall,1,0,0,0,0,0,0
Central Washington University,WA,WA,Thornton,2024,Fall,1,1,1,1,1,0,1
Central Washington University,WA,OR,Fairview,2024,Fall,1,2,1,1,0,0,0
Central Washington University,WA,TX,Commerce,2025,Fall,1,1,1,0,0,0,0
Central Washington University,WA,CA,Vista,2026,Fall,1,0,0,0,0,0,0
Central Washington University,WA,WA,Lyman,2024,Fall,1,0,0,0,0,0,0
Central Washington University,WA,CA,Edwards,2024,Fall,1,1,0,0,0,0,0
Central Washington University,WA,Saint Michael,Saint Michael,2025,Fall,1,0,0,0,0,0,0
Central Washington University,WA,VA,Fort Belvoir,2025,Fall,1,0,0,0,0,0,0
Central Washington University,WA,UT,Mona,2025,Fall,1,0,0,0,0,0,0
Central Washington University,WA,CA,Clovis,2025,Fall,1,0,0,0,0,0,0
Central Washington University,WA,TX,Odessa,2024,Fall,1,0,0,0,0,0,0
Central Washington University,WA,WA,Uniontown,2024,Fall,1,0,0,0,0,0,0
Central Washington University,WA,FL,Clearwater,2025,Fall,1,0,0,0,0,0,0
Central Washington University,WA,VA,Ashburn,2026,Fall,1,0,0,0,0,0,0
Central Washington University,WA,OR,Annex,2025,Fall,1,0,0,0,0,0,0
Central Washington University,WA,MI,Troy,2026,Fall,1,0,0,0,0,0,0
Central Washington University,WA,HI,Naalehu,2025,Fall,1,0,0,0,0,0,0
Central Washington University,WA,CA,Littlerock,2026,Fall,1,0,0,0,0,0,0
Central Washington University,WA,AZ,Sun City,2026,Fall,1,0,0,0,0,0,0
Central Washington University,WA,WI,Menasha,2026,Fall,1,0,0,0,0,0,0
Central Washington University,WA,CA,Auburn,2025,Fall,1,0,0,0,0,0,0
Central Washington University,WA,PA,Fayetteville,2026,Fall,1,0,0,0,0,0,0
Central Washington University,WA,CA,American Cyn,2026,Fall,1,0,0,0,0,0,0
Central Washington University,WA,GA,Thomasville,2026,Fall,1,0,0,0,0,0,0
Central Washington University,WA,IL,Markham,2025,Fall,1,0,0,0,0,0,0
Central Washington University,WA,FL,Saint Johns,2025,Fall,1,0,0,0,0,0,0
Central Washington University,WA,AZ,Litchfield Pk,2025,Fall,1,0,0,0,0,0,0
Central Washington University,WA,NY,Watertown,2026,Fall,1,0,0,0,0,0,0
Central Washington University,WA,NM,Santa Teresa,2025,Fall,1,0,0,0,0,0,0
Central Washington University,WA,MA,Ludlow,2026,Fall,1,0,0,0,0,0,0
Central Washington University,WA,CA,Earlimart,2026,Fall,1,0,0,0,0,0,0
Central Washington University,WA,CA,Foresthill,2026,Fall,1,0,0,0,0,0,0
Central Washington University,WA,UT,Saratoga Spgs,2026,Fall,1,0,0,0,0,0,0
Central Washington University,WA,AK,Healy,2025,Fall,1,1,1,1,1,0,1
Central Washington University,WA,WA,Kittitas ,2024,Fall,1,1,1,1,1,1,1
Central Washington University,WA,GU,Dededo,2024,Fall,1,1,1,1,1,0,1
Central Washington University,WA,WA,Mountlake Ter,2024,Fall,1,9,7,6,1,1,1
Central Washington University,WA,WA,Usk,2024,Fall,1,1,1,1,0,0,0
Central Washington University,WA,TX,Lubbock,2026,Fall,1,1,0,0,0,0,0
Central Washington University,WA,OR,Columbia City,2025,Fall,1,0,0,0,0,0,0
Central Washington University,WA,VA,Bumpass,2026,Fall,1,0,0,0,0,0,0
Central Washington University,WA,WA,Prescott,2024,Fall,1,1,0,0,0,0,0
Central Washington University,WA,Gauteng,Pretoria,2024,Fall,1,0,0,0,0,0,0
Central Washington University,WA,AK,Meadow Lake,2026,Fall,1,0,0,0,0,0,0
Central Washington University,WA,WI,Mequon,2024,Fall,1,0,0,0,0,0,0
Central Washington University,WA,UT,Big Water,2025,Fall,1,0,0,0,0,0,0
Central Washington University,WA,ID,Richfield,2026,Fall,1,0,0,0,0,0,0
Central Washington University,WA,NY,Tappan,2026,Fall,1,0,0,0,0,0,0
Central Washington University,WA,ID,Gooding,2024,Fall,1,0,0,0,0,0,0
Central Washington University,WA,NY,Astoria,2026,Fall,1,0,0,0,0,0,0
Central Washington University,WA,GA,Norcross,2025,Fall,1,0,0,0,0,0,0
Central Washington University,WA,CO,Colorado Springs,2024,Fall,1,0,0,0,0,0,0
Central Washington University,WA,GA,Grovetown,2024,Fall,1,0,0,0,0,0,0
Central Washington University,WA,NM,Los Ranchos,2026,Fall,1,0,0,0,0,0,0
Central Washington University,WA,AZ,Tolleson,2026,Fall,1,0,0,0,0,0,0
Central Washington University,WA,Nayarit,Tepic,2026,Fall,1,0,0,0,0,0,0
Central Washington University,WA,AR,Van Buren,2026,Fall,1,0,0,0,0,0,0
Central Washington University,WA,TX,Murphy,2025,Fall,1,0,0,0,0,0,0
Central Washington University,WA,IL,Lockport,2024,Fall,1,0,0,0,0,0,0
Central Washington University,WA,NJ,Newark,2026,Fall,1,1,1,1,1,1,1
Central Washington University,WA,AK,Unalakleet,2024,Fall,1,2,2,1,1,1,1
Central Washington University,WA,MT,Belgrade,2026,Fall,1,1,1,1,1,1,1
Central Washington University,WA,TX,Edinburg,2026,Fall,1,1,0,0,0,0,0
Central Washington University,WA,VA,Falls Church,2024,Fall,1,0,0,0,0,0,0
Central Washington University,WA,IL,Waukegan,2025,Fall,1,0,0,0,0,0,0
Central Washington University,WA,LA,Bossier City,2025,Fall,1,0,0,0,0,0,0
Central Washington University,WA,WA,Salkum,2024,Fall,1,0,0,0,0,0,0
Central Washington University,WA,WA,Address,2026,Fall,1,0,0,0,0,0,0
Central Washington University,WA,GA,Macon,2025,Fall,1,0,0,0,0,0,0
Central Washington University,WA,OH,Blue Ash,2025,Fall,1,0,0,0,0,0,0
Central Washington University,WA,TN,Brentwood,2026,Fall,1,0,0,0,0,0,0
Central Washington University,WA,OR,Summerville,2026,Fall,1,0,0,0,0,0,0
Central Washington University,WA,OK,Chouteau,2025,Fall,1,0,0,0,0,0,0
Central Washington University,WA,FL,Wimauma,2024,Fall,1,0,0,0,0,0,0
Central Washington University,WA,MN,Pierz,2026,Fall,1,0,0,0,0,0,0
Central Washington University,WA,FL,Marianna,2026,Fall,1,0,0,0,0,0,0
Central Washington University,WA,CA,Walnut Creek,2026,Fall,1,0,0,0,0,0,0
Central Washington University,WA,CA,Tujunga,2026,Fall,1,0,0,0,0,0,0
Central Washington University,WA,VA,Bowling Green,2026,Fall,1,0,0,0,0,0,0
Central Washington University,WA,ND,Sawyer,2026,Fall,1,0,0,0,0,0,0
Central Washington University,WA,NJ,Oaklyn,2024,Fall,1,0,0,0,0,0,0
Central Washington University,WA,Brava,Nova Sintra,2024,Fall,1,0,0,0,0,0,0
Central Washington University,WA,MT,Shelby,2024,Fall,1,0,0,0,0,0,0
Central Washington University,WA,MD,Frederick,2026,Fall,1,0,0,0,0,0,0
Central Washington University,WA,ID,Kimberly,2026,Fall,1,0,0,0,0,0,0
Central Washington University,WA,MS,Sardis,2026,Fall,1,0,0,0,0,0,0
Central Washington University,WA,FL,Lady Lake,2026,Fall,1,0,0,0,0,0,0
Central Washington University,WA,Sicily,Carlentini,2024,Fall,1,0,0,0,0,0,0
Central Washington University,WA,MT,Broadview,2026,Fall,1,0,0,0,0,0,0
Central Washington University,WA,CA,Benicia,2025,Fall,1,0,0,0,0,0,0
Central Washington University,WA,HI,Captain Cook,2024,Fall,1,3,2,2,1,1,1
Central Washington University,WA,MS,Olive Branch,2024,Fall,1,1,1,1,0,0,0
Central Washington University,WA,UT,Herriman,2025,Fall,1,1,1,1,0,0,0
Central Washington University,WA,CA,Napa,2024,Fall,1,1,1,1,0,0,0
Central Washington University,WA,FEDERAL CAPITAL TERRITORY.,Abuja,2024,Fall,1,1,1,0,0,0,0
Central Washington University,WA,TX,Humble,2024,Fall,1,1,0,0,0,0,0
Central Washington University,WA,TX,Garland,2025,Fall,1,0,0,0,0,0,0
Central Washington University,WA,CA,Villa Park,2025,Fall,1,0,0,0,0,0,0
Central Washington University,WA,WA,N Bonneville,2026,Fall,1,0,0,0,0,0,0
Central Washington University,WA,Nord-Pas-de-Calais,Tourcoing,2026,Fall,1,0,0,0,0,0,0
Central Washington University,WA,WA,Republic,2026,Fall,1,0,0,0,0,0,0
Central Washington University,WA,ND,Wahpeton,2026,Fall,1,0,0,0,0,0,0
Central Washington University,WA,WV,Inwood,2024,Fall,1,0,0,0,0,0,0
Central Washington University,WA,CA,National City,2024,Fall,1,0,0,0,0,0,0
Central Washington University,WA,IL,Park Forest,2026,Fall,1,0,0,0,0,0,0
Central Washington University,WA,BC,Delta,2024,Fall,1,0,0,0,0,0,0
Central Washington University,WA,LA,Saint Bernard,2026,Fall,1,0,0,0,0,0,0
Central Washington University,WA,CA,Alhambra,2024,Fall,1,0,0,0,0,0,0
Central Washington University,WA,IA,Charles City,2026,Fall,1,0,0,0,0,0,0
Central Washington University,WA,CA,Colusa,2026,Fall,1,0,0,0,0,0,0
Central Washington University,WA,AK,Homer,2025,Fall,1,1,1,1,0,0,0
Central Washington University,WA,WA,Greenbank,2024,Fall,1,1,1,1,0,0,0
Central Washington University,WA,CA,Folsom,2025,Fall,1,1,1,1,0,0,0
Central Washington University,WA,WI,Sun Prairie,2026,Fall,1,1,1,1,0,0,0
Central Washington University,WA,MO,Florissant,2025,Fall,1,1,1,0,0,0,0
Central Washington University,WA,WA,Naselle,2025,Fall,1,1,1,0,0,0,0
Central Washington University,WA,MT,Box Elder,2024,Fall,1,1,0,0,0,0,0
Central Washington University,WA,AZ,Scottsdale,2024,Fall,1,1,0,0,0,0,0
Central Washington University,WA,MS,Nesbit,2026,Fall,1,0,0,0,0,0,0
Central Washington University,WA,HI,Kilauea,2024,Fall,1,0,0,0,0,0,0
Central Washington University,WA,FL,Auburndale,2026,Fall,1,0,0,0,0,0,0
Central Washington University,WA,WA,Marcus,2025,Fall,1,0,0,0,0,0,0
Central Washington University,WA,GA,Hinesville,2026,Fall,1,0,0,0,0,0,0
Central Washington University,WA,TX,Hondo,2026,Fall,1,0,0,0,0,0,0
Central Washington University,WA,WA,Reardan,2026,Fall,1,0,0,0,0,0,0
Central Washington University,WA,MT,Plains,2026,Fall,1,0,0,0,0,0,0
Central Washington University,WA,TX,Big Sandy,2025,Fall,1,0,0,0,0,0,0
Central Washington University,WA,MD,Hagerstown,2025,Fall,1,0,0,0,0,0,0
Central Washington University,WA,NJ,Linden,2026,Fall,1,0,0,0,0,0,0
Central Washington University,WA,UT,Santa Clara,2026,Fall,1,0,0,0,0,0,0
Central Washington University,WA,UT,Newton,2026,Fall,1,0,0,0,0,0,0
Central Washington University,WA,WA,Deer Harbor,2025,Fall,1,0,0,0,0,0,0
Central Washington University,WA,MT,Columbia Fals,2026,Fall,1,0,0,0,0,0,0
Central Washington University,WA,NJ,West New York,2025,Fall,1,0,0,0,0,0,0
Central Washington University,WA,VA,Pilot,2025,Fall,1,0,0,0,0,0,0
Central Washington University,WA,TX,Brackettville,2025,Fall,1,0,0,0,0,0,0
Central Washington University,WA,AR,Taylor,2026,Fall,1,0,0,0,0,0,0
Central Washington University,WA,CA,Lake Balboa,2024,Fall,1,0,0,0,0,0,0
Central Washington University,WA,WI,Neenah,2025,Fall,1,0,0,0,0,0,0
Central Washington University,WA,MD,Takoma Park,2024,Fall,1,1,0,0,0,0,0
Central Washington University,WA,IL,Dekalb,2026,Fall,1,0,0,0,0,0,0
Central Washington University,WA,TX,Flower Mound,2025,Fall,1,0,0,0,0,0,0
Central Washington University,WA,TX,Frisco,2025,Fall,1,0,0,0,0,0,0
Central Washington University,WA,AE,APO,2026,Fall,1,3,3,3,1,1,0
Central Washington University,WA,MD,Bel Air,2026,Fall,1,1,1,1,0,0,0
Central Washington University,WA,AZ,Litchfield Park,2025,Fall,1,1,1,0,0,0,0
Central Washington University,WA,YUNUSOBOD,Toshkent,2024,Fall,1,1,1,0,0,0,0
Central Washington University,WA,CA,Rch Cucamonga,2024,Fall,1,2,1,1,0,0,0
Central Washington University,WA,MD,Lagos,2026,Fall,1,0,0,0,0,0,0
Central Washington University,WA,PA,Sharpsville,2025,Fall,1,0,0,0,0,0,0
Central Washington University,WA,TX,Euless,2026,Fall,1,0,0,0,0,0,0
Central Washington University,WA,OR,McMinnville,2025,Fall,1,0,0,0,0,0,0
Central Washington University,WA,CA,Watsonville,2026,Fall,1,0,0,0,0,0,0
Central Washington University,WA,TX,Edinburg,2025,Fall,1,0,0,0,0,0,0
Central Washington University,WA,OK,Thomas,2026,Fall,1,0,0,0,0,0,0
Central Washington University,WA,TX,Henderson,2026,Fall,1,0,0,0,0,0,0
Central Washington University,WA,AZ,New River,2026,Fall,1,0,0,0,0,0,0
Central Washington University,WA,PA,Seven Valleys,2024,Fall,1,0,0,0,0,0,0
Central Washington University,WA,WA,Ashford,2026,Fall,1,0,0,0,0,0,0
Central Washington University,WA,CO,Conifer,2025,Fall,1,0,0,0,0,0,0
Central Washington University,WA,CA,Calexico,2026,Fall,1,0,0,0,0,0,0
Central Washington University,WA,CA,Rowland Hghts,2026,Fall,1,0,0,0,0,0,0
Central Washington University,WA,VT,Derby,2024,Fall,1,0,0,0,0,0,0
Central Washington University,WA,WA,Dixie,2025,Fall,1,0,0,0,0,0,0
Central Washington University,WA,WA,Pateros wa,2026,Fall,1,0,0,0,0,0,0
Central Washington University,WA,WY,Worland,2026,Fall,1,0,0,0,0,0,0
Central Washington University,WA,AK,Kodiak,2026,Fall,1,0,0,0,0,0,0
Central Washington University,WA,AL,Muscle Shoals,2026,Fall,1,0,0,0,0,0,0
Central Washington University,WA,CA,Pls Vrds Est,2026,Fall,1,0,0,0,0,0,0
Central Washington University,WA,HI,Paauilo,2026,Fall,1,0,0,0,0,0,0
Central Washington University,WA,MO,Kearney,2024,Fall,1,0,0,0,0,0,0
Central Washington University,WA,OR,Baker City,2026,Fall,1,0,0,0,0,0,0
Central Washington University,WA,TX,Bee Cave,2026,Fall,1,0,0,0,0,0,0
Central Washington University,WA,NV,Wellington,2026,Fall,1,1,1,1,0,0,0
Central Washington University,WA,VA,Alexandria,2025,Fall,1,1,1,1,0,0,0
Central Washington University,WA,CA,San Francisco,2025,Fall,1,3,3,2,0,0,0
Central Washington University,WA,WA,Appleton,2026,Fall,1,0,0,0,0,0,0
Central Washington University,WA,ND,Valley City,2025,Fall,1,0,0,0,0,0,0
Central Washington University,WA,MS,Lk Cormorant,2026,Fall,1,0,0,0,0,0,0
Central Washington University,WA,WA,South Hill,2024,Fall,1,0,0,0,0,0,0
Central Washington University,WA,Jalisco,Zapopan,2024,Fall,1,0,0,0,0,0,0
Central Washington University,WA,OR,South Beach,2024,Fall,1,0,0,0,0,0,0
Central Washington University,WA,WA,Ethel,2026,Fall,1,0,0,0,0,0,0
Central Washington University,WA,Muscat,Muscat,2024,Fall,1,0,0,0,0,0,0
Central Washington University,WA,OR,Glendale,2024,Fall,1,0,0,0,0,0,0
Central Washington University,WA,CA,Santee,2026,Fall,1,0,0,0,0,0,0
Central Washington University,WA,TX,Friendswood,2026,Fall,1,0,0,0,0,0,0
Central Washington University,WA,CA,Heber,2026,Fall,1,0,0,0,0,0,0
Central Washington University,WA,VA,Culpeper,2026,Fall,1,0,0,0,0,0,0
Central Washington University,WA,WI,Muskego,2026,Fall,1,0,0,0,0,0,0
Central Washington University,WA,WV,Charles Town,2026,Fall,1,0,0,0,0,0,0
Central Washington University,WA,CA,Del Mar,2026,Fall,1,0,0,0,0,0,0
Central Washington University,WA,BC,Vancouver,2024,Fall,1,0,0,0,0,0,0
Central Washington University,WA,TX,Kingsbury,2024,Fall,1,0,0,0,0,0,0
Central Washington University,WA,ID,Saint Anthony,2025,Fall,1,0,0,0,0,0,0
Central Washington University,WA,TX,Terrell,2024,Fall,1,1,0,0,0,0,0
Central Washington University,WA,MO,Fair Grove,2026,Fall,1,0,0,0,0,0,0
Central Washington University,WA,LA,New Orleans,2025,Fall,1,3,3,3,1,1,1
Central Washington University,WA,Taiwan,Taipei,2024,Fall,1,1,1,1,1,0,1
Central Washington University,WA,CA,Camarillo,2024,Fall,1,2,2,2,0,0,0
Central Washington University,WA,WA,Anderson Is,2026,Fall,1,1,1,1,0,0,0
Central Washington University,WA,MI,Ionia,2026,Fall,1,1,1,0,0,0,0
Central Washington University,WA,WA,Jblm Lewis Mcchord,2026,Fall,1,1,0,0,0,0,0
Central Washington University,WA,OR,Sublimity,2025,Fall,1,0,0,0,0,0,0
Central Washington University,WA,FL,Webster,2026,Fall,1,0,0,0,0,0,0
Central Washington University,WA,Punjab,Amritsar,2024,Fall,1,0,0,0,0,0,0
Central Washington University,WA,FL,North Miami,2026,Fall,1,0,0,0,0,0,0
Central Washington University,WA,CA,Littlerock,2025,Fall,1,0,0,0,0,0,0
Central Washington University,WA,IL,Gurnee,2025,Fall,1,0,0,0,0,0,0
Central Washington University,WA,IL,Palatine,2026,Fall,1,0,0,0,0,0,0
Central Washington University,WA,UT,Tremonton,2026,Fall,1,0,0,0,0,0,0
Central Washington University,WA,Hesse,Frankfurt am Main,2024,Fall,1,0,0,0,0,0,0
Central Washington University,WA,ID,Chubbuck,2025,Fall,1,0,0,0,0,0,0
Central Washington University,WA,MT,West Yellowstone,2026,Fall,1,0,0,0,0,0,0
Central Washington University,WA,FL,Weeki Wachee,2025,Fall,1,0,0,0,0,0,0
Central Washington University,WA,IL,Lombard,2024,Fall,1,0,0,0,0,0,0
Central Washington University,WA,MI,Cedar Springs,2026,Fall,1,0,0,0,0,0,0
Central Washington University,WA,NC,Waxhaw,2026,Fall,1,0,0,0,0,0,0
Central Washington University,WA,MA,Dorchester,2024,Fall,1,0,0,0,0,0,0
Central Washington University,WA,TX,Boerne,2024,Fall,1,0,0,0,0,0,0
Central Washington University,WA,OH,Canton,2026,Fall,1,0,0,0,0,0,0
Central Washington University,WA,LA,Westwego,2026,Fall,1,0,0,0,0,0,0
Central Washington University,WA,IL,Streamwood,2024,Fall,1,0,0,0,0,0,0
Central Washington University,WA,PA,Mount Bethel,2026,Fall,1,0,0,0,0,0,0
Central Washington University,WA,WA,Conway,2026,Fall,1,0,0,0,0,0,0
Central Washington University,WA,Khyber Pakhtunkhwa,Abbottabad,2025,Fall,1,0,0,0,0,0,0
Central Washington University,WA,CO,Greeley,2026,Fall,1,0,0,0,0,0,0
Central Washington University,WA,WA,Ione,2024,Fall,1,0,0,0,0,0,0
Central Washington University,WA,MA,Lowell,2025,Fall,1,0,0,0,0,0,0
Central Washington University,WA,AR,Romance,2026,Fall,1,0,0,0,0,0,0
Central Washington University,WA,CA,Live Oak,2026,Fall,1,0,0,0,0,0,0
Central Washington University,WA,GA,Canon,2024,Fall,1,0,0,0,0,0,0
Central Washington University,WA,TN,Johnson City,2024,Fall,1,0,0,0,0,0,0
Central Washington University,WA,CA,Menifee,2026,Fall,1,0,0,0,0,0,0
Central Washington University,WA,TN,Drummonds,2024,Fall,1,1,1,1,1,1,1
Central Washington University,WA,MD,College Park,2026,Fall,1,2,2,1,0,0,0
Central Washington University,WA,CA,Maywood,2026,Fall,1,1,1,0,0,0,0
Central Washington University,WA,FL,Cape Coral,2024,Fall,1,1,1,1,0,0,0
Central Washington University,WA,VA,Lynchburg,2024,Fall,1,1,1,1,0,0,0
Central Washington University,WA,FL,Davenport,2026,Fall,1,2,1,0,0,0,0
Central Washington University,WA,WA,Wauconda,2024,Fall,1,1,0,0,0,0,0
Central Washington University,WA,OR,Culver,2024,Fall,1,0,0,0,0,0,0
Central Washington University,WA,IL,Fairview Hts,2025,Fall,1,0,0,0,0,0,0
Central Washington University,WA,MI,Williamsburg,2025,Fall,1,0,0,0,0,0,0
Central Washington University,WA,TN,Jackson,2026,Fall,1,0,0,0,0,0,0
Central Washington University,WA,ID,Dietrich,2025,Fall,1,0,0,0,0,0,0
Central Washington University,WA,VA,Henrico,2025,Fall,1,0,0,0,0,0,0
Central Washington University,WA,FL,Brooksville,2024,Fall,1,0,0,0,0,0,0
Central Washington University,WA,NY,Corning,2025,Fall,1,0,0,0,0,0,0
Central Washington University,WA,Haryana,Hisar,2026,Fall,1,0,0,0,0,0,0
Central Washington University,WA,Tasmania,Bronte Park,2025,Fall,1,0,0,0,0,0,0
Central Washington University,WA,HI,Kaunakakai,2026,Fall,1,0,0,0,0,0,0
Central Washington University,WA,OH,Springfield,2024,Fall,1,0,0,0,0,0,0
Central Washington University,WA,Selangor,Shah Alam,2024,Fall,1,0,0,0,0,0,0
Central Washington University,WA,CA,Rialto,2026,Fall,1,0,0,0,0,0,0
Central Washington University,WA,WA,Medical,2025,Fall,1,0,0,0,0,0,0
Central Washington University,WA,OK,Norman,2024,Fall,1,0,0,0,0,0,0
Central Washington University,WA,ND,Surrey,2026,Fall,1,0,0,0,0,0,0
Central Washington University,WA,KY,Taylor Mill,2026,Fall,1,0,0,0,0,0,0
Central Washington University,WA,SC,Blythewood,2026,Fall,1,0,0,0,0,0,0
Central Washington University,WA,TX,San Angelo,2024,Fall,1,0,0,0,0,0,0
Central Washington University,WA,FL,Ft Lauderdale,2026,Fall,1,0,0,0,0,0,0
Central Washington University,WA,WA,Neilton,2026,Fall,1,0,0,0,0,0,0
Central Washington University,WA,CA,Santa Ynez,2026,Fall,1,0,0,0,0,0,0
Central Washington University,WA,IL,Saint Charles,2025,Fall,1,0,0,0,0,0,0
Central Washington University,WA,CA,Cupertino,2025,Fall,1,0,0,0,0,0,0
Central Washington University,WA,OR,Dallas,2026,Fall,1,0,0,0,0,0,0
Central Washington University,WA,MO,Festus,2026,Fall,1,0,0,0,0,0,0
Central Washington University,WA,CA,Temecula,2025,Fall,1,3,1,1,1,0,1
Central Washington University,WA,WA,Glenoma,2024,Fall,1,1,1,1,1,1,1
Central Washington University,WA,NH,Bedford,2024,Fall,1,1,1,1,0,0,0
Central Washington University,WA,WA,White Swan ,2025,Fall,1,1,1,1,0,0,0
Central Washington University,WA,WI,Janesville,2025,Fall,1,1,1,1,0,0,0
Central Washington University,WA,NY,Levittown,2024,Fall,1,1,1,1,0,0,0
Central Washington University,WA,WA,Nooksack,2024,Fall,1,1,1,1,0,0,0
Central Washington University,WA,TX,Temple,2026,Fall,1,1,1,1,0,0,0
Central Washington University,WA,ULAANBAATAR,Ulaanbaatar,2024,Fall,1,5,5,3,0,0,0
Central Washington University,WA,ID,Athol,2024,Fall,1,1,1,1,0,0,0
Central Washington University,WA,OH,Cincinnati,2024,Fall,1,2,2,2,0,0,0
Central Washington University,WA,WA,Clayton,2026,Fall,1,1,1,1,0,0,0
Central Washington University,WA,WA,Quuncy,2026,Fall,1,1,0,0,0,0,0
Central Washington University,WA,NM,Farmington,2025,Fall,1,0,0,0,0,0,0
Central Washington University,WA,TX,La Porte,2025,Fall,1,0,0,0,0,0,0
Central Washington University,WA,CA,La Quinta,2025,Fall,1,0,0,0,0,0,0
Central Washington University,WA,ME,York,2025,Fall,1,0,0,0,0,0,0
Central Washington University,WA,SD,Milbank,2024,Fall,1,0,0,0,0,0,0
Central Washington University,WA,WA,Joint Base Lewis McChord,2024,Fall,1,0,0,0,0,0,0
Central Washington University,WA,KY,Paducah,2026,Fall,1,0,0,0,0,0,0
Central Washington University,WA,NY,Albany,2024,Fall,1,0,0,0,0,0,0
Central Washington University,WA,OK,Ardmore,2025,Fall,1,0,0,0,0,0,0
Central Washington University,WA,Yangon,Yangon,2024,Fall,1,0,0,0,0,0,0
Central Washington University,WA,PA,Langhorne,2026,Fall,1,0,0,0,0,0,0
Central Washington University,WA,CA,Twain Harte,2025,Fall,1,0,0,0,0,0,0
Central Washington University,WA,UT,Roy,2025,Fall,1,0,0,0,0,0,0
Central Washington University,WA,FL,Lakeland,2026,Fall,1,0,0,0,0,0,0
Central Washington University,WA,AR,Cabot,2025,Fall,1,0,0,0,0,0,0
Central Washington University,WA,Central Region,Cape Coast,2024,Fall,1,0,0,0,0,0,0
Central Washington University,WA,CA,Yuba City,2025,Fall,1,0,0,0,0,0,0
Central Washington University,WA,MT,Gildford,2026,Fall,1,0,0,0,0,0,0
Central Washington University,WA,WA,Roosevelt,2025,Fall,1,0,0,0,0,0,0
Central Washington University,WA,FL,Miramar,2026,Fall,1,0,0,0,0,0,0
Central Washington University,WA,CO,Loveland,2026,Fall,1,0,0,0,0,0,0
Central Washington University,WA,FL,Land O Lakes,2026,Fall,1,0,0,0,0,0,0
Central Washington University,WA,OR,Lebanon,2024,Fall,1,0,0,0,0,0,0
Central Washington University,WA,NE,Columbus,2026,Fall,1,0,0,0,0,0,0
Central Washington University,WA,CA,Highland,2024,Fall,1,2,2,2,1,1,1
Central Washington University,WA,WA,Mineral,2024,Fall,1,1,1,1,1,1,1
Central Washington University,WA,WA,Ephrata ,2024,Fall,1,1,1,1,1,1,1
Central Washington University,WA,CA,Huntington Beach,2025,Fall,1,1,1,1,0,0,0
Central Washington University,WA,CA,Laguna Beach,2026,Fall,1,1,1,1,0,0,0
Central Washington University,WA,WA,Littlerock,2025,Fall,1,1,1,1,0,0,0
Central Washington University,WA,IN,Fortville,2024,Fall,1,0,0,0,0,0,0
Central Washington University,WA,WA,Uniontown,2025,Fall,1,0,0,0,0,0,0
Central Washington University,WA,AZ,Whiteriver,2026,Fall,1,1,0,0,0,0,0
Central Washington University,WA,UT,Grantsville,2026,Fall,1,0,0,0,0,0,0
Central Washington University,WA,SD,Freeman,2026,Fall,1,0,0,0,0,0,0
Central Washington University,WA,VA,Glade Hill,2026,Fall,1,0,0,0,0,0,0
Central Washington University,WA,CA,Orinda,2024,Fall,1,0,0,0,0,0,0
Central Washington University,WA,UT,Pleasant Grv,2025,Fall,1,0,0,0,0,0,0
Central Washington University,WA,CT,Windsor,2026,Fall,1,0,0,0,0,0,0
Central Washington University,WA,CA,Montclair,2025,Fall,1,0,0,0,0,0,0
Central Washington University,WA,WA,Maple valley,2025,Fall,1,0,0,0,0,0,0
Central Washington University,WA,IL,Tinley Park,2025,Fall,1,0,0,0,0,0,0
Central Washington University,WA,CO,Glenwood Spgs,2026,Fall,1,0,0,0,0,0,0
Central Washington University,WA,TX,Kyle,2026,Fall,1,0,0,0,0,0,0
Central Washington University,WA,CO,Brighton,2026,Fall,1,0,0,0,0,0,0
Central Washington University,WA,IL,Glencoe,2026,Fall,1,0,0,0,0,0,0
Central Washington University,WA,MB,Winnipeg,2024,Fall,1,0,0,0,0,0,0
Central Washington University,WA,UT,Centerville,2025,Fall,1,0,0,0,0,0,0
Central Washington University,WA,CA,W Sacramento,2025,Fall,1,0,0,0,0,0,0
Central Washington University,WA,TX,Dayton,2026,Fall,1,0,0,0,0,0,0
Central Washington University,WA,TX,Little Elm,2026,Fall,1,0,0,0,0,0,0
Central Washington University,WA,AL,Rutledge,2026,Fall,1,0,0,0,0,0,0
Central Washington University,WA,HI,Hana,2024,Fall,1,1,1,1,1,1,1
Central Washington University,WA,WA,Oakesdale ,2024,Fall,1,1,1,1,1,1,1
Central Washington University,WA,FL,Miami,2026,Fall,1,2,2,2,0,0,0
Central Washington University,WA,KS,Overland Park,2025,Fall,1,1,1,1,0,0,0
Central Washington University,WA,CA,Pleasanton,2024,Fall,1,2,2,2,0,0,0
Central Washington University,WA,CA,Inglewood,2024,Fall,1,1,1,1,0,0,0
Central Washington University,WA,NJ,Lodi,2024,Fall,1,1,1,0,0,0,0
Central Washington University,WA,TX,Killeen,2024,Fall,1,1,0,0,0,0,0
Central Washington University,WA,AL,Theodore,2026,Fall,1,0,0,0,0,0,0
Central Washington University,WA,Punjab,Mohali,2025,Fall,1,0,0,0,0,0,0
Central Washington University,WA,HI,Hakalau,2026,Fall,1,0,0,0,0,0,0
Central Washington University,WA,IL,Belleville,2025,Fall,1,0,0,0,0,0,0
Central Washington University,WA,TN,Dunlap,2026,Fall,1,0,0,0,0,0,0
Central Washington University,WA,TN,Old Hickory,2025,Fall,1,0,0,0,0,0,0
Central Washington University,WA,OK,Ada,2026,Fall,1,0,0,0,0,0,0
Central Washington University,WA,CA,Beaumont,2026,Fall,1,0,0,0,0,0,0
Central Washington University,WA,PR,Guaynabo,2024,Fall,1,0,0,0,0,0,0
Central Washington University,WA,OR,Oakland,2024,Fall,1,0,0,0,0,0,0
Central Washington University,WA,TN,Chattanooga,2025,Fall,1,0,0,0,0,0,0
Central Washington University,WA,CA,Winters,2026,Fall,1,0,0,0,0,0,0
Central Washington University,WA,MT,Red Lodge,2025,Fall,1,0,0,0,0,0,0
Central Washington University,WA,MO,Wentzville,2024,Fall,1,0,0,0,0,0,0
Central Washington University,WA,MT,Fort Shaw,2025,Fall,1,0,0,0,0,0,0
Central Washington University,WA,LA,Slidell,2026,Fall,1,0,0,0,0,0,0
Central Washington University,WA,HI,Haiku-Pauwela,2026,Fall,1,0,0,0,0,0,0
Central Washington University,WA,HI,Kea?au,2026,Fall,1,0,0,0,0,0,0
Central Washington University,WA,PA,State College,2025,Fall,1,0,0,0,0,0,0
Central Washington University,WA,CA,Shingletown,2026,Fall,1,0,0,0,0,0,0
Central Washington University,WA,CA,Chowchilla,2026,Fall,1,0,0,0,0,0,0
Central Washington University,WA,IN,Valparaiso,2025,Fall,1,0,0,0,0,0,0
Central Washington University,WA,CA,Lemoore,2025,Fall,1,0,0,0,0,0,0
Central Washington University,WA,TX,Shepherd,2026,Fall,1,0,0,0,0,0,0
Central Washington University,WA,Province 1,Itahari,2024,Fall,1,0,0,0,0,0,0
Central Washington University,WA,MI,Westland,2025,Fall,1,0,0,0,0,0,0
Central Washington University,WA,CA,La Honda,2026,Fall,1,0,0,0,0,0,0
Central Washington University,WA,NV,Yerington,2025,Fall,1,0,0,0,0,0,0
Central Washington University,WA,WA,Hoodsport,2024,Fall,1,2,1,1,0,0,0
Central Washington University,WA,MN,Moorhead,2026,Fall,1,1,1,1,0,0,0
Central Washington University,WA,Sergipe,Aracaju,2024,Fall,1,1,1,1,0,0,0
Central Washington University,WA,CA,San Bruno,2026,Fall,1,2,2,2,0,0,0
Central Washington University,WA,WA,Camas ,2025,Fall,1,1,1,1,0,0,0
Central Washington University,WA,CA,Dinuba,2024,Fall,1,1,1,1,0,0,0
Central Washington University,WA,IL,Beach Park,2025,Fall,1,0,0,0,0,0,0
Central Washington University,WA,CA,Newark,2026,Fall,1,0,0,0,0,0,0
Central Washington University,WA,TX,Spring Branch,2025,Fall,1,0,0,0,0,0,0
Central Washington University,WA,IN,Brownsburg,2025,Fall,1,0,0,0,0,0,0
Central Washington University,WA,IL,Aurora,2025,Fall,1,0,0,0,0,0,0
Central Washington University,WA,PA,Jessup,2025,Fall,1,0,0,0,0,0,0
Central Washington University,WA,PA,Yardley,2026,Fall,1,0,0,0,0,0,0
Central Washington University,WA,HI,Ahuimanu,2026,Fall,1,0,0,0,0,0,0
Central Washington University,WA,NY,New Woodstock,2026,Fall,1,0,0,0,0,0,0
Central Washington University,WA,IL,Huntley,2026,Fall,1,0,0,0,0,0,0
Central Washington University,WA,MT,Grass Range,2026,Fall,1,0,0,0,0,0,0
Central Washington University,WA,FL,Lakeland,2024,Fall,1,0,0,0,0,0,0
Central Washington University,WA,MA,Quincy,2025,Fall,1,0,0,0,0,0,0
Central Washington University,WA,TN,Puryear,2026,Fall,1,0,0,0,0,0,0
Central Washington University,WA,AL,Izmir,2026,Fall,1,0,0,0,0,0,0
Central Washington University,WA,NJ,Sicklerville,2024,Fall,1,0,0,0,0,0,0
Central Washington University,WA,NM,San Cristobal,2026,Fall,1,0,0,0,0,0,0
Central Washington University,WA,OR,Chiloquin,2024,Fall,1,0,0,0,0,0,0
Central Washington University,WA,MS,Pass Chris,2025,Fall,1,0,0,0,0,0,0
Central Washington University,WA,MI,Taylor,2026,Fall,1,0,0,0,0,0,0
Central Washington University,WA,MT,Hardin,2024,Fall,1,0,0,0,0,0,0
Central Washington University,WA,CA,Sanger,2025,Fall,1,0,0,0,0,0,0
Central Washington University,WA,MA,Middleboro,2026,Fall,1,0,0,0,0,0,0
Central Washington University,WA,CA,Manhattan Bch,2024,Fall,1,0,0,0,0,0,0
Central Washington University,WA,CA,W Sacramento,2024,Fall,1,0,0,0,0,0,0
Central Washington University,WA,TX,Manor,2024,Fall,1,1,1,1,1,1,1
Central Washington University,WA,CA,Claremont,2024,Fall,1,2,2,2,1,1,1
Central Washington University,WA,MO,O Fallon,2025,Fall,1,1,1,1,0,0,0
Central Washington University,WA,WA,Menlo,2026,Fall,1,1,1,1,0,0,0
Central Washington University,WA,FL,Kissimmee,2026,Fall,1,2,2,2,0,0,0
Central Washington University,WA,TX,Little Elm,2025,Fall,1,1,1,1,0,0,0
Central Washington University,WA,CA,Red Bluff,2024,Fall,1,1,1,1,0,0,0
Central Washington University,WA,CO,Frisco,2026,Fall,1,1,1,1,0,0,0
Central Washington University,WA,CA,E Palo Alto,2025,Fall,1,2,2,2,0,0,0
Central Washington University,WA,WA,chehalis,2025,Fall,1,1,1,0,0,0,0
Central Washington University,WA,ID,Garden City,2026,Fall,1,1,0,0,0,0,0
Central Washington University,WA,WA,Endicott,2025,Fall,1,1,1,1,0,0,0
Central Washington University,WA,OR,Gaston,2025,Fall,1,1,0,0,0,0,0
Central Washington University,WA,WA,Hartline,2025,Fall,1,1,0,0,0,0,0
Central Washington University,WA,FL,Avon Park,2026,Fall,1,0,0,0,0,0,0
Central Washington University,WA,SD,Mitchell,2026,Fall,1,0,0,0,0,0,0
Central Washington University,WA,MS,Bay St Louis,2026,Fall,1,0,0,0,0,0,0
Central Washington University,WA,MI,Traverse City,2026,Fall,1,0,0,0,0,0,0
Central Washington University,WA,WI,Boulder Junction,2026,Fall,1,0,0,0,0,0,0
Central Washington University,WA,CO,Roxborough,2026,Fall,1,0,0,0,0,0,0
Central Washington University,WA,WY,Douglas,2025,Fall,1,0,0,0,0,0,0
Central Washington University,WA,MA,Natick,2026,Fall,1,0,0,0,0,0,0
Central Washington University,WA,CA,Palo Alto,2024,Fall,1,0,0,0,0,0,0
Central Washington University,WA,WI,Wausau,2026,Fall,1,0,0,0,0,0,0
Central Washington University,WA,OK,Muskogee,2026,Fall,1,0,0,0,0,0,0
Central Washington University,WA,WI,Franklin,2024,Fall,1,0,0,0,0,0,0
Central Washington University,WA,CA,Covina,2024,Fall,1,0,0,0,0,0,0
Central Washington University,WA,NJ,Columbus,2026,Fall,1,0,0,0,0,0,0
Central Washington University,WA,NV,Dayton,2025,Fall,1,0,0,0,0,0,0
Central Washington University,WA,NC,Avon,2026,Fall,1,0,0,0,0,0,0
Central Washington University,WA,OR,Huntington,2026,Fall,1,0,0,0,0,0,0
Central Washington University,WA,CA,Sebastopol,2026,Fall,1,0,0,0,0,0,0
Central Washington University,WA,WA,Keyport,2025,Fall,1,0,0,0,0,0,0
Central Washington University,WA,OH,Jefferson,2026,Fall,1,0,0,0,0,0,0
Central Washington University,WA,CA,Sunland,2025,Fall,1,0,0,0,0,0,0
Central Washington University,WA,IL,Palatine,2024,Fall,1,0,0,0,0,0,0
Central Washington University,WA,CA,Nicasio,2025,Fall,1,0,0,0,0,0,0
Central Washington University,WA,ID,Gooding,2026,Fall,1,0,0,0,0,0,0
Central Washington University,WA,VA,Woodbridge,2025,Fall,1,0,0,0,0,0,0
Central Washington University,WA,TX,Carrollton,2025,Fall,1,0,0,0,0,0,0
Central Washington University,WA,KS,Lawrence,2025,Fall,1,0,0,0,0,0,0
Central Washington University,WA,OR,Cove,2026,Fall,1,0,0,0,0,0,0
Central Washington University,WA,AK,Manokotak,2025,Fall,1,0,0,0,0,0,0
Central Washington University,WA,MD,Berlin,2026,Fall,1,0,0,0,0,0,0
Central Washington University,WA,MO,Rogersville,2025,Fall,1,0,0,0,0,0,0
Central Washington University,WA,OR,Aumsville,2025,Fall,1,0,0,0,0,0,0
Central Washington University,WA,WA,Malaga,2024,Fall,1,3,3,3,1,1,2
Central Washington University,WA,WA,George,2024,Fall,1,1,1,1,1,1,1
Central Washington University,WA,WA,Nespelem,2024,Fall,1,3,2,2,2,2,2
Central Washington University,WA,Shanghai,Shanghai,2026,Fall,1,1,1,1,1,1,1
Central Washington University,WA,DE,Dover,2026,Fall,1,1,1,1,0,0,0
Central Washington University,WA,WA,Port Hadlock,2024,Fall,1,1,1,1,0,0,0
Central Washington University,WA,ME,Windham,2025,Fall,1,1,1,1,0,0,0
Central Washington University,WA,OR,Seaside,2024,Fall,1,1,1,1,0,0,0
Central Washington University,WA,UT,Ivins,2025,Fall,1,0,0,0,0,0,0
Central Washington University,WA,IN,Greentown,2026,Fall,1,0,0,0,0,0,0
Central Washington University,WA,ID,Shoshone,2026,Fall,1,0,0,0,0,0,0
Central Washington University,WA,MT,Mc Allister,2024,Fall,1,0,0,0,0,0,0
Central Washington University,WA,TX,Buda,2024,Fall,1,0,0,0,0,0,0
Central Washington University,WA,TX,Hillister,2025,Fall,1,0,0,0,0,0,0
Central Washington University,WA,SC,Greenwood,2026,Fall,1,0,0,0,0,0,0
Central Washington University,WA,MT,Vaughn,2025,Fall,1,0,0,0,0,0,0
Central Washington University,WA,HI,Ewa beach,2025,Fall,1,0,0,0,0,0,0
Central Washington University,WA,MT,Coffee Creek,2025,Fall,1,0,0,0,0,0,0
Central Washington University,WA,GA,Morganton,2026,Fall,1,0,0,0,0,0,0
Central Washington University,WA,CA,Chico,2026,Fall,1,0,0,0,0,0,0
Central Washington University,WA,CA,Ceres,2026,Fall,1,0,0,0,0,0,0
Central Washington University,WA,LA,Chalmette,2026,Fall,1,0,0,0,0,0,0
Central Washington University,WA,AK,Saint Marys,2024,Fall,1,0,0,0,0,0,0
Central Washington University,WA,VT,Arlington,2025,Fall,1,0,0,0,0,0,0
Central Washington University,WA,GA,Conyers,2026,Fall,1,0,0,0,0,0,0
Central Washington University,WA,TN,Madison,2025,Fall,1,0,0,0,0,0,0
Central Washington University,WA,CA,Merced,2024,Fall,1,0,0,0,0,0,0
Central Washington University,WA,Punjab,Kasur,2024,Fall,1,0,0,0,0,0,0
Central Washington University,WA,ID,Grangeville,2025,Fall,1,0,0,0,0,0,0
Central Washington University,WA,CO,Cortez,2024,Fall,1,0,0,0,0,0,0
Central Washington University,WA,CA,Campbell,2024,Fall,1,0,0,0,0,0,0
Central Washington University,WA,NV,North las vegas,2025,Fall,1,0,0,0,0,0,0
Central Washington University,WA,England,London,2024,Fall,1,0,0,0,0,0,0
Central Washington University,WA,NY,Schenectady,2026,Fall,1,0,0,0,0,0,0
Central Washington University,WA,MT,Ledger,2026,Fall,1,0,0,0,0,0,0
Central Washington University,WA,AR,Farmington,2026,Fall,1,0,0,0,0,0,0
Central Washington University,WA,GA,College Park,2026,Fall,1,0,0,0,0,0,0
Central Washington University,WA,PA,Lansdowne,2026,Fall,1,0,0,0,0,0,0
Central Washington University,WA,WA,Bow,2024,Fall,1,7,6,6,5,4,5
Central Washington University,WA,KS,Overland Park,2024,Fall,1,2,2,2,0,0,0
Central Washington University,WA,VA,Centreville,2024,Fall,1,1,1,1,0,0,0
Central Washington University,WA,ME,Berwick,2025,Fall,1,1,1,1,0,0,0
Central Washington University,WA,MD,District Hts,2026,Fall,1,1,1,0,0,0,0
Central Washington University,WA,CA,Westchester,2025,Fall,1,0,0,0,0,0,0
Central Washington University,WA,AZ,Tempe,2024,Fall,1,0,0,0,0,0,0
Central Washington University,WA,WA,SeaTac ,2024,Fall,1,2,0,0,0,0,0
Central Washington University,WA,CA,Campbell,2026,Fall,1,0,0,0,0,0,0
Central Washington University,WA,WA,Edwall,2026,Fall,1,1,0,0,0,0,0
Central Washington University,WA,MA,Grafton,2024,Fall,1,0,0,0,0,0,0
Central Washington University,WA,NJ,Haddonfield,2026,Fall,1,0,0,0,0,0,0
Central Washington University,WA,NH,Atkinson,2024,Fall,1,0,0,0,0,0,0
Central Washington University,WA,NV,Nevada,2026,Fall,1,0,0,0,0,0,0
Central Washington University,WA,WA,Northport,2025,Fall,1,0,0,0,0,0,0
Central Washington University,WA,NC,Davidson,2026,Fall,1,0,0,0,0,0,0
Central Washington University,WA,WI,Shorewood,2025,Fall,1,0,0,0,0,0,0
Central Washington University,WA,TX,Carrizo Springs,2026,Fall,1,0,0,0,0,0,0
Central Washington University,WA,ID,Star,2025,Fall,1,0,0,0,0,0,0
Central Washington University,WA,MS,Sarah,2025,Fall,1,0,0,0,0,0,0
Central Washington University,WA,KY,Lexington,2024,Fall,1,0,0,0,0,0,0
Central Washington University,WA,VA,Chantilly,2026,Fall,1,0,0,0,0,0,0
Central Washington University,WA,CA,Lake Balboa,2025,Fall,1,0,0,0,0,0,0
Central Washington University,WA,IL,Geneva,2025,Fall,1,0,0,0,0,0,0
Central Washington University,WA,MT,Belgrade,2025,Fall,1,0,0,0,0,0,0
Central Washington University,WA,AK,Skagway,2025,Fall,1,0,0,0,0,0,0
Central Washington University,WA,WA,Lyle,2024,Fall,1,1,1,1,1,1,1
Central Washington University,WA,CA,Santee,2024,Fall,1,1,1,1,0,0,0
Central Washington University,WA,AK,Sand Point,2025,Fall,1,4,4,4,0,0,0
Central Washington University,WA,CO,Colorado Springs,2025,Fall,1,2,1,1,0,0,0
Central Washington University,WA,OR,Clackamas,2024,Fall,1,1,1,1,0,0,0
Central Washington University,WA,CA,Fallbrook,2026,Fall,1,1,1,1,0,0,0
Central Washington University,WA,NC,Charlotte,2026,Fall,1,2,1,0,0,0,0
Central Washington University,WA,WI,Waukesha,2025,Fall,1,1,0,0,0,0,0
Central Washington University,WA,VT,North Hero,2024,Fall,1,0,0,0,0,0,0
Central Washington University,WA,AK,Gambell,2026,Fall,1,0,0,0,0,0,0
Central Washington University,WA,MN,Mankato,2026,Fall,1,0,0,0,0,0,0
Central Washington University,WA,WA,Lacrosse,2026,Fall,1,0,0,0,0,0,0
Central Washington University,WA,UT,North Salt Lake,2025,Fall,1,0,0,0,0,0,0
Central Washington University,WA,TX,Cuero,2025,Fall,1,0,0,0,0,0,0
Central Washington University,WA,ME,Dixfield,2024,Fall,1,0,0,0,0,0,0
Central Washington University,WA,NJ,Chester,2025,Fall,1,0,0,0,0,0,0
Central Washington University,WA,IL,Plainfield,2026,Fall,1,0,0,0,0,0,0
Central Washington University,WA,OK,Blanchard,2026,Fall,1,1,0,0,0,0,0
Central Washington University,WA,CO,Peyton,2025,Fall,1,0,0,0,0,0,0
Central Washington University,WA,TX,Duncanville,2026,Fall,1,0,0,0,0,0,0
Central Washington University,WA,OR,Unity,2026,Fall,1,0,0,0,0,0,0
Central Washington University,WA,FL,Lauderhill,2026,Fall,1,0,0,0,0,0,0
Central Washington University,WA,AK,Valdez,2024,Fall,1,0,0,0,0,0,0
Central Washington University,WA,Mashonaland Central,Bindura,2025,Fall,1,0,0,0,0,0,0
Central Washington University,WA,CA,Parlier,2026,Fall,1,0,0,0,0,0,0
Central Washington University,WA,IA,Clive,2026,Fall,1,0,0,0,0,0,0
Central Washington University,WA,CA,West Hills,2025,Fall,1,0,0,0,0,0,0
Central Washington University,WA,CA,Novato,2026,Fall,1,0,0,0,0,0,0
Central Washington University,WA,SC,Gaffney,2026,Fall,1,0,0,0,0,0,0
Central Washington University,WA,NV,Minden,2025,Fall,1,0,0,0,0,0,0
Central Washington University,WA,PA,Pittsburgh,2026,Fall,1,0,0,0,0,0,0
Central Washington University,WA,CA,Walnut,2026,Fall,1,0,0,0,0,0,0
Central Washington University,WA,OR,Glendale,2026,Fall,1,0,0,0,0,0,0
Central Washington University,WA,TN,Clairfield,2026,Fall,1,0,0,0,0,0,0
Central Washington University,WA,BC,North Vancouver,2024,Fall,1,0,0,0,0,0,0
Central Washington University,WA,TX,Plano,2025,Fall,1,0,0,0,0,0,0
Central Washington University,WA,OR,Crane,2025,Fall,1,0,0,0,0,0,0
Central Washington University,WA,OR,Swisshome,2025,Fall,1,0,0,0,0,0,0
Central Washington University,WA,WA,Washtucna,2024,Fall,1,0,0,0,0,0,0
Central Washington University,WA,NJ,Piscataway,2026,Fall,1,1,1,1,0,0,0
Central Washington University,WA,AL,Owens Cross Roads,2024,Fall,1,1,1,1,0,0,0
Central Washington University,WA,CO,Delta,2026,Fall,1,1,1,1,0,0,0
Central Washington University,WA,WY,Sheridan,2025,Fall,1,1,0,0,0,0,0
Central Washington University,WA,CO,Pueblo,2025,Fall,1,1,0,0,0,0,0
Central Washington University,WA,ID,Wilder,2025,Fall,1,1,0,0,0,0,0
Central Washington University,WA,Copperbelt,Kitwe,2025,Fall,1,0,0,0,0,0,0
Central Washington University,WA,Gaziantep,Gaziantep,2026,Fall,1,0,0,0,0,0,0
Central Washington University,WA,TN,Springfield,2026,Fall,1,0,0,0,0,0,0
Central Washington University,WA,NM,Mayhill,2024,Fall,1,0,0,0,0,0,0
Central Washington University,WA,NC,Lincolnton,2025,Fall,1,0,0,0,0,0,0
Central Washington University,WA,AZ,Ash Fork,2026,Fall,1,0,0,0,0,0,0
Central Washington University,WA,VA,Annandale,2024,Fall,1,0,0,0,0,0,0
Central Washington University,WA,AK,Delta Jct,2025,Fall,1,0,0,0,0,0,0
Central Washington University,WA,CA,Alameda,2026,Fall,1,0,0,0,0,0,0
Central Washington University,WA,BC,Langley,2024,Fall,1,0,0,0,0,0,0
Central Washington University,WA,WA,Riverside,2024,Fall,1,0,0,0,0,0,0
Central Washington University,WA,Nairobi County,Nairobi,2025,Fall,1,0,0,0,0,0,0
Central Washington University,WA,WA,George,2026,Fall,1,0,0,0,0,0,0
Central Washington University,WA,CA,Citrus Hts,2026,Fall,1,0,0,0,0,0,0
Central Washington University,WA,WI,Oshkosh,2025,Fall,1,1,0,0,0,0,0
Central Washington University,WA,WY,Lander,2026,Fall,1,0,0,0,0,0,0
Central Washington University,WA,CA,Anderson,2025,Fall,1,0,0,0,0,0,0
Central Washington University,WA,MT,Shepherd,2025,Fall,1,0,0,0,0,0,0
Central Washington University,WA,DE,Millsboro,2025,Fall,1,0,0,0,0,0,0
Central Washington University,WA,TX,Webster,2025,Fall,1,0,0,0,0,0,0
Central Washington University,WA,AZ,Somerton,2026,Fall,1,0,0,0,0,0,0
Central Washington University,WA,GA,Riverdale,2026,Fall,1,0,0,0,0,0,0
Central Washington University,WA,CA,Long beach,2026,Fall,1,0,0,0,0,0,0
Central Washington University,WA,WA,Chimacum,2026,Fall,1,0,0,0,0,0,0
Central Washington University,WA,CA,Morro Bay,2024,Fall,1,1,1,1,1,1,1
Central Washington University,WA,WA,Nooksack,2026,Fall,1,2,1,1,1,1,1
Central Washington University,WA,MD,Bethesda,2025,Fall,1,1,1,1,0,0,0
Central Washington University,WA,CA,Encinitas,2025,Fall,1,1,1,1,0,0,0
Central Washington University,WA,NM,Carlsbad,2026,Fall,1,1,1,0,0,0,0
Central Washington University,WA,NV,Fernley,2026,Fall,1,1,1,1,0,0,0
Central Washington University,WA,WA,Bonney lake ,2024,Fall,1,1,0,0,0,0,0
Central Washington University,WA,WI,Sussex,2024,Fall,1,1,0,0,0,0,0
Central Washington University,WA,MI,Washington,2026,Fall,1,0,0,0,0,0,0
Central Washington University,WA,GA,Riverdale,2024,Fall,1,0,0,0,0,0,0
Central Washington University,WA,FL,Weston,2024,Fall,1,0,0,0,0,0,0
Central Washington University,WA,HI,Lihue,2024,Fall,1,0,0,0,0,0,0
Central Washington University,WA,HI,Papaikou,2026,Fall,1,0,0,0,0,0,0
Central Washington University,WA,FL,Gainesville,2025,Fall,1,0,0,0,0,0,0
Central Washington University,WA,NY,Warrensburg,2026,Fall,1,0,0,0,0,0,0
Central Washington University,WA,MT,Kevin,2026,Fall,1,0,0,0,0,0,0
Central Washington University,WA,PA,Altoona,2025,Fall,1,0,0,0,0,0,0
Central Washington University,WA,MO,City of Saint Peters,2024,Fall,1,0,0,0,0,0,0
Central Washington University,WA,CA,Elk Grove,2024,Fall,1,0,0,0,0,0,0
Central Washington University,WA,LA,Grambling,2025,Fall,1,0,0,0,0,0,0
Central Washington University,WA,TX,Robstown,2026,Fall,1,0,0,0,0,0,0
Central Washington University,WA,CA,Bonita,2024,Fall,1,0,0,0,0,0,0
Central Washington University,WA,CA,Arcadia,2024,Fall,1,0,0,0,0,0,0
Central Washington University,WA,CO,Grand Jct,2024,Fall,1,0,0,0,0,0,0
Central Washington University,WA,HI,Anahola,2024,Fall,1,0,0,0,0,0,0
Central Washington University,WA,CA,San Fernando,2024,Fall,1,0,0,0,0,0,0
Central Washington University,WA,CA,Mendota,2026,Fall,1,0,0,0,0,0,0
Central Washington University,WA,MT,Floweree,2024,Fall,1,0,0,0,0,0,0
Central Washington University,WA,CA,Stockton,2025,Fall,1,2,2,2,1,0,1
Central Washington University,WA,CA,Yuba City,2024,Fall,1,1,1,1,0,0,0
Central Washington University,WA,CO,Golden,2025,Fall,1,1,1,1,0,0,0
Central Washington University,WA,CO,Tabernash,2024,Fall,1,1,1,1,0,0,0
Central Washington University,WA,MD,Baltimore,2024,Fall,1,2,1,1,0,0,0
Central Washington University,WA,AZ,Globe,2024,Fall,1,1,0,0,0,0,0
Central Washington University,WA,CO,Fountain,2025,Fall,1,0,0,0,0,0,0
Central Washington University,WA,MA,Mendon,2026,Fall,1,0,0,0,0,0,0
Central Washington University,WA,MO,University Cy,2025,Fall,1,0,0,0,0,0,0
Central Washington University,WA,CA,La Canada Flintridge,2025,Fall,1,0,0,0,0,0,0
Central Washington University,WA,WA,Metaline Fls,2025,Fall,1,0,0,0,0,0,0
Central Washington University,WA,IL,Dekalb,2024,Fall,1,0,0,0,0,0,0
Central Washington University,WA,Gujarat,Ahmedabad,2024,Fall,1,0,0,0,0,0,0
Central Washington University,WA,IL,Peotone,2026,Fall,1,0,0,0,0,0,0
Central Washington University,WA,CA,Cloverdale,2024,Fall,1,0,0,0,0,0,0
Central Washington University,WA,NE,York,2026,Fall,1,1,0,0,0,0,0
Central Washington University,WA,MD,Glen Burnie,2026,Fall,1,0,0,0,0,0,0
Central Washington University,WA,ID,Salmon,2026,Fall,1,0,0,0,0,0,0
Central Washington University,WA,WY,Cody,2025,Fall,1,0,0,0,0,0,0
Central Washington University,WA,FL,Apopka,2026,Fall,1,0,0,0,0,0,0
Central Washington University,WA,TX,Benbrook,2026,Fall,1,0,0,0,0,0,0
Central Washington University,WA,TX,Heath,2025,Fall,1,0,0,0,0,0,0
Central Washington University,WA,OR,Cascade Locks,2026,Fall,1,0,0,0,0,0,0
Central Washington University,WA,AL,Boaz,2025,Fall,1,0,0,0,0,0,0
Central Washington University,WA,OR,"Portland, Oregon",2025,Fall,1,0,0,0,0,0,0
Central Washington University,WA,MT,Cut Bank,2026,Fall,1,0,0,0,0,0,0
Central Washington University,WA,TX,Gunter,2025,Fall,1,0,0,0,0,0,0
Central Washington University,WA,NV,Incline Village,2026,Fall,1,0,0,0,0,0,0
Central Washington University,WA,KY,Shelbyville,2026,Fall,1,0,0,0,0,0,0
Central Washington University,WA,MD,Rockville,2025,Fall,1,1,1,1,0,0,0
Central Washington University,WA,CO,Westminster,2026,Fall,1,1,1,1,0,0,0
Central Washington University,WA,OR,Sheridan,2025,Fall,1,1,1,1,0,0,0
Central Washington University,WA,OR,Umatilla,2026,Fall,1,1,1,1,0,0,0
Central Washington University,WA,IL,Dekalb,2025,Fall,1,1,1,1,0,0,0
Central Washington University,WA,ID,Idaho Falls,2024,Fall,1,1,1,1,0,0,0
Central Washington University,WA,IL,Orangeville,2024,Fall,1,1,1,1,0,0,0
Central Washington University,WA,CA,Irvine,2024,Fall,1,1,1,1,0,0,0
Central Washington University,WA,MN,Saint Paul,2025,Fall,1,2,2,2,0,0,0
Central Washington University,WA,HI,Ookala,2026,Fall,1,0,0,0,0,0,0
Central Washington University,WA,WI,Slinger,2026,Fall,1,0,0,0,0,0,0
Central Washington University,WA,CA,Vacaville,2024,Fall,1,0,0,0,0,0,0
Central Washington University,WA,VT,Manchester,2026,Fall,1,0,0,0,0,0,0
Central Washington University,WA,CA,Ukiah,2025,Fall,1,0,0,0,0,0,0
Central Washington University,WA,OR,Sutherlin,2025,Fall,1,0,0,0,0,0,0
Central Washington University,WA,CA,Sn Bernrdno,2025,Fall,1,1,0,0,0,0,0
Central Washington University,WA,CA,Hemet,2025,Fall,1,0,0,0,0,0,0
Central Washington University,WA,NM,Anthony,2025,Fall,1,0,0,0,0,0,0
Central Washington University,WA,OR,Stayton,2026,Fall,1,0,0,0,0,0,0
Central Washington University,WA,UT,Waxahachie,2026,Fall,1,0,0,0,0,0,0
Central Washington University,WA,MD,Edgewood,2025,Fall,1,0,0,0,0,0,0
Central Washington University,WA,UT,Bountiful,2025,Fall,1,0,0,0,0,0,0
Central Washington University,WA,SC,Effingham,2026,Fall,1,0,0,0,0,0,0
Central Washington University,WA,WV,Dingess,2025,Fall,1,0,0,0,0,0,0
Central Washington University,WA,CA,Santee,2025,Fall,1,0,0,0,0,0,0
Central Washington University,WA,CA,Porterville,2025,Fall,1,0,0,0,0,0,0
Central Washington University,WA,CA,French Camp,2026,Fall,1,0,0,0,0,0,0
Central Washington University,WA,MT,Custer,2025,Fall,1,0,0,0,0,0,0
Central Washington University,WA,MT,Joliet,2025,Fall,1,0,0,0,0,0,0
Central Washington University,WA,UT,Montezuma Creek,2026,Fall,1,0,0,0,0,0,0
Central Washington University,WA,KY,Richmond,2026,Fall,1,0,0,0,0,0,0
Central Washington University,WA,OH,Alexandria,2025,Fall,1,0,0,0,0,0,0
Central Washington University,WA,IL,Oswego,2026,Fall,1,0,0,0,0,0,0
Central Washington University,WA,WA,La Push,2024,Fall,1,0,0,0,0,0,0
Central Washington University,WA,TX,New Braunfels,2025,Fall,1,1,1,1,1,1,1
Central Washington University,WA,FL,Tampa,2026,Fall,1,1,1,1,1,1,1
Central Washington University,WA,PA,Mc Donald,2026,Fall,1,1,1,1,1,1,1
Central Washington University,WA,OR,Gladstone,2024,Fall,1,1,1,1,0,0,0
Central Washington University,WA,CA,Diamond Bar,2025,Fall,1,1,1,1,0,0,0
Central Washington University,WA,RI,Providence,2025,Fall,1,1,1,1,0,0,0
Central Washington University,WA,CA,Aptos,2025,Fall,1,1,1,1,0,0,0
Central Washington University,WA,NM,Las Cruces,2026,Fall,1,1,1,1,0,0,0
Central Washington University,WA,WA,Paterson,2024,Fall,1,1,0,0,0,0,0
Central Washington University,WA,WA,ellensburg,2024,Fall,1,1,0,0,0,0,0
Central Washington University,WA,OR,Wolf Creek,2024,Fall,1,0,0,0,0,0,0
Central Washington University,WA,AK,King Cove,2026,Fall,1,0,0,0,0,0,0
Central Washington University,WA,PR,Aguadilla,2024,Fall,1,0,0,0,0,0,0
Central Washington University,WA,TN,Dyersburg,2026,Fall,1,0,0,0,0,0,0
Central Washington University,WA,IN,Columbus,2026,Fall,1,0,0,0,0,0,0
Central Washington University,WA,IN,Greenwood,2025,Fall,1,0,0,0,0,0,0
Central Washington University,WA,MT,Lewistown,2024,Fall,1,0,0,0,0,0,0
Central Washington University,WA,OH,Eaton,2025,Fall,1,0,0,0,0,0,0
Central Washington University,WA,MT,Shawmut,2026,Fall,1,0,0,0,0,0,0
Central Washington University,WA,MT,Ballantine,2025,Fall,1,0,0,0,0,0,0
Central Washington University,WA,TX,Rockport,2026,Fall,1,0,0,0,0,0,0
Central Washington University,WA,LA,Pineville,2025,Fall,1,0,0,0,0,0,0
Central Washington University,WA,CT,Manchester,2026,Fall,1,0,0,0,0,0,0
Central Washington University,WA,OR,Corbett,2026,Fall,1,0,0,0,0,0,0
Central Washington University,WA,Alborz Province,Karaj,2025,Fall,1,0,0,0,0,0,0
Central Washington University,WA,OH,Cincinnati,2025,Fall,1,0,0,0,0,0,0
Central Washington University,WA,GA,Springfield,2026,Fall,1,0,0,0,0,0,0
Central Washington University,WA,MI,Lansing,2026,Fall,1,0,0,0,0,0,0
Central Washington University,WA,CA,Acton,2025,Fall,1,0,0,0,0,0,0
Central Washington University,WA,MA,Wayland,2026,Fall,1,0,0,0,0,0,0
Central Washington University,WA,Addis Ababa,Akaki Kaliti,2026,Fall,1,0,0,0,0,0,0
Central Washington University,WA,CA,Larkspur,2026,Fall,1,0,0,0,0,0,0
Central Washington University,WA,OH,Baltimore,2025,Fall,1,0,0,0,0,0,0
Central Washington University,WA,MT,Thompson Fls,2025,Fall,1,0,0,0,0,0,0
Central Washington University,WA,CA,Rancho Santa Margarita,2024,Fall,1,0,0,0,0,0,0
Central Washington University,WA,HI,Pukalani,2024,Fall,1,0,0,0,0,0,0
Central Washington University,WA,IN,Borden,2026,Fall,1,0,0,0,0,0,0
Central Washington University,WA,OH,Galion,2026,Fall,1,1,1,1,0,0,0
Central Washington University,WA,CO,Durango,2026,Fall,1,4,4,4,0,0,0
Central Washington University,WA,WA,ephrata,2024,Fall,1,1,1,1,0,0,0
Central Washington University,WA,BC,Coquitlam,2024,Fall,1,1,1,1,0,0,0
Central Washington University,WA,MT,Frenchtown,2024,Fall,1,1,0,0,0,0,0
Central Washington University,WA,CA,Cudahy,2026,Fall,1,0,0,0,0,0,0
Central Washington University,WA,AR,Paragould,2026,Fall,1,0,0,0,0,0,0
Central Washington University,WA,CA,Baldwin Park,2025,Fall,1,0,0,0,0,0,0
Central Washington University,WA,CA,Sn Luis Obisp,2026,Fall,1,0,0,0,0,0,0
Central Washington University,WA,KY,Pilgrim,2025,Fall,1,0,0,0,0,0,0
Central Washington University,WA,CO,Commerce City,2025,Fall,1,0,0,0,0,0,0
Central Washington University,WA,WA,Bingen,2024,Fall,1,1,0,0,0,0,0
Central Washington University,WA,MS,Port Gibson,2026,Fall,1,0,0,0,0,0,0
Central Washington University,WA,CA,Los Osos,2026,Fall,1,0,0,0,0,0,0
Central Washington University,WA,OK,Harrah,2025,Fall,1,0,0,0,0,0,0
Central Washington University,WA,IL,Libertyville,2024,Fall,1,0,0,0,0,0,0
Central Washington University,WA,VA,Sterling,2026,Fall,1,0,0,0,0,0,0
Central Washington University,WA,MT,Cascade,2026,Fall,1,0,0,0,0,0,0
Central Washington University,WA,CO,Commerce City,2024,Fall,1,0,0,0,0,0,0
Central Washington University,WA,OR,Newberg,2026,Fall,1,0,0,0,0,0,0
Central Washington University,WA,CA,Red Bluff,2025,Fall,1,1,0,0,0,0,0
Central Washington University,WA,NC,Apex,2025,Fall,1,0,0,0,0,0,0
Central Washington University,WA,FL,Pt Charlotte,2024,Fall,1,0,0,0,0,0,0
Central Washington University,WA,ID,Sagle,2026,Fall,1,0,0,0,0,0,0
Central Washington University,WA,OR,"Dayton, OR, US",2026,Fall,1,0,0,0,0,0,0
Central Washington University,WA,TX,Little Elm,2024,Fall,1,0,0,0,0,0,0
Central Washington University,WA,MI,Rockford,2025,Fall,1,0,0,0,0,0,0
Central Washington University,WA,MI,Goodrich,2026,Fall,1,0,0,0,0,0,0
Central Washington University,WA,Edo State,Benin City,2025,Fall,1,0,0,0,0,0,0
Central Washington University,WA,KY,Albany,2026,Fall,1,0,0,0,0,0,0
Central Washington University,WA,IN,Indianapolis,2024,Fall,1,2,2,2,1,0,1
Central Washington University,WA,FL,Saint Petersburg,2026,Fall,1,1,1,1,0,0,0
Central Washington University,WA,AK,Chickaloon,2025,Fall,1,1,1,1,0,0,0
Central Washington University,WA,UT,American Fork,2024,Fall,1,1,1,1,0,0,0
Central Washington University,WA,CA,Santa Cruz,2024,Fall,1,1,1,1,0,0,0
Central Washington University,WA,OR,Vernonia,2024,Fall,1,1,0,0,0,0,0
Central Washington University,WA,MT,Shelby,2026,Fall,1,0,0,0,0,0,0
Central Washington University,WA,CA,Canoga Park,2024,Fall,1,0,0,0,0,0,0
Central Washington University,WA,IL,Quincy,2025,Fall,1,0,0,0,0,0,0
Central Washington University,WA,CO,Superior,2024,Fall,1,0,0,0,0,0,0
Central Washington University,WA,OH,Englewood,2026,Fall,1,0,0,0,0,0,0
Central Washington University,WA,NY,Congers,2026,Fall,1,0,0,0,0,0,0
Central Washington University,WA,AZ,Queen Creek,2026,Fall,1,0,0,0,0,0,0
Central Washington University,WA,HI,99-128,2026,Fall,1,0,0,0,0,0,0
Central Washington University,WA,CA,Bakersfield,2024,Fall,1,0,0,0,0,0,0
Central Washington University,WA,MT,Whitehall,2026,Fall,1,0,0,0,0,0,0
Central Washington University,WA,ID,Saint Anthony,2026,Fall,1,0,0,0,0,0,0
Central Washington University,WA,TN,Cleveland,2024,Fall,1,0,0,0,0,0,0
Central Washington University,WA,AR,Siloam Spgs,2026,Fall,1,0,0,0,0,0,0
Central Washington University,WA,OR,Mosier,2026,Fall,1,0,0,0,0,0,0
Central Washington University,WA,KS,Wichita,2025,Fall,1,0,0,0,0,0,0
Central Washington University,WA,CA,Cherryland,2026,Fall,1,0,0,0,0,0,0
Central Washington University,WA,WI,Quincy,2025,Fall,1,0,0,0,0,0,0
Central Washington University,WA,ME,Winthrop,2026,Fall,1,0,0,0,0,0,0
Central Washington University,WA,IL,Paxton,2026,Fall,1,0,0,0,0,0,0
Central Washington University,WA,ID,Moscow,2025,Fall,1,0,0,0,0,0,0
Central Washington University,WA,OR,Myrtle Point,2025,Fall,1,0,0,0,0,0,0
Central Washington University,WA,FL,Dunedin,2025,Fall,1,0,0,0,0,0,0
Central Washington University,WA,CA,Acton,2024,Fall,1,0,0,0,0,0,0
Central Washington University,WA,MT,Sidney,2026,Fall,1,0,0,0,0,0,0
Central Washington University,WA,WA,Mountlake Terrace,2024,Fall,1,1,0,0,0,0,0
Central Washington University,WA,FL,Parkland,2026,Fall,1,0,0,0,0,0,0
Central Washington University,WA,GA,Dacula,2025,Fall,1,0,0,0,0,0,0
Central Washington University,WA,MI,Canton,2026,Fall,1,0,0,0,0,0,0
Central Washington University,WA,OR,Pendleton,2026,Fall,1,1,1,1,0,0,0
Central Washington University,WA,WY,Jackson,2026,Fall,1,2,2,2,0,0,0
Central Washington University,WA,TX,College Sta,2025,Fall,1,1,1,1,0,0,0
Central Washington University,WA,OR,Sisters,2026,Fall,1,1,1,1,0,0,0
Central Washington University,WA,CA,Davis,2026,Fall,1,1,1,1,0,0,0
Central Washington University,WA,CA,Scotts Valley,2026,Fall,1,1,1,1,0,0,0
Central Washington University,WA,WA,Concrete,2024,Fall,1,2,2,2,0,0,0
Central Washington University,WA,AL,Huntsville,2025,Fall,1,0,0,0,0,0,0
Central Washington University,WA,WA,Suqamish,2026,Fall,1,0,0,0,0,0,0
Central Washington University,WA,OR,Culver,2025,Fall,1,0,0,0,0,0,0
Central Washington University,WA,TX,Montgomery,2025,Fall,1,0,0,0,0,0,0
Central Washington University,WA,AL,Adamsville,2026,Fall,1,0,0,0,0,0,0
Central Washington University,WA,OK,Yukon,2026,Fall,1,0,0,0,0,0,0
Central Washington University,WA,CA,Biola,2026,Fall,1,0,0,0,0,0,0
Central Washington University,WA,NY,Uniondale,2026,Fall,1,0,0,0,0,0,0
Central Washington University,WA,IL,Rockford,2025,Fall,1,0,0,0,0,0,0
Central Washington University,WA,OR,Echo,2026,Fall,1,0,0,0,0,0,0
Central Washington University,WA,CA,Potter Valley,2024,Fall,1,0,0,0,0,0,0
Central Washington University,WA,PA,Orrtanna,2026,Fall,1,0,0,0,0,0,0
Central Washington University,WA,Somali,Jijiga,2024,Fall,1,0,0,0,0,0,0
Central Washington University,WA,IL,Wilmette,2024,Fall,1,0,0,0,0,0,0
Central Washington University,WA,TX,McAllen,2024,Fall,1,0,0,0,0,0,0
Central Washington University,WA,TX,Lewisville,2026,Fall,1,0,0,0,0,0,0
Central Washington University,WA,CO,Orlando,2025,Fall,1,0,0,0,0,0,0
Central Washington University,WA,TX,New Caney,2026,Fall,1,0,0,0,0,0,0
Central Washington University,WA,WA,Sprague,2025,Fall,1,1,1,1,1,1,1
Central Washington University,WA,WA,Auburn ,2024,Fall,1,1,1,1,1,1,1
Central Washington University,WA,CA,El Dorado Hls,2026,Fall,1,1,1,1,0,0,0
Central Washington University,WA,WA,Starbuck,2025,Fall,1,1,1,1,0,0,0
Central Washington University,WA,CA,Temple City,2025,Fall,1,1,1,1,0,0,0
Central Washington University,WA,OR,Corvallis,2024,Fall,1,2,2,2,0,0,0
Central Washington University,WA,CA,Clayton,2026,Fall,1,1,1,1,0,0,0
Central Washington University,WA,FL,Ocoee,2024,Fall,1,2,2,2,0,0,0
Central Washington University,WA,TX,Copperas Cove,2026,Fall,1,0,0,0,0,0,0
Central Washington University,WA,WA,Ethel,2024,Fall,1,0,0,0,0,0,0
Central Washington University,WA,NY,Menands,2026,Fall,1,0,0,0,0,0,0
Central Washington University,WA,ME,Brownfield,2025,Fall,1,0,0,0,0,0,0
Central Washington University,WA,PA,Bangor,2026,Fall,1,0,0,0,0,0,0
Central Washington University,WA,CA,Ontario,2025,Fall,1,0,0,0,0,0,0
Central Washington University,WA,WA,Garfield,2025,Fall,1,0,0,0,0,0,0
Central Washington University,WA,UT,Bountiful,2024,Fall,1,1,0,0,0,0,0
Central Washington University,WA,NE,Scottsbluff,2026,Fall,1,0,0,0,0,0,0
Central Washington University,WA,VA,Wapato Washington,2026,Fall,1,0,0,0,0,0,0
Central Washington University,WA,MI,Marquette,2024,Fall,1,0,0,0,0,0,0
Central Washington University,WA,FL,Parkland,2024,Fall,1,0,0,0,0,0,0
Central Washington University,WA,TX,Mansfield,2025,Fall,1,0,0,0,0,0,0
Central Washington University,WA,VA,Yorktown,2026,Fall,1,0,0,0,0,0,0
Central Washington University,WA,SD,Harrisburg,2025,Fall,1,0,0,0,0,0,0
Central Washington University,WA,AZ,Apache Jct,2026,Fall,1,0,0,0,0,0,0
Central Washington University,WA,TX,Sealy,2026,Fall,1,0,0,0,0,0,0
Central Washington University,WA,AR,Maumelle,2026,Fall,1,0,0,0,0,0,0
Central Washington University,WA,LA,Lafayette,2026,Fall,1,0,0,0,0,0,0
Central Washington University,WA,TX,Magnolia,2026,Fall,1,0,0,0,0,0,0
Central Washington University,WA,TX,Harker Hts,2025,Fall,1,0,0,0,0,0,0
Central Washington University,WA,WA,Kenniwick,2026,Fall,1,0,0,0,0,0,0
Central Washington University,WA,CT,Newtown,2025,Fall,1,0,0,0,0,0,0
Central Washington University,WA,MT,Deer Lodge,2024,Fall,1,0,0,0,0,0,0
Central Washington University,WA,MT,Alberton,2024,Fall,1,0,0,0,0,0,0
Central Washington University,WA,NY,Lido Beach,2026,Fall,1,0,0,0,0,0,0
Central Washington University,WA,OK,Barnsdall,2025,Fall,1,0,0,0,0,0,0
Central Washington University,WA,NY,Watertown,2025,Fall,1,1,1,1,1,0,1
Central Washington University,WA,MN,Moorhead,2024,Fall,1,1,1,1,0,0,0
Central Washington University,WA,CA,Rohnert Park,2026,Fall,1,1,1,1,0,0,0
Central Washington University,WA,CA,Pleasanton,2025,Fall,1,1,1,1,0,0,0
Central Washington University,WA,ID,Athol,2025,Fall,1,2,2,2,0,0,0
Central Washington University,WA,CA,Pollock Pines,2025,Fall,1,1,1,1,0,0,0
Central Washington University,WA,ID,Marsing,2025,Fall,1,1,1,1,0,0,0
Central Washington University,WA,UT,Bluffdale,2024,Fall,1,1,0,0,0,0,0
Central Washington University,WA,CO,Ridgway,2026,Fall,1,1,1,1,0,0,0
Central Washington University,WA,IA,Indianola,2026,Fall,1,1,0,0,0,0,0
Central Washington University,WA,Central,Kampala,2025,Fall,1,0,0,0,0,0,0
Central Washington University,WA,Amman,Amman,2024,Fall,1,0,0,0,0,0,0
Central Washington University,WA,MT,Winifred,2026,Fall,1,0,0,0,0,0,0
Central Washington University,WA,FL,Jacksonville,2024,Fall,1,0,0,0,0,0,0
Central Washington University,WA,UT,N Salt Lake,2026,Fall,1,0,0,0,0,0,0
Central Washington University,WA,CA,West Hills,2024,Fall,1,0,0,0,0,0,0
Central Washington University,WA,WA,Port Gamble,2025,Fall,1,0,0,0,0,0,0
Central Washington University,WA,OK,Choctaw,2025,Fall,1,0,0,0,0,0,0
Central Washington University,WA,CA,El Monte,2026,Fall,1,0,0,0,0,0,0
Central Washington University,WA,OR,Harrisburg,2025,Fall,1,0,0,0,0,0,0
Central Washington University,WA,FL,Ocoee,2025,Fall,1,0,0,0,0,0,0
Central Washington University,WA,GA,Evans,2025,Fall,1,0,0,0,0,0,0
Central Washington University,WA,WA,Sumas,2024,Fall,1,0,0,0,0,0,0
Central Washington University,WA,NY,Red Hook,2026,Fall,1,0,0,0,0,0,0
Central Washington University,WA,AZ,Casa Grande,2026,Fall,1,1,0,0,0,0,0
Central Washington University,WA,AZ,Cashion,2026,Fall,1,0,0,0,0,0,0
Central Washington University,WA,MI,Lansing,2024,Fall,1,0,0,0,0,0,0
Central Washington University,WA,TX,Cedar Hill,2025,Fall,1,0,0,0,0,0,0
Central Washington University,WA,OR,Bonanza,2026,Fall,1,0,0,0,0,0,0
Central Washington University,WA,CA,Old Fig Garden,2024,Fall,1,0,0,0,0,0,0
Central Washington University,WA,CA,Santa Paula,2025,Fall,1,0,0,0,0,0,0
Central Washington University,WA,Bagmati Province,Bidur,2024,Fall,1,0,0,0,0,0,0
Central Washington University,WA,NY,Forest Hills,2026,Fall,1,0,0,0,0,0,0
Central Washington University,WA,Manama,Manama,2025,Fall,1,0,0,0,0,0,0
Central Washington University,WA,WA,Grapeview,2024,Fall,1,3,2,2,1,1,1
Central Washington University,WA,NV,Sparks,2024,Fall,1,4,2,2,0,0,0
Central Washington University,WA,FL,Clermont,2026,Fall,1,1,1,1,0,0,0
Central Washington University,WA,NY,Brooklyn,2024,Fall,1,5,5,4,0,0,0
Central Washington University,WA,CA,Discovery Bay,2026,Fall,1,1,1,1,0,0,0
Central Washington University,WA,CA,Colton,2024,Fall,1,1,0,0,0,0,0
Central Washington University,WA,AZ,Mohave Valley,2025,Fall,1,1,0,0,0,0,0
Central Washington University,WA,FL,Hialeah,2024,Fall,1,1,0,0,0,0,0
Central Washington University,WA,CA,Norwalk,2025,Fall,1,0,0,0,0,0,0
Central Washington University,WA,NC,China Grove,2026,Fall,1,0,0,0,0,0,0
Central Washington University,WA,MD,Halethorpe,2024,Fall,1,0,0,0,0,0,0
Central Washington University,WA,MA,Salem,2025,Fall,1,0,0,0,0,0,0
Central Washington University,WA,MT,Brady,2026,Fall,1,0,0,0,0,0,0
Central Washington University,WA,IN,Crown Point,2026,Fall,1,0,0,0,0,0,0
Central Washington University,WA,WA,Federal,2026,Fall,1,0,0,0,0,0,0
Central Washington University,WA,CA,Cerritos,2025,Fall,1,0,0,0,0,0,0
Central Washington University,WA,AK,Delta Jct,2026,Fall,1,0,0,0,0,0,0
Central Washington University,WA,SD,Oelrichs,2024,Fall,1,0,0,0,0,0,0
Central Washington University,WA,VA,Oakton,2024,Fall,1,0,0,0,0,0,0
Central Washington University,WA,IA,Muscatine,2024,Fall,1,0,0,0,0,0,0
Central Washington University,WA,WI,Mount Horeb,2026,Fall,1,0,0,0,0,0,0
Central Washington University,WA,IN,Carmel,2024,Fall,1,0,0,0,0,0,0
Central Washington University,WA,UT,Pleasant View,2025,Fall,1,0,0,0,0,0,0
Central Washington University,WA,IL,Marshall,2026,Fall,1,0,0,0,0,0,0
Central Washington University,WA,WA,Lamona,2025,Fall,1,0,0,0,0,0,0
Central Washington University,WA,MA,Millville,2025,Fall,1,0,0,0,0,0,0
Central Washington University,WA,WI,Oostburg,2025,Fall,1,0,0,0,0,0,0
Central Washington University,WA,UT,Eagle Mtn,2025,Fall,1,0,0,0,0,0,0
Central Washington University,WA,CA,Pleasant Hill,2025,Fall,1,1,1,1,1,1,1
Central Washington University,WA,GA,Douglasville,2026,Fall,1,1,1,1,0,0,0
Central Washington University,WA,OR,Springfield,2024,Fall,1,3,3,2,0,0,0
Central Washington University,WA,OR,Troutdale,2024,Fall,1,1,1,1,0,0,0
Central Washington University,WA,CO,Windsor,2024,Fall,1,1,1,1,0,0,0
Central Washington University,WA,NY,Albany,2026,Fall,1,1,1,1,0,0,0
Central Washington University,WA,PA,Lebanon,2026,Fall,1,0,0,0,0,0,0
Central Washington University,WA,PA,Saxonburg,2025,Fall,1,0,0,0,0,0,0
Central Washington University,WA,HI,Anahola,2025,Fall,1,0,0,0,0,0,0
Central Washington University,WA,WA,Yakima Wa,2026,Fall,1,0,0,0,0,0,0
Central Washington University,WA,AL,Goodwater,2025,Fall,1,0,0,0,0,0,0
Central Washington University,WA,PA,East Springfield,2026,Fall,1,0,0,0,0,0,0
Central Washington University,WA,IL,Arlington Hts,2025,Fall,1,0,0,0,0,0,0
Central Washington University,WA,IL,Polo,2026,Fall,1,0,0,0,0,0,0
Central Washington University,WA,TX,Frankston,2026,Fall,1,0,0,0,0,0,0
Central Washington University,WA,TX,Marshall,2024,Fall,1,0,0,0,0,0,0
Central Washington University,WA,MT,Park City,2025,Fall,1,0,0,0,0,0,0
Central Washington University,WA,CA,La Palma,2026,Fall,1,0,0,0,0,0,0
Central Washington University,WA,MO,Ozark,2026,Fall,1,0,0,0,0,0,0
Central Washington University,WA,WA,Yarrow Point,2026,Fall,1,0,0,0,0,0,0
Central Washington University,WA,CA,San Ramon,2026,Fall,1,0,0,0,0,0,0
Central Washington University,WA,WA,Lincoln,2025,Fall,1,0,0,0,0,0,0
Central Washington University,WA,MD,Waldorf,2026,Fall,1,0,0,0,0,0,0
Central Washington University,WA,CA,Colton,2026,Fall,1,0,0,0,0,0,0
Central Washington University,WA,AL,Hoover,2025,Fall,1,0,0,0,0,0,0
Central Washington University,WA,NC,Clemmons,2025,Fall,1,0,0,0,0,0,0
Central Washington University,WA,GA,Duluth,2025,Fall,1,0,0,0,0,0,0
Central Washington University,WA,UT,Layton,2024,Fall,1,0,0,0,0,0,0
Central Washington University,WA,WA,Allyn,2024,Fall,1,1,1,1,1,0,1
Central Washington University,WA,AK,Sterling,2024,Fall,1,1,1,1,1,1,1
Central Washington University,WA,LA,Shreveport,2024,Fall,1,1,0,0,0,0,0
Central Washington University,WA,NY,Nanuet,2024,Fall,1,1,0,0,0,0,0
Central Washington University,WA,CA,Anderson,2026,Fall,1,1,0,0,0,0,0
Central Washington University,WA,NJ,Lyndhurst,2026,Fall,1,0,0,0,0,0,0
Central Washington University,WA,VA,Henrico,2024,Fall,1,0,0,0,0,0,0
Central Washington University,WA,UT,Pleasant Grove,2024,Fall,1,0,0,0,0,0,0
Central Washington University,WA,Western Australia,Perth,2024,Fall,1,0,0,0,0,0,0
Central Washington University,WA,MI,Beaverton,2026,Fall,1,0,0,0,0,0,0
Central Washington University,WA,NM,Corrales,2026,Fall,1,0,0,0,0,0,0
Central Washington University,WA,VA,Purcellville,2026,Fall,1,0,0,0,0,0,0
Central Washington University,WA,MI,Jenison,2025,Fall,1,0,0,0,0,0,0
Central Washington University,WA,UT,Coalville,2026,Fall,1,0,0,0,0,0,0
Central Washington University,WA,Rivers State,Port Harcourt,2024,Fall,1,0,0,0,0,0,0
Central Washington University,WA,WA,Hockinson,2025,Fall,1,0,0,0,0,0,0
Central Washington University,WA,WA,Grayland,2024,Fall,1,0,0,0,0,0,0
Central Washington University,WA,ID,Tensed,2026,Fall,1,0,0,0,0,0,0
Central Washington University,WA,CA,Gridley,2025,Fall,1,0,0,0,0,0,0
Central Washington University,WA,Irbid,Irbid,2025,Fall,1,0,0,0,0,0,0
Central Washington University,WA,NJ,Newark,2024,Fall,1,0,0,0,0,0,0
Central Washington University,WA,CA,Tujunga,2024,Fall,1,0,0,0,0,0,0
Central Washington University,WA,MT,Sanders,2026,Fall,1,0,0,0,0,0,0
Central Washington University,WA,Nakhon Pathom,Nakhon Pathom,2024,Fall,1,0,0,0,0,0,0
Central Washington University,WA,Khuzestan,Ahvaz,2024,Fall,1,0,0,0,0,0,0
Central Washington University,WA,CA,Huntington Park,2025,Fall,1,0,0,0,0,0,0
Central Washington University,WA,CA,Brentwood,2025,Fall,1,0,0,0,0,0,0
Central Washington University,WA,OR,Sublimity,2026,Fall,1,1,1,1,1,1,1
Central Washington University,WA,WA,George,2025,Fall,1,1,1,1,0,0,0
Central Washington University,WA,WA,Skamokawa,2024,Fall,1,1,1,1,0,0,0
Central Washington University,WA,CA,Walnut,2024,Fall,1,1,1,1,0,0,0
Central Washington University,WA,MD,Germantown,2026,Fall,1,0,0,0,0,0,0
Central Washington University,WA,PA,Reading,2024,Fall,1,0,0,0,0,0,0
Central Washington University,WA,WY,Rock Springs,2026,Fall,1,0,0,0,0,0,0
Central Washington University,WA,MO,Saint Peters,2024,Fall,1,0,0,0,0,0,0
Central Washington University,WA,WA,Copalis Beach,2024,Fall,1,0,0,0,0,0,0
Central Washington University,WA,Lagunes,Abidjan,2024,Fall,1,0,0,0,0,0,0
Central Washington University,WA,NY,Troy,2025,Fall,1,0,0,0,0,0,0
Central Washington University,WA,UT,Mendon,2026,Fall,1,0,0,0,0,0,0
Central Washington University,WA,WA,Malott,2026,Fall,1,0,0,0,0,0,0
Central Washington University,WA,OR,Junction City,2025,Fall,1,0,0,0,0,0,0
Central Washington University,WA,KY,Fort Thomas,2025,Fall,1,0,0,0,0,0,0
Central Washington University,WA,GA,Loganville,2026,Fall,1,0,0,0,0,0,0
Central Washington University,WA,CT,Southington,2024,Fall,1,0,0,0,0,0,0
Central Washington University,WA,HI,Puunene,2024,Fall,1,0,0,0,0,0,0
Central Washington University,WA,MN,Andover,2026,Fall,1,0,0,0,0,0,0
Central Washington University,WA,FL,Palm Bay,2024,Fall,1,0,0,0,0,0,0
Central Washington University,WA,WA,SeaTac,2026,Fall,1,0,0,0,0,0,0
Central Washington University,WA,CA,View Park,2026,Fall,1,0,0,0,0,0,0
Central Washington University,WA,NJ,Elizabeth,2026,Fall,1,0,0,0,0,0,0
Central Washington University,WA,OH,Lebanon,2024,Fall,0,1,1,1,1,1,1
Central Washington University,WA,,Bishkek,2024,Fall,0,0,0,0,0,0,0
Central Washington University,WA,VT,Morrisville,2026,Fall,0,1,1,1,1,1,1
Central Washington University,WA,,Tema,2024,Fall,0,0,0,0,0,0,0
Central Washington University,WA,IN,La Porte,2024,Fall,0,1,1,1,0,0,0
Central Washington University,WA,TX,Forest Hill,2026,Fall,0,1,1,1,0,0,0
Central Washington University,WA,Lazio,Ferentino,2024,Fall,0,1,1,1,0,0,0
Central Washington University,WA,WA,Wilson Creek,2025,Fall,0,1,1,1,0,0,0
Central Washington University,WA,VA,Portsmouth,2026,Fall,0,1,1,1,0,0,0
Central Washington University,WA,CO,Leadville,2024,Fall,0,1,1,1,0,0,0
Central Washington University,WA,CA,San Luis Obispo,2026,Fall,0,1,1,1,0,0,0
Central Washington University,WA,SAMARKAND,Samarkand District,2024,Fall,0,1,1,0,0,0,0
Central Washington University,WA,NJ,Edison,2025,Fall,0,1,1,1,0,0,0
Central Washington University,WA,,Katsina,2024,Fall,0,0,0,0,0,0,0
Central Washington University,WA,WA,Mcchord Afb,2024,Fall,0,1,0,0,0,0,0
Central Washington University,WA,TX,Saginaw,2024,Fall,0,1,0,0,0,0,0
Central Washington University,WA,Sindh,Islamabad,2025,Fall,0,1,0,0,0,0,0
Central Washington University,WA,VA,Virginia Beach,2025,Fall,0,1,0,0,0,0,0
Central Washington University,WA,,Fct,2025,Fall,0,0,0,0,0,0,0
Central Washington University,WA,,Luanda,2025,Fall,0,0,0,0,0,0,0
Central Washington University,WA,CA,Rancho Cucamonga ,2025,Fall,0,1,0,0,0,0,0
Central Washington University,WA,,Amman,2024,Fall,0,0,0,0,0,0,0
Central Washington University,WA,WA,Loon Lake,2024,Fall,0,2,2,2,1,1,1
Central Washington University,WA,LA,New Orleans,2024,Fall,0,2,2,1,0,0,0
Central Washington University,WA,PA,Rutledge,2024,Fall,0,1,1,1,0,0,0
Central Washington University,WA,NAMANGAN VILOYATI,Namangan,2024,Fall,0,2,2,0,0,0,0
Central Washington University,WA,AK,Sand Point,2024,Fall,0,1,1,0,0,0,0
Central Washington University,WA,OK,Edmond,2024,Fall,0,1,1,0,0,0,0
Central Washington University,WA,AP,FPO,2025,Fall,0,1,0,0,0,0,0
Central Washington University,WA,,Nairobi,2025,Fall,0,0,0,0,0,0,0
Central Washington University,WA,,Fergana,2026,Fall,0,0,0,0,0,0,0
Central Washington University,WA,CA,Van Nuys,2024,Fall,0,1,1,1,1,1,1
Central Washington University,WA,IL,Breese,2024,Fall,0,1,1,1,0,0,0
Central Washington University,WA,MI,Fife Lake,2024,Fall,0,1,1,1,0,0,0
Central Washington University,WA,WI,Sheboygan,2026,Fall,0,1,1,1,0,0,0
Central Washington University,WA,CO,Evergreen,2024,Fall,0,1,1,1,0,0,0
Central Washington University,WA,OH,West Chester,2024,Fall,0,1,1,0,0,0,0
Central Washington University,WA,,Accra,2024,Fall,0,0,0,0,0,0,0
Central Washington University,WA,RIVER STATE,Port- Harcourt,2024,Fall,0,1,1,1,0,0,0
Central Washington University,WA,,Manas,2026,Fall,0,0,0,0,0,0,0
Central Washington University,WA,WA,Suquamish,2024,Fall,0,1,1,1,0,0,0
Central Washington University,WA,NJ,Irvington,2024,Fall,0,1,0,0,0,0,0
Central Washington University,WA,NJ,Manalapan,2024,Fall,0,1,0,0,0,0,0
Central Washington University,WA,OR,Yamhill,2026,Fall,0,1,0,0,0,0,0
Central Washington University,WA,WA,Bucoda,2025,Fall,0,1,0,0,0,0,0
Central Washington University,WA,,Lambton,2025,Fall,0,0,0,0,0,0,0
Central Washington University,WA,,Leysin,2026,Fall,0,0,0,0,0,0,0
Central Washington University,WA,TX,Angleton,2026,Fall,0,2,2,2,2,2,2
Central Washington University,WA,MD,Bladensburg,2025,Fall,0,1,1,1,1,1,1
Central Washington University,WA,NJ,E Brunswick,2026,Fall,0,1,1,1,0,0,0
Central Washington University,WA,,Iran,2024,Fall,0,0,0,0,0,0,0
Central Washington University,WA,IL,Hoffman Est,2025,Fall,0,1,1,1,0,0,0
Central Washington University,WA,FL,Labelle,2025,Fall,0,1,1,1,0,0,0
Central Washington University,WA,GU,Barrigada,2024,Fall,0,1,1,1,0,0,0
Central Washington University,WA,MI,Clarkston,2026,Fall,0,1,1,1,0,0,0
Central Washington University,WA,IL,McHenry,2026,Fall,0,1,1,0,0,0,0
Central Washington University,WA,SC,Simpsonville,2026,Fall,0,1,1,1,0,0,0
Central Washington University,WA,CO,Lone Tree,2026,Fall,0,1,1,1,0,0,0
Central Washington University,WA,FL,Cpe Canaveral,2024,Fall,0,1,0,0,0,0,0
Central Washington University,WA,,Astana,2024,Fall,0,0,0,0,0,0,0
Central Washington University,WA,CO,Henderson,2026,Fall,0,1,0,0,0,0,0
Central Washington University,WA,IL,Plano,2025,Fall,0,1,1,0,0,0,0
Central Washington University,WA,KS,Manhattan,2026,Fall,0,1,0,0,0,0,0
Central Washington University,WA,MA,S Weymouth,2025,Fall,0,1,0,0,0,0,0
Central Washington University,WA,MN,Brooklyn Park,2025,Fall,0,1,0,0,0,0,0
Central Washington University,WA,AZ,Maricopa,2024,Fall,0,1,0,0,0,0,0
Central Washington University,WA,Bishkek,Bishkek,2024,Fall,0,1,0,0,0,0,0
Central Washington University,WA,KY,Middlesboro,2025,Fall,0,2,0,0,0,0,0
Central Washington University,WA,,Kolkata,2025,Fall,0,0,0,0,0,0,0
Central Washington University,WA,,Uttara,2025,Fall,0,0,0,0,0,0,0
Central Washington University,WA,CA,Discovery Bay,2025,Fall,0,1,1,1,1,1,1
Central Washington University,WA,HARARE,Harare,2024,Fall,0,2,2,1,1,1,1
Central Washington University,WA,NC,Matthews,2024,Fall,0,1,1,1,0,0,0
Central Washington University,WA,WI,New Berlin,2025,Fall,0,1,1,1,0,0,0
Central Washington University,WA,CA,Alamo,2026,Fall,0,1,1,1,0,0,0
Central Washington University,WA,MD,Uppr Marlboro,2024,Fall,0,1,1,1,0,0,0
Central Washington University,WA,SURKHANDARYO REGION,Jarkurgan city,2024,Fall,0,1,1,1,0,0,0
Central Washington University,WA,CO,Niwot,2025,Fall,0,1,1,1,0,0,0
Central Washington University,WA,PA,Philadelphia,2025,Fall,0,4,3,2,0,0,0
Central Washington University,WA,MI,Waterford,2026,Fall,0,1,1,1,0,0,0
Central Washington University,WA,LA,Pitkin,2025,Fall,0,1,1,1,0,0,0
Central Washington University,WA,CA,Belmont,2026,Fall,0,1,1,1,0,0,0
Central Washington University,WA,NY,Delmar,2026,Fall,0,1,1,1,0,0,0
Central Washington University,WA,ENUGU,Enugu,2024,Fall,0,1,1,1,0,0,0
Central Washington University,WA,,Nassau,2024,Fall,0,0,0,0,0,0,0
Central Washington University,WA,,Enugu South,2024,Fall,0,0,0,0,0,0,0
Central Washington University,WA,CO,Bayfield,2024,Fall,0,1,0,0,0,0,0
Central Washington University,WA,OK,Talihina,2025,Fall,0,1,1,0,0,0,0
Central Washington University,WA,GA,Austell,2024,Fall,0,1,0,0,0,0,0
Central Washington University,WA,WA,JBLM ,2025,Fall,0,1,0,0,0,0,0
Central Washington University,WA,CA,Kernville,2024,Fall,0,1,0,0,0,0,0
Central Washington University,WA,TX,Midland,2024,Fall,0,1,0,0,0,0,0
Central Washington University,WA,,Peshastin,2025,Fall,0,0,0,0,0,0,0
Central Washington University,WA,,Passo Fundo,2024,Fall,0,0,0,0,0,0,0
Central Washington University,WA,,Tunis,2026,Fall,0,0,0,0,0,0,0
Central Washington University,WA,ME,Scarborough,2024,Fall,0,1,1,1,0,0,0
Central Washington University,WA,CA,El Cerrito,2024,Fall,0,1,1,1,0,0,0
Central Washington University,WA,IN,Waterloo,2025,Fall,0,1,1,1,0,0,0
Central Washington University,WA,TX,Mont Belvieu,2025,Fall,0,1,1,1,0,0,0
Central Washington University,WA,NC,Smithfield,2026,Fall,0,1,1,1,0,0,0
Central Washington University,WA,TN,Murfreesboro,2024,Fall,0,1,1,1,0,0,0
Central Washington University,WA,AZAD KASHMIR,Tararkhel,2024,Fall,0,1,1,0,0,0,0
Central Washington University,WA,MD,Towson,2026,Fall,0,1,1,1,0,0,0
Central Washington University,WA,,Orting,2025,Fall,0,0,0,0,0,0,0
Central Washington University,WA,MIMAROPA,Calapan,2024,Fall,0,1,1,1,0,0,0
Central Washington University,WA,UT,St George,2025,Fall,0,1,1,1,0,0,0
Central Washington University,WA,CA,Foster City,2025,Fall,0,1,1,1,0,0,0
Central Washington University,WA,VA,Hampton,2025,Fall,0,1,1,1,0,0,0
Central Washington University,WA,IL,Glenview,2024,Fall,0,1,1,1,0,0,0
Central Washington University,WA,WA,Salkum,2025,Fall,0,2,1,1,0,0,0
Central Washington University,WA,AK,Sterling,2025,Fall,0,1,1,1,0,0,0
Central Washington University,WA,,Afigya Kwabre,2024,Fall,0,0,0,0,0,0,0
Central Washington University,WA,Amhara,Ginde Woin,2024,Fall,0,1,1,0,0,0,0
Central Washington University,WA,NY,Calcium,2025,Fall,0,1,0,0,0,0,0
Central Washington University,WA,AZ,Lk Havasu Cty,2024,Fall,0,1,0,0,0,0,0
Central Washington University,WA,MN,Eveleth,2025,Fall,0,1,0,0,0,0,0
Central Washington University,WA,,Khujand,2024,Fall,0,0,0,0,0,0,0
Central Washington University,WA,,Ahmednagar,2024,Fall,0,0,0,0,0,0,0
Central Washington University,WA,,Manson,2025,Fall,0,0,0,0,0,0,0
Central Washington University,WA,CO,Berthoud,2025,Fall,0,1,1,1,0,0,0
Central Washington University,WA,FL,Fleming Isle,2026,Fall,0,1,1,1,0,0,0
Central Washington University,WA,TX,Celina,2025,Fall,0,1,1,1,0,0,0
Central Washington University,WA,SELENGE,Selenge,2024,Fall,0,1,1,1,0,0,0
Central Washington University,WA,TX,Edcouch,2025,Fall,0,1,1,1,0,0,0
Central Washington University,WA,NJ,Swedesboro,2026,Fall,0,1,1,1,0,0,0
Central Washington University,WA,AK,Gustavus,2024,Fall,0,1,1,1,0,0,0
Central Washington University,WA,TX,Manor,2025,Fall,0,2,2,2,0,0,0
Central Washington University,WA,FL,Kissimmee,2024,Fall,0,3,2,2,0,0,0
Central Washington University,WA,MN,Saint Cloud,2025,Fall,0,1,1,1,0,0,0
Central Washington University,WA,LA,New Iberia,2025,Fall,0,1,1,1,0,0,0
Central Washington University,WA,CT,Farmington,2026,Fall,0,1,1,1,0,0,0
Central Washington University,WA,NY,Ozone Park,2024,Fall,0,1,1,1,0,0,0
Central Washington University,WA,IL,Braidwood,2026,Fall,0,1,1,1,0,0,0
Central Washington University,WA,,Andijan,2024,Fall,0,0,0,0,0,0,0
Central Washington University,WA,CA,Woodacre,2025,Fall,0,1,1,1,0,0,0
Central Washington University,WA,WA,Hansville,2024,Fall,0,1,1,1,0,0,0
Central Washington University,WA,TX,Princeton,2026,Fall,0,1,1,1,0,0,0
Central Washington University,WA,,Asankragua,2024,Fall,0,0,0,0,0,0,0
Central Washington University,WA,OROMIA,Nekemte,2024,Fall,0,1,1,0,0,0,0
Central Washington University,WA,,Marysville,2025,Fall,0,0,0,0,0,0,0
Central Washington University,WA,TX,Rule,2026,Fall,0,1,0,0,0,0,0
Central Washington University,WA,Chaguanas,Cunupia,2026,Fall,0,1,0,0,0,0,0
Central Washington University,WA,ME,Farmington,2025,Fall,0,1,0,0,0,0,0
Central Washington University,WA,MT,Browning,2025,Fall,0,1,0,0,0,0,0
Central Washington University,WA,WA,Port orchard,2024,Fall,0,1,0,0,0,0,0
Central Washington University,WA,,Honoka’a,2025,Fall,0,0,0,0,0,0,0
Central Washington University,WA,FL,Jupiter,2025,Fall,0,1,0,0,0,0,0
Central Washington University,WA,MO,Sedalia,2026,Fall,0,1,0,0,0,0,0
Central Washington University,WA,MS,Hernando,2025,Fall,0,1,0,0,0,0,0
Central Washington University,WA,,Wenatchee,2024,Fall,0,0,0,0,0,0,0
Central Washington University,WA,,Antalya,2024,Fall,0,0,0,0,0,0,0
Central Washington University,WA,,Mayiladuthuarai,2025,Fall,0,0,0,0,0,0,0
Central Washington University,WA,PUNJAB,Rawalpindi,2024,Fall,0,1,1,1,1,1,1
Central Washington University,WA,GA,Flowery Branch,2025,Fall,0,1,1,1,0,0,0
Central Washington University,WA,CO,Louisville,2025,Fall,0,1,1,1,0,0,0
Central Washington University,WA,,Lagos,2024,Fall,0,0,0,0,0,0,0
Central Washington University,WA,Punjab,Patiala,2024,Fall,0,1,1,0,0,0,0
Central Washington University,WA,IL,Des Plaines,2024,Fall,0,1,1,1,0,0,0
Central Washington University,WA,TX,Kaufman,2025,Fall,0,1,1,1,0,0,0
Central Washington University,WA,MI,Portage,2024,Fall,0,1,1,1,0,0,0
Central Washington University,WA,OR,North Plains,2025,Fall,0,1,1,1,0,0,0
Central Washington University,WA,,Viana,2026,Fall,0,0,0,0,0,0,0
Central Washington University,WA,FL,Riviera Beach,2025,Fall,0,1,1,1,0,0,0
Central Washington University,WA,WY,Glenrock,2025,Fall,0,1,1,1,0,0,0
Central Washington University,WA,CA,Sutter,2024,Fall,0,1,0,0,0,0,0
Central Washington University,WA,UT,Orem,2024,Fall,0,1,0,0,0,0,0
Central Washington University,WA,CA,Lake Forest,2025,Fall,0,2,0,0,0,0,0
Central Washington University,WA,,Colombo,2024,Fall,0,0,0,0,0,0,0
Central Washington University,WA,ID,Lapwai,2024,Fall,0,1,1,1,1,1,1
Central Washington University,WA,MI,Harbor Springs,2025,Fall,0,1,1,1,1,1,1
Central Washington University,WA,OH,Mount Gilead,2025,Fall,0,1,1,1,0,0,0
Central Washington University,WA,CT,Danbury,2025,Fall,0,1,1,1,0,0,0
Central Washington University,WA,MD,Uppr Marlboro,2026,Fall,0,1,1,1,0,0,0
Central Washington University,WA,MN,Excelsior,2025,Fall,0,1,1,1,0,0,0
Central Washington University,WA,CA,Visalia,2025,Fall,0,1,1,1,0,0,0
Central Washington University,WA,CT,Putnam,2025,Fall,0,1,1,0,0,0,0
Central Washington University,WA,GUJRAT,Ahmedabad,2024,Fall,0,1,1,0,0,0,0
Central Washington University,WA,BISHKEK,Bishkek,2026,Fall,0,1,1,0,0,0,0
Central Washington University,WA,NC,Durban ,2025,Fall,0,1,0,0,0,0,0
Central Washington University,WA,GA,Snellville,2025,Fall,0,1,0,0,0,0,0
Central Washington University,WA,CA,Rancho Cucamonga,2025,Fall,0,1,0,0,0,0,0
Central Washington University,WA,CO,Alma,2026,Fall,0,1,1,1,0,0,0
Central Washington University,WA,,Bishkek,2026,Fall,0,0,0,0,0,0,0
Central Washington University,WA,TX,Hurst,2025,Fall,0,1,1,1,0,0,0
Central Washington University,WA,LA,Saint Martinville,2026,Fall,0,1,1,1,0,0,0
Central Washington University,WA,CA,Modesto,2024,Fall,0,1,1,1,0,0,0
Central Washington University,WA,Rhone-Alpes,Meylan,2025,Fall,0,1,1,1,0,0,0
Central Washington University,WA,PA,Glenolden,2026,Fall,0,1,1,1,0,0,0
Central Washington University,WA,VICENZA,Alonte,2024,Fall,0,1,1,0,0,0,0
Central Washington University,WA,Taipei,Taipei,2024,Fall,0,1,1,1,0,0,0
Central Washington University,WA,Abia,Aba,2024,Fall,0,3,3,1,0,0,0
Central Washington University,WA,GU,Santa Rita,2025,Fall,0,1,1,1,0,0,0
Central Washington University,WA,Turkestanskaya oblast',Kentau,2024,Fall,0,1,1,0,0,0,0
Central Washington University,WA,CA,Valley Center,2026,Fall,0,1,1,1,0,0,0
Central Washington University,WA,PA,Avondale,2026,Fall,0,2,1,1,0,0,0
Central Washington University,WA,Fès - Meknès,Fès,2026,Fall,0,1,1,1,0,0,0
Central Washington University,WA,WI,Cottage Grove,2024,Fall,0,1,1,0,0,0,0
Central Washington University,WA,,Kathmandu,2025,Fall,0,0,0,0,0,0,0
Central Washington University,WA,,Honokaa,2025,Fall,0,0,0,0,0,0,0
Central Washington University,WA,WA,Mineral,2026,Fall,0,1,1,1,1,1,1
Central Washington University,WA,AK,Kenai,2025,Fall,0,1,1,1,0,0,0
Central Washington University,WA,AZ,Benson,2024,Fall,0,1,1,1,0,0,0
Central Washington University,WA,CA,Rch Palos Vrd,2025,Fall,0,1,1,1,0,0,0
Central Washington University,WA,,Kombo South,2024,Fall,0,0,0,0,0,0,0
Central Washington University,WA,IL,Summit Argo,2026,Fall,0,1,1,1,0,0,0
Central Washington University,WA,AR,West Memphis,2024,Fall,0,1,1,0,0,0,0
Central Washington University,WA,HARYANA,Panipat,2024,Fall,0,4,4,0,0,0,0
Central Washington University,WA,HARYANA,Karnal,2024,Fall,0,4,4,0,0,0,0
Central Washington University,WA,Andijon viloyati,Andijon,2024,Fall,0,1,1,0,0,0,0
Central Washington University,WA,KWARA,Kwara,2024,Fall,0,1,1,0,0,0,0
Central Washington University,WA,NJ,Rumson,2025,Fall,0,1,1,1,0,0,0
Central Washington University,WA,BARI,Bosaaso,2024,Fall,0,1,1,0,0,0,0
Central Washington University,WA,CA,Granite Bay,2025,Fall,0,2,0,0,0,0,0
Central Washington University,WA,MD,District Hts,2024,Fall,0,2,1,0,0,0,0
Central Washington University,WA,,Almaty,2024,Fall,0,0,0,0,0,0,0
Central Washington University,WA,CA,Truckee,2024,Fall,0,1,0,0,0,0,0
Central Washington University,WA,CA,El Sobrante,2026,Fall,0,1,0,0,0,0,0
Central Washington University,WA,OH,Newton Falls,2024,Fall,0,1,0,0,0,0,0
Central Washington University,WA,,Sosiot,2025,Fall,0,0,0,0,0,0,0
Central Washington University,WA,,Trim,2025,Fall,0,0,0,0,0,0,0
Central Washington University,WA,,"Nampula,",2025,Fall,0,0,0,0,0,0,0
Central Washington University,WA,NY,Fresh Meadows,2024,Fall,0,1,1,1,1,0,1
Central Washington University,WA,PA,Wallingford,2025,Fall,0,1,1,1,0,0,0
Central Washington University,WA,OH,Batavia,2025,Fall,0,1,1,1,0,0,0
Central Washington University,WA,NJ,Cinnaminson,2025,Fall,0,1,1,1,0,0,0
Central Washington University,WA,,Osh,2026,Fall,0,0,0,0,0,0,0
Central Washington University,WA,CA,Elverta,2026,Fall,0,1,1,1,0,0,0
Central Washington University,WA,TX,Dale,2024,Fall,0,1,1,1,0,0,0
Central Washington University,WA,CHUY,Maevka village,2024,Fall,0,1,1,1,0,0,0
Central Washington University,WA,WA,Chelan Falls,2024,Fall,0,1,1,1,0,0,0
Central Washington University,WA,DE,Dover,2025,Fall,0,1,1,1,0,0,0
Central Washington University,WA,WA,Southworth ,2024,Fall,0,1,1,1,0,0,0
Central Washington University,WA,BRIKAMA,Kombo Central,2024,Fall,0,1,1,0,0,0,0
Central Washington University,WA,TX,Azle,2025,Fall,0,1,1,1,0,0,0
Central Washington University,WA,SNNP,Awasa,2024,Fall,0,1,1,0,0,0,0
Central Washington University,WA,,Juba,2024,Fall,0,0,0,0,0,0,0
Central Washington University,WA,MD,Montgomry Vlg,2025,Fall,0,1,1,0,0,0,0
Central Washington University,WA,AL,Fairfield,2024,Fall,0,1,0,0,0,0,0
Central Washington University,WA,Margibi,Monrovia,2024,Fall,0,1,0,0,0,0,0
Central Washington University,WA,TX,Elgin,2025,Fall,0,1,1,0,0,0,0
Central Washington University,WA,,Pasco,2025,Fall,0,0,0,0,0,0,0
Central Washington University,WA,MA,Weymouth,2026,Fall,0,1,1,1,1,1,1
Central Washington University,WA,,,2026,Fall,0,0,0,0,0,0,0
Central Washington University,WA,,Sulaymaniyah,2024,Fall,0,0,0,0,0,0,0
Central Washington University,WA,TX,Lakehills,2026,Fall,0,1,1,1,0,0,0
Central Washington University,WA,WA,Riverside,2026,Fall,0,2,2,1,0,0,0
Central Washington University,WA,Rajshahi,Sirajganj,2024,Fall,0,1,1,0,0,0,0
Central Washington University,WA,VA,Stafford,2024,Fall,0,2,2,2,0,0,0
Central Washington University,WA,MT,Gallatin Gtwy,2024,Fall,0,1,1,1,0,0,0
Central Washington University,WA,VA,Harrisonburg,2024,Fall,0,1,1,1,0,0,0
Central Washington University,WA,GU,Tamuning,2024,Fall,0,3,2,2,0,0,0
Central Washington University,WA,LUANDA,Luanda,2024,Fall,0,1,1,0,0,0,0
Central Washington University,WA,WI,Milton,2026,Fall,0,1,1,0,0,0,0
Central Washington University,WA,,Hyderabad,2024,Fall,0,0,0,0,0,0,0
Central Washington University,WA,AZ,Queen Creek,2024,Fall,0,2,1,0,0,0,0
Central Washington University,WA,,Lalitpur,2024,Fall,0,0,0,0,0,0,0
Central Washington University,WA,PUNJAB,Sialkot cantt,2024,Fall,0,1,1,0,0,0,0
Central Washington University,WA,MN,Brooklyn Park,2026,Fall,0,1,1,0,0,0,0
Central Washington University,WA,Ashanti region,Kumasi,2024,Fall,0,1,1,0,0,0,0
Central Washington University,WA,OR,Sandy,2024,Fall,0,1,0,0,0,0,0
Central Washington University,WA,PA,Fairview,2024,Fall,0,1,1,1,1,1,1
Central Washington University,WA,,Pago pago,2026,Fall,0,0,0,0,0,0,0
Central Washington University,WA,OR,Sisters,2025,Fall,0,1,1,1,1,1,1
Central Washington University,WA,GAUTENG,Johannesburg,2024,Fall,0,1,1,1,0,0,0
Central Washington University,WA,NJ,Cherry Hill,2025,Fall,0,1,1,1,0,0,0
Central Washington University,WA,MD,Glenn Dale,2024,Fall,0,1,1,0,0,0,0
Central Washington University,WA,CO,Craig,2024,Fall,0,1,1,1,0,0,0
Central Washington University,WA,MN,Duluth,2025,Fall,0,1,1,1,0,0,0
Central Washington University,WA,CO,Salida,2025,Fall,0,1,1,1,0,0,0
Central Washington University,WA,OR,Klamath Falls,2024,Fall,0,3,3,2,0,0,0
Central Washington University,WA,,Oromia,2024,Fall,0,0,0,0,0,0,0
Central Washington University,WA,IL,Aurora,2026,Fall,0,2,2,2,0,0,0
Central Washington University,WA,MA,Pittsfield,2024,Fall,0,1,1,1,0,0,0
Central Washington University,WA,AL,Owens Cross Roads,2026,Fall,0,1,1,1,0,0,0
Central Washington University,WA,FL,Cutler Bay,2024,Fall,0,1,1,1,0,0,0
Central Washington University,WA,WY,Gillette,2026,Fall,0,1,1,0,0,0,0
Central Washington University,WA,EBUTTEMETTA,Lagos,2024,Fall,0,1,1,0,0,0,0
Central Washington University,WA,Lagos,Bariga,2025,Fall,0,1,0,0,0,0,0
Central Washington University,WA,MO,Springfield,2026,Fall,0,1,0,0,0,0,0
Central Washington University,WA,NV,Incline Village,2025,Fall,0,1,0,0,0,0,0
Central Washington University,WA,,Dubai,2026,Fall,0,0,0,0,0,0,0
Central Washington University,WA,IL,Gilberts,2026,Fall,0,1,1,1,1,1,1
Central Washington University,WA,AR,Cherokee Vlg,2024,Fall,0,1,1,1,1,0,1
Central Washington University,WA,AZ,Florence,2025,Fall,0,1,1,1,1,1,1
Central Washington University,WA,,Kulob city,2024,Fall,0,0,0,0,0,0,0
Central Washington University,WA,,Kampala,2024,Fall,0,0,0,0,0,0,0
Central Washington University,WA,WA,buena,2025,Fall,0,1,1,1,0,0,0
Central Washington University,WA,GA,Monroe,2025,Fall,0,1,1,0,0,0,0
Central Washington University,WA,LAGOS,Alagbado,2024,Fall,0,1,1,1,0,0,0
Central Washington University,WA,NY,Mount Vernon,2024,Fall,0,1,1,1,0,0,0
Central Washington University,WA,MI,Detroit,2024,Fall,0,1,1,1,0,0,0
Central Washington University,WA,CO,Alamosa,2024,Fall,0,1,1,1,0,0,0
Central Washington University,WA,NEW PROVIDENCE,Nassau,2025,Fall,0,1,1,1,0,0,0
Central Washington University,WA,WA,Port Ludlow,2024,Fall,0,1,1,1,0,0,0
Central Washington University,WA,MD,Reisterstown,2025,Fall,0,1,1,0,0,0,0
Central Washington University,WA,NEW PROVIDENCE,Nassau,2024,Fall,0,2,2,2,0,0,0
Central Washington University,WA,WA,Vaughn ,2024,Fall,0,1,0,0,0,0,0
Central Washington University,WA,GA,Augusta,2025,Fall,0,1,0,0,0,0,0
Central Washington University,WA,,Santiago,2025,Fall,0,0,0,0,0,0,0
Central Washington University,WA,MO,Raymore,2024,Fall,0,1,0,0,0,0,0
Central Washington University,WA,,Mankessim,2025,Fall,0,0,0,0,0,0,0
Central Washington University,WA,AL,Brewton,2026,Fall,0,1,1,1,1,1,1
Central Washington University,WA,GA,Hiram,2025,Fall,0,1,1,1,1,0,1
Central Washington University,WA,MD,Damascus,2025,Fall,0,1,1,1,0,0,0
Central Washington University,WA,,Wien,2024,Fall,0,0,0,0,0,0,0
Central Washington University,WA,Northern,Tamale,2024,Fall,0,1,1,1,0,0,0
Central Washington University,WA,CO,Monument,2025,Fall,0,1,1,1,0,0,0
Central Washington University,WA,PLATEAU STATE,Jos,2024,Fall,0,1,1,0,0,0,0
Central Washington University,WA,Bagmati,Kathmandu,2024,Fall,0,1,1,0,0,0,0
Central Washington University,WA,OR,Pleasant Hill,2025,Fall,0,1,1,1,0,0,0
Central Washington University,WA,MN,Rochester,2026,Fall,0,1,1,1,0,0,0
Central Washington University,WA,CA,Union City,2025,Fall,0,1,1,0,0,0,0
Central Washington University,WA,GA,McDonough,2026,Fall,0,1,1,0,0,0,0
Central Washington University,WA,NAIROBI,Nairobi,2024,Fall,0,2,2,0,0,0,0
Central Washington University,WA,MD,Bethesda,2024,Fall,0,1,1,1,0,0,0
Central Washington University,WA,WA,vancouver,2024,Fall,0,1,1,0,0,0,0
Central Washington University,WA,CA,Portola,2025,Fall,0,1,0,0,0,0,0
Central Washington University,WA,WA,Wauconda,2025,Fall,0,1,0,0,0,0,0
Central Washington University,WA,WA,Redmond ,2026,Fall,0,1,0,0,0,0,0
Central Washington University,WA,OH,Dayton,2025,Fall,0,1,0,0,0,0,0
Central Washington University,WA,TX,Anahuac,2026,Fall,0,1,0,0,0,0,0
Central Washington University,WA,,Abuja,2025,Fall,0,0,0,0,0,0,0
Central Washington University,WA,,Port-Harcourt,2025,Fall,0,0,0,0,0,0,0
Central Washington University,WA,PA,Glenside,2025,Fall,0,1,1,1,0,0,0
Central Washington University,WA,,Nookat,2026,Fall,0,0,0,0,0,0,0
Central Washington University,WA,DE,Wilmington,2026,Fall,0,1,1,1,0,0,0
Central Washington University,WA,Abia state,Aba,2024,Fall,0,2,2,1,0,0,0
Central Washington University,WA,GA,Augusta,2026,Fall,0,2,1,0,0,0,0
Central Washington University,WA,TX,Dickinson,2026,Fall,0,1,1,1,0,0,0
Central Washington University,WA,MD,Waldorf,2024,Fall,0,1,1,1,0,0,0
Central Washington University,WA,,Adama,2024,Fall,0,0,0,0,0,0,0
Central Washington University,WA,MD,Westminster,2024,Fall,0,1,1,1,0,0,0
Central Washington University,WA,TURKMENISTAN,Ashgabat,2026,Fall,0,1,1,0,0,0,0
Central Washington University,WA,NJ,Monmouth Junction,2025,Fall,0,1,0,0,0,0,0
Central Washington University,WA,IL,South Elgin,2024,Fall,0,1,0,0,0,0,0
Central Washington University,WA,Western Cape,Cape Town,2026,Fall,0,1,0,0,0,0,0
Central Washington University,WA,KS,Salina,2025,Fall,0,1,0,0,0,0,0
Central Washington University,WA,,Bergamo,2024,Fall,0,0,0,0,0,0,0
Central Washington University,WA,CA,Cypress,2024,Fall,0,1,1,1,1,0,1
Central Washington University,WA,FL,Deland,2026,Fall,0,1,1,1,1,1,1
Central Washington University,WA,HI,Mt View,2024,Fall,0,1,1,1,0,0,0
Central Washington University,WA,WA,Darrington,2025,Fall,0,2,2,1,0,0,0
Central Washington University,WA,AZ,Waddell,2024,Fall,0,1,1,1,0,0,0
Central Washington University,WA,NC,Jamestown,2025,Fall,0,1,1,1,0,0,0
Central Washington University,WA,CO,Edgewater,2026,Fall,0,1,1,1,0,0,0
Central Washington University,WA,NY,New Paltz,2024,Fall,0,1,1,1,0,0,0
Central Washington University,WA,AL,Atmore,2026,Fall,0,1,1,1,0,0,0
Central Washington University,WA,OK,Hennessey,2026,Fall,0,1,1,0,0,0,0
Central Washington University,WA,AZ,Miami,2025,Fall,0,1,1,0,0,0,0
Central Washington University,WA,Khorezm,Yangiraik,2024,Fall,0,1,1,0,0,0,0
Central Washington University,WA,AZ,Coolidge,2026,Fall,0,2,1,0,0,0,0
Central Washington University,WA,,Eatonville,2025,Fall,0,0,0,0,0,0,0
Central Washington University,WA,MA,Dover,2026,Fall,0,1,1,1,1,1,1
Central Washington University,WA,CO,Twin Lakes,2024,Fall,0,1,1,1,1,1,1
Central Washington University,WA,WI,Greendale,2025,Fall,0,1,1,1,0,0,0
Central Washington University,WA,FL,Ocala,2025,Fall,0,1,1,1,0,0,0
Central Washington University,WA,ABIA,Aba,2024,Fall,0,8,8,5,0,0,0
Central Washington University,WA,NH,Contoocook,2026,Fall,0,1,1,1,0,0,0
Central Washington University,WA,NY,Geneseo,2026,Fall,0,1,1,1,0,0,0
Central Washington University,WA,WA,preist rapids,2024,Fall,0,1,1,1,0,0,0
Central Washington University,WA,NY,Buffalo,2024,Fall,0,2,2,2,0,0,0
Central Washington University,WA,AB,Calgary,2026,Fall,0,2,1,1,0,0,0
Central Washington University,WA,MI,Pontiac,2024,Fall,0,1,1,1,0,0,0
Central Washington University,WA,IL,Glen Ellyn,2024,Fall,0,1,1,1,0,0,0
Central Washington University,WA,GU,Yigo,2026,Fall,0,1,1,0,0,0,0
Central Washington University,WA,OH,Worthington,2024,Fall,0,1,1,1,0,0,0
Central Washington University,WA,NC,Clayton,2024,Fall,0,1,1,1,0,0,0
Central Washington University,WA,OH,Canton,2024,Fall,0,1,1,0,0,0,0
Central Washington University,WA,,Chirakchi,2024,Fall,0,0,0,0,0,0,0
Central Washington University,WA,MO,Overland,2025,Fall,0,1,1,0,0,0,0
Central Washington University,WA,NY,Herkimer,2024,Fall,0,1,1,0,0,0,0
Central Washington University,WA,WA,Riverside,2025,Fall,0,1,0,0,0,0,0
Central Washington University,WA,NC,Cleveland,2026,Fall,0,1,0,0,0,0,0
Central Washington University,WA,KURDISTAN,Ghorveh,2024,Fall,0,1,1,0,0,0,0
Central Washington University,WA,MS,Southaven,2025,Fall,0,1,0,0,0,0,0
Central Washington University,WA,MI,Portage,2025,Fall,0,1,0,0,0,0,0
Central Washington University,WA,TX,La Marque,2024,Fall,0,1,0,0,0,0,0
Central Washington University,WA,WA,,2025,Fall,0,0,0,0,0,0,0
Central Washington University,WA,ID,Sagle,2024,Fall,0,2,2,1,1,0,1
Central Washington University,WA,VA,Leesburg,2025,Fall,0,1,1,1,0,0,0
Central Washington University,WA,CA,Trabuco Cyn,2024,Fall,0,2,2,2,0,0,0
Central Washington University,WA,CA,El Cajon,2024,Fall,0,2,2,1,0,0,0
Central Washington University,WA,CA,Redondo Beach,2024,Fall,0,2,2,2,0,0,0
Central Washington University,WA,NY,Shirley,2026,Fall,0,1,1,1,0,0,0
Central Washington University,WA,TALAS,Talas,2024,Fall,0,1,1,1,0,0,0
Central Washington University,WA,OR,Astoria,2025,Fall,0,1,1,1,0,0,0
Central Washington University,WA,FL,Ft Walton Bch,2024,Fall,0,1,1,1,0,0,0
Central Washington University,WA,xatirchi,Navoi,2024,Fall,0,1,1,0,0,0,0
Central Washington University,WA,VA,Aldie,2024,Fall,0,1,1,1,0,0,0
Central Washington University,WA,NM,Mescalero,2026,Fall,0,1,1,0,0,0,0
Central Washington University,WA,GA,Douglasville,2024,Fall,0,1,1,0,0,0,0
Central Washington University,WA,MA,Winthrop,2024,Fall,0,1,1,0,0,0,0
Central Washington University,WA,,Douala,2026,Fall,0,0,0,0,0,0,0
Central Washington University,WA,,Londrina,2026,Fall,0,0,0,0,0,0,0
Central Washington University,WA,MO,Steelville,2024,Fall,0,1,0,0,0,0,0
Central Washington University,WA,GA,Savannah,2025,Fall,0,1,0,0,0,0,0
Central Washington University,WA,OH,Euclid,2025,Fall,0,2,2,2,1,1,1
Central Washington University,WA,WA,Odessa,2026,Fall,0,1,1,1,1,1,1
Central Washington University,WA,WI,Deforest,2026,Fall,0,1,1,1,1,1,1
Central Washington University,WA,CA,Corona,2024,Fall,0,3,3,3,1,1,1
Central Washington University,WA,NY,Milton,2024,Fall,0,1,1,1,0,0,0
Central Washington University,WA,,"APO, Ap 96273",2024,Fall,0,0,0,0,0,0,0
Central Washington University,WA,,Adiss Ababa,2024,Fall,0,0,0,0,0,0,0
Central Washington University,WA,WA,Medina,2024,Fall,0,2,2,2,0,0,0
Central Washington University,WA,WA,Anderson Is,2024,Fall,0,1,1,1,0,0,0
Central Washington University,WA,VA,Glade Spring,2024,Fall,0,1,1,1,0,0,0
Central Washington University,WA,Farg'ona viloyati,Oltiariq tumani,2024,Fall,0,1,1,1,0,0,0
Central Washington University,WA,CA,Orinda,2026,Fall,0,1,1,1,0,0,0
Central Washington University,WA,NE,Lincoln,2024,Fall,0,1,1,1,0,0,0
Central Washington University,WA,AK,Soldotna,2025,Fall,0,1,0,0,0,0,0
Central Washington University,WA,WA,tacoma,2024,Fall,0,1,0,0,0,0,0
Central Washington University,WA,PA,Cochranville,2026,Fall,0,1,0,0,0,0,0
Central Washington University,WA,GA,Powder Springs,2025,Fall,0,1,0,0,0,0,0
Central Washington University,WA,,Hagatna,2025,Fall,0,0,0,0,0,0,0
Central Washington University,WA,CA,Dublin,2024,Fall,0,2,2,1,0,0,0
Central Washington University,WA,MO,Aurora,2025,Fall,0,1,1,1,0,0,0
Central Washington University,WA,CO,Castle Pines,2024,Fall,0,1,1,0,0,0,0
Central Washington University,WA,TX,Kyle,2024,Fall,0,1,1,1,0,0,0
Central Washington University,WA,MO,Schell City,2026,Fall,0,1,1,1,0,0,0
Central Washington University,WA,CA,Concord,2025,Fall,0,1,1,1,0,0,0
Central Washington University,WA,UT,Elk Ridge,2026,Fall,0,1,1,1,0,0,0
Central Washington University,WA,MA,Medfield,2024,Fall,0,1,1,0,0,0,0
Central Washington University,WA,ESPÍRITO SANTO,Guarapari,2024,Fall,0,1,1,1,0,0,0
Central Washington University,WA,TX,Prosper,2024,Fall,0,1,1,1,0,0,0
Central Washington University,WA,,Quan Dong Da,2024,Fall,0,0,0,0,0,0,0
Central Washington University,WA,CO,Monument,2024,Fall,0,1,1,1,0,0,0
Central Washington University,WA,MA,Wilbraham,2026,Fall,0,1,1,1,0,0,0
Central Washington University,WA,LEMI KURA,Addis Ababa,2024,Fall,0,1,1,0,0,0,0
Central Washington University,WA,UT,Grantsville,2025,Fall,0,1,1,0,0,0,0
Central Washington University,WA,,Itabuna,2024,Fall,0,0,0,0,0,0,0
Central Washington University,WA,AK,Fort Wainwright,2024,Fall,0,1,1,0,0,0,0
Central Washington University,WA,AL,Tuscaloosa,2025,Fall,0,1,0,0,0,0,0
Central Washington University,WA,TN,Smyrna,2026,Fall,0,1,0,0,0,0,0
Central Washington University,WA,CT,Groton,2025,Fall,0,1,0,0,0,0,0
Central Washington University,WA,,Riverside,2025,Fall,0,0,0,0,0,0,0
Central Washington University,WA,,Bournemouth,2026,Fall,0,0,0,0,0,0,0
Central Washington University,WA,BISHKEK,Bishkek,2024,Fall,0,2,2,1,0,0,0
Central Washington University,WA,CO,Aspen,2024,Fall,0,1,1,1,0,0,0
Central Washington University,WA,SAMARKAND,Bulungur,2024,Fall,0,1,1,1,0,0,0
Central Washington University,WA,ID,Victor,2025,Fall,0,1,1,1,0,0,0
Central Washington University,WA,AZ,Sahuarita,2026,Fall,0,1,1,1,0,0,0
Central Washington University,WA,CT,Darien,2025,Fall,0,1,1,1,0,0,0
Central Washington University,WA,SC,Pageland,2026,Fall,0,1,1,1,0,0,0
Central Washington University,WA,IL,Hoffman Est,2026,Fall,0,1,1,0,0,0,0
Central Washington University,WA,CT,Greenwich,2024,Fall,0,1,1,0,0,0,0
Central Washington University,WA,OK,Duncan,2025,Fall,0,1,1,1,0,0,0
Central Washington University,WA,WI,Cornell,2026,Fall,0,1,1,0,0,0,0
Central Washington University,WA,GU,Tamuning,2025,Fall,0,1,1,1,0,0,0
Central Washington University,WA,,Kitwe,2024,Fall,0,0,0,0,0,0,0
Central Washington University,WA,NJ,Jersey City,2024,Fall,0,1,1,0,0,0,0
Central Washington University,WA,CA,Fair Oaks,2026,Fall,0,1,0,0,0,0,0
Central Washington University,WA,TX,Abilene,2026,Fall,0,1,0,0,0,0,0
Central Washington University,WA,TURKEY,Izmir,2024,Fall,0,2,2,0,0,0,0
Central Washington University,WA,,Multan,2026,Fall,0,0,0,0,0,0,0
Central Washington University,WA,TX,Grand Prairie,2024,Fall,0,1,1,1,1,1,1
Central Washington University,WA,VA,Petersburg,2024,Fall,0,1,1,1,1,1,1
Central Washington University,WA,WA,Fowler rd 1308,2025,Fall,0,1,1,1,1,0,1
Central Washington University,WA,MN,Hastings,2024,Fall,0,1,1,1,1,0,1
Central Washington University,WA,CA,Sonoma,2024,Fall,0,1,1,1,0,0,0
Central Washington University,WA,AZ,Paradise Vly,2025,Fall,0,1,1,1,0,0,0
Central Washington University,WA,OH,Canal Fulton,2024,Fall,0,1,1,1,0,0,0
Central Washington University,WA,CA,Blocksburg,2024,Fall,0,1,1,1,0,0,0
Central Washington University,WA,PUNJAB,Lahore,2024,Fall,0,2,2,1,0,0,0
Central Washington University,WA,PA,Wayne,2026,Fall,0,1,1,0,0,0,0
Central Washington University,WA,,Içmeler,2024,Fall,0,0,0,0,0,0,0
Central Washington University,WA,GA,Athens,2026,Fall,0,1,1,0,0,0,0
Central Washington University,WA,AZ,San Tan Valley,2026,Fall,0,1,0,0,0,0,0
Central Washington University,WA,ME,Limestone,2025,Fall,0,1,0,0,0,0,0
Central Washington University,WA,,Monrovia,2025,Fall,0,0,0,0,0,0,0
Central Washington University,WA,,Vancouver,2025,Fall,0,0,0,0,0,0,0
Central Washington University,WA,MS,Stennis Space Center,2026,Fall,0,1,1,1,1,1,1
Central Washington University,WA,TX,Leander,2025,Fall,0,2,1,1,0,0,0
Central Washington University,WA,IL,Plainfield,2024,Fall,0,1,1,1,0,0,0
Central Washington University,WA,CA,Thousand Oaks,2024,Fall,0,2,2,2,0,0,0
Central Washington University,WA,AZ,Glendale,2024,Fall,0,1,1,1,0,0,0
Central Washington University,WA,BALOCHISTAN,Quetta,2024,Fall,0,1,1,0,0,0,0
Central Washington University,WA,CA,Santa Paula,2026,Fall,0,1,1,1,0,0,0
Central Washington University,WA,NJ,Ridgewood,2024,Fall,0,1,1,0,0,0,0
Central Washington University,WA,DELTA,Warri,2024,Fall,0,1,1,0,0,0,0
Central Washington University,WA,IL,Calumet City,2026,Fall,0,1,1,1,0,0,0
Central Washington University,WA,OH,Glouster,2025,Fall,0,1,1,0,0,0,0
Central Washington University,WA,,Hawassa,2024,Fall,0,0,0,0,0,0,0
Central Washington University,WA,MO,Springfield ,2025,Fall,0,1,0,0,0,0,0
Central Washington University,WA,WA,Federal way ,2025,Fall,0,1,0,0,0,0,0
Central Washington University,WA,MD,Suitland,2024,Fall,0,1,0,0,0,0,0
Central Washington University,WA,,Surat,2024,Fall,0,0,0,0,0,0,0
Central Washington University,WA,,Luderitz,2026,Fall,0,0,0,0,0,0,0
Central Washington University,WA,NY,Syracuse,2025,Fall,0,1,0,0,0,0,0
Central Washington University,WA,,Surco,2025,Fall,0,0,0,0,0,0,0
Central Washington University,WA,WA,Deming,2024,Fall,0,1,1,1,1,1,1
Central Washington University,WA,Enugu,Enugu,2024,Fall,0,1,1,1,1,1,1
Central Washington University,WA,WA,Union gap,2024,Fall,0,1,1,1,1,1,1
Central Washington University,WA,IL,Bolingbrook,2025,Fall,0,2,2,2,1,0,1
Central Washington University,WA,ZHAMBYL,Taraz,2024,Fall,0,1,1,1,0,0,0
Central Washington University,WA,CA,Vista,2025,Fall,0,1,1,1,0,0,0
Central Washington University,WA,IL,Buffalo Grove,2024,Fall,0,1,1,1,0,0,0
Central Washington University,WA,CO,Glenwood Spgs,2024,Fall,0,1,1,0,0,0,0
Central Washington University,WA,KISII,Kisii,2024,Fall,0,1,1,0,0,0,0
Central Washington University,WA,Central Equatorial Region,Juba,2024,Fall,0,1,1,0,0,0,0
Central Washington University,WA,ADIS ABEBA [ADDIS ABABA],Addis Abeba,2024,Fall,0,1,1,0,0,0,0
Central Washington University,WA,ID,Iona,2025,Fall,0,1,0,0,0,0,0
Central Washington University,WA,ANDIJON VILOYATI,Izboskan tumani,2024,Fall,0,1,1,0,0,0,0
Central Washington University,WA,WA,Deming,2025,Fall,0,1,0,0,0,0,0
Central Washington University,WA,WA,Spanaway ,2024,Fall,0,1,0,0,0,0,0
Central Washington University,WA,,North Adelaide,2026,Fall,0,0,0,0,0,0,0
Central Washington University,WA,TX,Mountain Home,2025,Fall,0,1,0,0,0,0,0
Central Washington University,WA,,Carpenedolo,2025,Fall,0,0,0,0,0,0,0
Central Washington University,WA,,???,2026,Fall,0,0,0,0,0,0,0
Central Washington University,WA,NV,Minden,2026,Fall,0,1,1,1,1,1,1
Central Washington University,WA,OR,Amity,2024,Fall,0,1,1,1,1,0,1
Central Washington University,WA,WA,Lake Forest Park,2024,Fall,0,1,1,1,1,1,1
Central Washington University,WA,AL,Florence,2024,Fall,0,1,1,1,0,0,0
Central Washington University,WA,AZ,Goodyear,2026,Fall,0,1,1,1,0,0,0
Central Washington University,WA,,Ebubonko,2024,Fall,0,0,0,0,0,0,0
Central Washington University,WA,TX,Porter,2026,Fall,0,1,1,1,0,0,0
Central Washington University,WA,MS,Ocean Springs,2026,Fall,0,1,1,1,0,0,0
Central Washington University,WA,MN,Prior Lake,2025,Fall,0,1,1,1,0,0,0
Central Washington University,WA,MN,Elk River,2024,Fall,0,2,1,1,0,0,0
Central Washington University,WA,,Port Harcourt,2024,Fall,0,0,0,0,0,0,0
Central Washington University,WA,ID,Saint Maries,2026,Fall,0,1,1,1,0,0,0
Central Washington University,WA,,Kitab,2024,Fall,0,0,0,0,0,0,0
Central Washington University,WA,CA,Antelope,2024,Fall,0,1,0,0,0,0,0
Central Washington University,WA,Lagunes,Abidjan,2025,Fall,0,1,0,0,0,0,0
Central Washington University,WA,BC,Chilliwack,2025,Fall,0,1,0,0,0,0,0
Central Washington University,WA,WA,Marblemount,2025,Fall,0,1,0,0,0,0,0
Central Washington University,WA,MO,Lake Saint Louis,2026,Fall,0,1,1,1,1,1,1
Central Washington University,WA,Paraná,Maringá,2024,Fall,0,1,1,1,0,0,0
Central Washington University,WA,,Sunyani,2024,Fall,0,0,0,0,0,0,0
Central Washington University,WA,GA,Suwanee,2024,Fall,0,1,1,1,0,0,0
Central Washington University,WA,WA,Fairfield,2024,Fall,0,2,2,1,0,0,0
Central Washington University,WA,FL,Holiday,2026,Fall,0,1,1,1,0,0,0
Central Washington University,WA,WA,Friday harbor,2025,Fall,0,1,1,1,0,0,0
Central Washington University,WA,FL,Miami Beach,2024,Fall,0,1,1,1,0,0,0
Central Washington University,WA,NM,Raton,2025,Fall,0,1,1,0,0,0,0
Central Washington University,WA,MD,Oxon Hill,2026,Fall,0,1,1,0,0,0,0
Central Washington University,WA,NORTHWESTERN,Solwezi,2024,Fall,0,1,1,0,0,0,0
Central Washington University,WA,Addis Ababa,Addis Abeba,2024,Fall,0,3,2,0,0,0,0
Central Washington University,WA,,Kant,2026,Fall,0,0,0,0,0,0,0
Central Washington University,WA,CA,Lake Elsinore,2024,Fall,0,1,0,0,0,0,0
Central Washington University,WA,WI,Waunakee,2024,Fall,0,1,0,0,0,0,0
Central Washington University,WA,PA,Lincoln University,2026,Fall,0,1,0,0,0,0,0
Central Washington University,WA,VA,Harrisonburg,2025,Fall,0,1,0,0,0,0,0
Central Washington University,WA,,Daet,2024,Fall,0,0,0,0,0,0,0
Central Washington University,WA,WA,lakebay ,2024,Fall,0,1,1,1,1,1,1
Central Washington University,WA,,Meherpur,2025,Fall,0,0,0,0,0,0,0
Central Washington University,WA,GA,Sugar Hill,2026,Fall,0,1,1,1,1,1,1
Central Washington University,WA,LA,Ruston,2025,Fall,0,2,1,1,0,0,0
Central Washington University,WA,WA,Rosalia,2024,Fall,0,1,1,1,0,0,0
Central Washington University,WA,PA,Plumsteadvlle,2026,Fall,0,1,1,1,0,0,0
Central Washington University,WA,ME,Ellsworth,2024,Fall,0,1,1,1,0,0,0
Central Washington University,WA,ABU DHABI,Abu Dhabi,2024,Fall,0,1,1,1,0,0,0
Central Washington University,WA,CO,Louisville,2026,Fall,0,1,1,1,0,0,0
Central Washington University,WA,NY,Hamilton,2024,Fall,0,1,1,1,0,0,0
Central Washington University,WA,FL,Fort Walton Beach,2026,Fall,0,1,1,0,0,0,0
Central Washington University,WA,MN,Winona,2026,Fall,0,1,1,1,0,0,0
Central Washington University,WA,TX,Cypress,2025,Fall,0,1,1,0,0,0,0
Central Washington University,WA,MT,Columbia Fls,2024,Fall,0,2,2,1,0,0,0
Central Washington University,WA,MI,Interlochen,2026,Fall,0,2,2,2,0,0,0
Central Washington University,WA,AK,Haines,2025,Fall,0,1,1,0,0,0,0
Central Washington University,WA,WI,Beloit,2025,Fall,0,1,1,0,0,0,0
Central Washington University,WA,IL,Vienna,2026,Fall,0,1,0,0,0,0,0
Central Washington University,WA,,Namangan,2024,Fall,0,0,0,0,0,0,0
Central Washington University,WA,AZ,San Luis,2024,Fall,0,1,0,0,0,0,0
Central Washington University,WA,OR,Fall Creek,2025,Fall,0,1,0,0,0,0,0
Central Washington University,WA,KS,Garden City,2025,Fall,0,1,0,0,0,0,0
Central Washington University,WA,OR,Ashland,2024,Fall,0,1,0,0,0,0,0
Central Washington University,WA,HI,Papaikou,2024,Fall,0,1,1,1,1,1,1
Central Washington University,WA,UT,Farmington,2026,Fall,0,1,1,1,1,0,1
Central Washington University,WA,WA,Lynwood,2026,Fall,0,2,1,1,0,0,0
Central Washington University,WA,MN,Northfield,2024,Fall,0,1,1,1,0,0,0
Central Washington University,WA,,Ha Noi,2024,Fall,0,0,0,0,0,0,0
Central Washington University,WA,MD,Newburg,2024,Fall,0,1,1,1,0,0,0
Central Washington University,WA,CT,Uncasville,2025,Fall,0,1,1,0,0,0,0
Central Washington University,WA,CA,Santa Clarita,2024,Fall,0,1,1,1,0,0,0
Central Washington University,WA,MN,Saint Cloud,2024,Fall,0,1,0,0,0,0,0
Central Washington University,WA,,Auburn,2026,Fall,0,0,0,0,0,0,0
Central Washington University,WA,,Kharshi,2024,Fall,0,0,0,0,0,0,0
Central Washington University,WA,WA,Wallula,2024,Fall,0,1,0,0,0,0,0
Central Washington University,WA,KY,Sonora,2026,Fall,0,1,0,0,0,0,0
Central Washington University,WA,,Addis Ababa,2024,Fall,0,0,0,0,0,0,0
Central Washington University,WA,MA,New Bedford,2024,Fall,0,1,1,1,1,1,1
Central Washington University,WA,TN,Knoxville,2024,Fall,0,1,1,1,1,1,1
Central Washington University,WA,KABUL,Kabul,2024,Fall,0,1,1,1,0,0,0
Central Washington University,WA,TX,Rosenberg,2025,Fall,0,1,1,1,0,0,0
Central Washington University,WA,Almaty region,Almaty,2024,Fall,0,1,1,1,0,0,0
Central Washington University,WA,WV,Mount Hope,2025,Fall,0,1,1,1,0,0,0
Central Washington University,WA,SC,Bowman,2024,Fall,0,1,1,1,0,0,0
Central Washington University,WA,IL,Saint Charles,2026,Fall,0,1,1,1,0,0,0
Central Washington University,WA,NY,Yonkers,2025,Fall,0,1,1,1,0,0,0
Central Washington University,WA,NC,Greensboro,2024,Fall,0,1,1,1,0,0,0
Central Washington University,WA,Harare Metropolitan,Harare,2024,Fall,0,1,1,1,0,0,0
Central Washington University,WA,WA,Buena,2026,Fall,0,3,3,1,0,0,0
Central Washington University,WA,ABIA STATE,Aba,2024,Fall,0,4,4,2,0,0,0
Central Washington University,WA,VILLAGE,Gulistan,2024,Fall,0,1,1,0,0,0,0
Central Washington University,WA,NY,Staten Island,2024,Fall,0,2,1,0,0,0,0
Central Washington University,WA,CA,N Highlands,2024,Fall,0,1,1,0,0,0,0
Central Washington University,WA,,Berlin,2024,Fall,0,0,0,0,0,0,0
Central Washington University,WA,FL,Wellington,2024,Fall,0,2,1,1,0,0,0
Central Washington University,WA,WA,,2024,Fall,0,0,0,0,0,0,0
Central Washington University,WA,WA,Bonney lake,2025,Fall,0,1,0,0,0,0,0
Central Washington University,WA,ID,Ponderay,2026,Fall,0,2,0,0,0,0,0
Central Washington University,WA,,Kwara,2025,Fall,0,0,0,0,0,0,0
Central Washington University,WA,,Dhaka,2026,Fall,0,0,0,0,0,0,0
Central Washington University,WA,,Qazvin,2025,Fall,0,0,0,0,0,0,0
Central Washington University,WA,CA,Menifee,2024,Fall,0,1,1,1,0,0,0
Central Washington University,WA,,Kumasi,2024,Fall,0,0,0,0,0,0,0
Central Washington University,WA,CA,Cayucos,2026,Fall,0,1,1,1,0,0,0
Central Washington University,WA,NY,Yonkers,2024,Fall,0,1,1,1,0,0,0
Central Washington University,WA,Delhi,New Delhi,2026,Fall,0,1,1,1,0,0,0
Central Washington University,WA,CA,S San Fran,2026,Fall,0,1,1,1,0,0,0
Central Washington University,WA,IA,Johnston,2024,Fall,0,1,1,1,0,0,0
Central Washington University,WA,AZ,Flagstaff,2025,Fall,0,1,1,0,0,0,0
Central Washington University,WA,OR,Toledo,2026,Fall,0,1,1,1,0,0,0
Central Washington University,WA,WA,Woodway,2026,Fall,0,3,3,2,0,0,0
Central Washington University,WA,NY,Rosedale,2024,Fall,0,1,1,1,0,0,0
Central Washington University,WA,GA,Lithonia,2024,Fall,0,1,1,0,0,0,0
Central Washington University,WA,CA,Tuolumne,2024,Fall,0,1,0,0,0,0,0
Central Washington University,WA,OR,Baker City,2025,Fall,0,2,0,0,0,0,0
Central Washington University,WA,,Seattle,2026,Fall,0,0,0,0,0,0,0
Central Washington University,WA,,Yangon,2024,Fall,0,0,0,0,0,0,0
Central Washington University,WA,,Addis Abeba,2024,Fall,0,0,0,0,0,0,0
Central Washington University,WA,,Gusau,2025,Fall,0,0,0,0,0,0,0
Central Washington University,WA,OH,Norwich,2026,Fall,0,1,1,1,1,1,1
Central Washington University,WA,CA,San Luis Obispo,2025,Fall,0,1,1,1,1,1,1
Central Washington University,WA,NY,Poughkeepsie,2026,Fall,0,1,1,1,1,1,1
Central Washington University,WA,WY,Powell,2025,Fall,0,1,1,1,1,1,1
Central Washington University,WA,ID,Priest River,2024,Fall,0,2,1,1,1,1,1
Central Washington University,WA,NM,Crownpoint,2026,Fall,0,1,1,1,1,1,1
Central Washington University,WA,MI,Marine City,2026,Fall,0,1,1,1,0,0,0
Central Washington University,WA,AR,Fayetteville,2024,Fall,0,1,1,1,0,0,0
Central Washington University,WA,,Abu Dhabi,2025,Fall,0,0,0,0,0,0,0
Central Washington University,WA,UT,Midvale,2025,Fall,0,1,0,0,0,0,0
Central Washington University,WA,PA,Pittston,2025,Fall,0,1,1,0,0,0,0
Central Washington University,WA,MT,Trego,2024,Fall,0,1,1,1,0,0,0
Central Washington University,WA,IL,Urbana,2024,Fall,0,1,1,1,0,0,0
Central Washington University,WA,LA,Haughton,2025,Fall,0,1,0,0,0,0,0
Central Washington University,WA,ub,Ulaanbator,2024,Fall,0,1,1,0,0,0,0
Central Washington University,WA,OH,Gratis,2025,Fall,0,1,0,0,0,0,0
Central Washington University,WA,KS,Andover,2026,Fall,0,1,0,0,0,0,0
Central Washington University,WA,CA,Pls Vrds Est,2025,Fall,0,1,1,0,0,0,0
Central Washington University,WA,,Mueang Samut Prakan,2024,Fall,0,0,0,0,0,0,0
Central Washington University,WA,,Bukhara,2026,Fall,0,0,0,0,0,0,0
Central Washington University,WA,,Indore,2024,Fall,0,0,0,0,0,0,0
Central Washington University,WA,,Thane,2025,Fall,0,0,0,0,0,0,0
Central Washington University,WA,CO,Northglenn,2024,Fall,0,1,1,1,1,1,1
Central Washington University,WA,CA,Windsor,2024,Fall,0,1,1,1,0,0,0
Central Washington University,WA,Bono East,Techiman,2024,Fall,0,1,1,1,0,0,0
Central Washington University,WA,EASTERN PROVINCE,Jubail,2025,Fall,0,1,1,1,0,0,0
Central Washington University,WA,SC,Walterboro,2024,Fall,0,1,1,1,0,0,0
Central Washington University,WA,NY,N Bellmore,2024,Fall,0,1,1,1,0,0,0
Central Washington University,WA,OROMIA,Adama,2024,Fall,0,1,1,0,0,0,0
Central Washington University,WA,DHAKA,Dhaka,2024,Fall,0,1,1,0,0,0,0
Central Washington University,WA,IA,Boone,2024,Fall,0,1,0,0,0,0,0
Central Washington University,WA,GA,Rockmart,2024,Fall,0,1,0,0,0,0,0
Central Washington University,WA,,"Accra, Ghana",2024,Fall,0,0,0,0,0,0,0
Central Washington University,WA,AL,Bay Minette,2024,Fall,0,1,0,0,0,0,0
Central Washington University,WA,VI,Frederiksted,2024,Fall,0,1,0,0,0,0,0
Central Washington University,WA,CA,Plumas Lake,2024,Fall,0,1,0,0,0,0,0
Central Washington University,WA,,Nassau,2026,Fall,0,0,0,0,0,0,0
Central Washington University,WA,PA,East Stroudsburg,2026,Fall,0,1,1,1,0,0,0
Central Washington University,WA,TX,Montgomery,2024,Fall,0,2,2,2,0,0,0
Central Washington University,WA,GA,Hinesville,2024,Fall,0,1,1,1,0,0,0
Central Washington University,WA,CA,Pleasant Hill,2024,Fall,0,2,2,2,0,0,0
Central Washington University,WA,QASHQADARYO,Muborak,2024,Fall,0,1,1,0,0,0,0
Central Washington University,WA,OR,Maupin,2025,Fall,0,1,1,1,0,0,0
Central Washington University,WA,KS,Lakin,2025,Fall,0,1,1,1,0,0,0
Central Washington University,WA,NY,Hartsdale,2025,Fall,0,1,1,0,0,0,0
Central Washington University,WA,ASHANTI,Kumasi,2024,Fall,0,1,1,0,0,0,0
Central Washington University,WA,CA,Desert Hot Springs,2025,Fall,0,1,0,0,0,0,0
Central Washington University,WA,CA,Laguna Niguel,2025,Fall,0,1,0,0,0,0,0
Central Washington University,WA,CA,Glendale,2024,Fall,0,1,0,0,0,0,0
Central Washington University,WA,TX,Robstown,2025,Fall,0,1,1,1,1,1,1
Central Washington University,WA,NM,Farmington,2024,Fall,0,2,2,2,0,0,0
Central Washington University,WA,BA RIA-VUNG TAU,Huyen Chau Duc,2024,Fall,0,1,1,1,0,0,0
Central Washington University,WA,TX,N Richlnd Hls,2025,Fall,0,1,1,1,0,0,0
Central Washington University,WA,OR,Coos Bay,2025,Fall,0,1,1,1,0,0,0
Central Washington University,WA,VA,Lynchburg,2025,Fall,0,1,1,1,0,0,0
Central Washington University,WA,,Toshkent,2024,Fall,0,0,0,0,0,0,0
Central Washington University,WA,CA,Stevenson Rnh,2026,Fall,0,1,1,1,0,0,0
Central Washington University,WA,MA,Middleboro,2025,Fall,0,1,1,1,0,0,0
Central Washington University,WA,CO,Poncha Spgs,2026,Fall,0,1,1,1,0,0,0
Central Washington University,WA,ID,Cascade,2026,Fall,0,1,1,0,0,0,0
Central Washington University,WA,FL,Hollywood,2024,Fall,0,1,1,1,0,0,0
Central Washington University,WA,,Banjul,2024,Fall,0,0,0,0,0,0,0
Central Washington University,WA,Himachal Pradesh,Chamba Town,2024,Fall,0,1,1,0,0,0,0
Central Washington University,WA,WA,piyallup,2025,Fall,0,1,0,0,0,0,0
Central Washington University,WA,ME,Guilford,2024,Fall,0,1,1,1,1,0,1
Central Washington University,WA,GA,Stockbridge,2026,Fall,0,1,1,1,0,0,0
Central Washington University,WA,PA,Malvern,2024,Fall,0,1,1,1,0,0,0
Central Washington University,WA,CO,Loveland,2025,Fall,0,2,2,2,0,0,0
Central Washington University,WA,CO,Greenwood Village,2026,Fall,0,1,1,1,0,0,0
Central Washington University,WA,CA,Valencia,2024,Fall,0,1,1,1,0,0,0
Central Washington University,WA,ID,Victor,2024,Fall,0,1,1,1,0,0,0
Central Washington University,WA,KY,La Grange,2024,Fall,0,1,1,1,0,0,0
Central Washington University,WA,WA,Clinton,2024,Fall,0,4,4,4,0,0,0
Central Washington University,WA,NY,Norfolk,2025,Fall,0,1,1,1,0,0,0
Central Washington University,WA,,Tech,2024,Fall,0,0,0,0,0,0,0
Central Washington University,WA,NM,Algodones,2026,Fall,0,1,1,1,0,0,0
Central Washington University,WA,TX,Volente,2025,Fall,0,1,1,1,0,0,0
Central Washington University,WA,NY,Niskayuna,2026,Fall,0,1,1,1,0,0,0
Central Washington University,WA,BAHÇESEHIR,Istanbul,2024,Fall,0,1,1,0,0,0,0
Central Washington University,WA,OR,Seaside,2026,Fall,0,2,1,0,0,0,0
Central Washington University,WA,,Riba-roja de Túria,2024,Fall,0,0,0,0,0,0,0
Central Washington University,WA,,Toshbulak,2024,Fall,0,0,0,0,0,0,0
Central Washington University,WA,,Dunkwa-On-Offin ,2025,Fall,0,0,0,0,0,0,0
Central Washington University,WA,MS,Perkinston,2025,Fall,0,1,0,0,0,0,0
Central Washington University,WA,,Dallesport,2026,Fall,0,0,0,0,0,0,0
Central Washington University,WA,,Dubai,2024,Fall,0,0,0,0,0,0,0
Central Washington University,WA,HI,Kealakekua,2024,Fall,0,1,1,1,1,1,1
Central Washington University,WA,MA,New Bedford,2026,Fall,0,1,1,1,0,0,0
Central Washington University,WA,HI,Volcano,2024,Fall,0,1,1,1,0,0,0
Central Washington University,WA,CA,Chicago Park,2024,Fall,0,1,1,1,0,0,0
Central Washington University,WA,Guangdong,Guangzhou,2024,Fall,0,1,1,0,0,0,0
Central Washington University,WA,MN,New Brighton,2025,Fall,0,1,1,0,0,0,0
Central Washington University,WA,FARG'ONA VILOYATI,Farg'ona,2024,Fall,0,1,1,0,0,0,0
Central Washington University,WA,WI,Dunbar,2024,Fall,0,1,1,0,0,0,0
Central Washington University,WA,Uttarakhand,Udham Singh Nagar,2024,Fall,0,1,1,0,0,0,0
Central Washington University,WA,AR,Camden,2024,Fall,0,1,0,0,0,0,0
Central Washington University,WA,AK,Whittier,2024,Fall,0,1,0,0,0,0,0
Central Washington University,WA,WA,JOINT BASE LEWIS MCCHORD,2024,Fall,0,1,0,0,0,0,0
Central Washington University,WA,CA,Mc Farland,2024,Fall,0,1,1,0,0,0,0
Central Washington University,WA,,Sao Paulo,2025,Fall,0,0,0,0,0,0,0
Central Washington University,WA,GA,Rockmart,2025,Fall,0,1,0,0,0,0,0
Central Washington University,WA,,San Paulo,2025,Fall,0,0,0,0,0,0,0
Central Washington University,WA,WI,Franklin,2026,Fall,0,1,1,1,1,1,1
Central Washington University,WA,NJ,Pennsauken,2026,Fall,0,1,1,1,1,1,1
Central Washington University,WA,CA,Ben Lomond,2024,Fall,0,1,1,1,0,0,0
Central Washington University,WA,CA,Tehachapi,2024,Fall,0,1,1,1,0,0,0
Central Washington University,WA,PA,Exton,2024,Fall,0,1,1,1,0,0,0
Central Washington University,WA,AA,Dpo,2026,Fall,0,1,1,1,0,0,0
Central Washington University,WA,CA,Santa Barbara,2024,Fall,0,3,3,2,0,0,0
Central Washington University,WA,CA,Martinez,2025,Fall,0,1,1,1,0,0,0
Central Washington University,WA,MO,Independence,2024,Fall,0,1,1,1,0,0,0
Central Washington University,WA,AK,Napaskiak,2024,Fall,0,1,1,0,0,0,0
Central Washington University,WA,MT,Trout Creek,2025,Fall,0,1,1,0,0,0,0
Central Washington University,WA,GA,Athens,2025,Fall,0,1,1,0,0,0,0
Central Washington University,WA,IL,Schaumburg,2026,Fall,0,2,2,2,0,0,0
Central Washington University,WA,CA,Menifee,2025,Fall,0,1,0,0,0,0,0
Central Washington University,WA,MO,Sullivan,2026,Fall,0,1,1,1,1,1,1
Central Washington University,WA,CA,South Gate,2024,Fall,0,1,1,1,1,1,1
Central Washington University,WA,MD,Ft Washington,2024,Fall,0,1,1,1,1,1,1
Central Washington University,WA,CO,Firestone,2024,Fall,0,1,1,1,0,0,0
Central Washington University,WA,PA,Elizabethtown,2024,Fall,0,1,1,1,0,0,0
Central Washington University,WA,CA,Sebastopol,2024,Fall,0,1,1,1,0,0,0
Central Washington University,WA,OR,Condon,2025,Fall,0,1,1,1,0,0,0
Central Washington University,WA,IL,Lansing,2026,Fall,0,1,1,1,0,0,0
Central Washington University,WA,GREATER ACCRA,Accra,2024,Fall,0,3,3,1,0,0,0
Central Washington University,WA,CA,Sacramento,2024,Fall,0,3,1,1,0,0,0
Central Washington University,WA,MN,Cedar,2025,Fall,0,1,1,0,0,0,0
Central Washington University,WA,AZ,Tempe,2026,Fall,0,2,1,0,0,0,0
Central Washington University,WA,NJ,Fort Lee,2024,Fall,0,1,1,1,0,0,0
Central Washington University,WA,,Cholpon-Ata,2026,Fall,0,0,0,0,0,0,0
Central Washington University,WA,IN,Griffith,2026,Fall,0,1,0,0,0,0,0
Central Washington University,WA,WA,Fedral Way,2024,Fall,0,1,0,0,0,0,0
Central Washington University,WA,,Novopavlovka,2026,Fall,0,0,0,0,0,0,0
Central Washington University,WA,,Federal way,2024,Fall,0,0,0,0,0,0,0
Central Washington University,WA,,Bentonville,2026,Fall,0,0,0,0,0,0,0
Central Washington University,WA,,Riyadh,2025,Fall,0,0,0,0,0,0,0
Central Washington University,WA,SC,Little River,2026,Fall,0,1,1,1,1,1,1
Central Washington University,WA,WA,Wellpinit,2024,Fall,0,1,1,1,1,0,1
Central Washington University,WA,AL,Foley,2026,Fall,0,1,1,1,1,1,1
Central Washington University,WA,Toshkent shahri,Toshkent,2024,Fall,0,1,1,1,1,0,1
Central Washington University,WA,MO,Warrensburg,2026,Fall,0,1,1,1,0,0,0
Central Washington University,WA,OH,Solon,2025,Fall,0,1,1,1,0,0,0
Central Washington University,WA,WI,Green Bay,2024,Fall,0,1,1,1,0,0,0
Central Washington University,WA,,Nassau,2025,Fall,0,0,0,0,0,0,0
Central Washington University,WA,BUKHARA,Bukhara,2024,Fall,0,1,1,1,0,0,0
Central Washington University,WA,IL,Lindenhurst,2026,Fall,0,1,1,1,0,0,0
Central Washington University,WA,CA,Newbury Park,2025,Fall,0,1,1,1,0,0,0
Central Washington University,WA,OR,Malin,2025,Fall,0,1,0,0,0,0,0
Central Washington University,WA,SC,Union,2025,Fall,0,1,0,0,0,0,0
Central Washington University,WA,LA,Baton Rouge,2024,Fall,0,1,0,0,0,0,0
Central Washington University,WA,IL,Westchester,2025,Fall,0,1,1,1,0,0,0
Central Washington University,WA,Ben Tre Province,Ben Tre,2024,Fall,0,1,1,1,0,0,0
Central Washington University,WA,CA,Solana Beach,2025,Fall,0,1,1,1,0,0,0
Central Washington University,WA,MA,Taunton,2024,Fall,0,2,2,1,0,0,0
Central Washington University,WA,MD,Bowie,2025,Fall,0,2,2,2,0,0,0
Central Washington University,WA,VA,Roanoke,2025,Fall,0,1,1,0,0,0,0
Central Washington University,WA,GU,Yona,2024,Fall,0,1,1,1,0,0,0
Central Washington University,WA,MD,North East,2026,Fall,0,1,1,1,0,0,0
Central Washington University,WA,ID,Bellevue,2024,Fall,0,1,0,0,0,0,0
Central Washington University,WA,FL,Apopka,2025,Fall,0,1,1,0,0,0,0
Central Washington University,WA,TN,Clarksville,2024,Fall,0,1,0,0,0,0,0
Central Washington University,WA,MO,Dixon,2024,Fall,0,2,0,0,0,0,0
Central Washington University,WA,,Islamabad,2024,Fall,0,0,0,0,0,0,0
Central Washington University,WA,,Santa Rita,2024,Fall,0,0,0,0,0,0,0
Central Washington University,WA,FL,Stuart,2026,Fall,0,1,1,1,1,1,1
Central Washington University,WA,WI,Viroqua,2026,Fall,0,1,1,1,1,1,1
Central Washington University,WA,TX,N Richlnd Hls,2026,Fall,0,1,1,1,1,1,1
Central Washington University,WA,CA,Aptos,2026,Fall,0,1,1,1,0,0,0
Central Washington University,WA,NJ,Sparta,2025,Fall,0,1,1,1,0,0,0
Central Washington University,WA,TX,Grapevine,2026,Fall,0,2,1,1,0,0,0
Central Washington University,WA,CA,Hornbrook,2024,Fall,0,1,1,1,0,0,0
Central Washington University,WA,DE,Townsend,2026,Fall,0,1,1,1,0,0,0
Central Washington University,WA,OR,North Plains,2026,Fall,0,1,1,1,0,0,0
Central Washington University,WA,NC,Apex,2026,Fall,0,1,1,0,0,0,0
Central Washington University,WA,IN,Corydon,2026,Fall,0,1,1,1,0,0,0
Central Washington University,WA,,Spring Valley,2024,Fall,0,0,0,0,0,0,0
Central Washington University,WA,NC,Winston Salem,2025,Fall,0,1,0,0,0,0,0
Central Washington University,WA,MT,Elliston,2026,Fall,0,1,0,0,0,0,0
Central Washington University,WA,KwaZulu-Natal,Durban,2026,Fall,0,1,0,0,0,0,0
Central Washington University,WA,TX,Aubrey,2026,Fall,0,1,0,0,0,0,0
Central Washington University,WA,VA,Vienna,2024,Fall,0,1,0,0,0,0,0
Central Washington University,WA,OK,Mcloud,2024,Fall,0,1,0,0,0,0,0
Central Washington University,WA,,Athens,2024,Fall,0,0,0,0,0,0,0
Central Washington University,WA,MT,Big Sky,2026,Fall,0,1,1,1,0,0,0
Central Washington University,WA,MA,Florence,2026,Fall,0,1,1,1,0,0,0
Central Washington University,WA,GA,Griffin,2026,Fall,0,1,1,0,0,0,0
Central Washington University,WA,VA,Daleville,2025,Fall,0,1,1,1,0,0,0
Central Washington University,WA,MN,Eden Prairie,2025,Fall,0,1,1,1,0,0,0
Central Washington University,WA,AK,Cordova,2026,Fall,0,1,1,1,0,0,0
Central Washington University,WA,NV,Lovelock,2024,Fall,0,1,1,0,0,0,0
Central Washington University,WA,,Roadtown,2024,Fall,0,0,0,0,0,0,0
Central Washington University,WA,Jonglei State,Bor,2024,Fall,0,1,1,0,0,0,0
Central Washington University,WA,NY,Fort Drum,2025,Fall,0,2,1,1,0,0,0
Central Washington University,WA,MO,Rothville,2026,Fall,0,1,1,1,0,0,0
Central Washington University,WA,WI,Madison,2024,Fall,0,1,1,1,0,0,0
Central Washington University,WA,COPPERBELT PROVINCE,Kitwe City,2024,Fall,0,1,1,0,0,0,0
Central Washington University,WA,CA,Half Moon Bay,2026,Fall,0,1,1,1,0,0,0
Central Washington University,WA,CT,Suffield,2024,Fall,0,1,1,1,0,0,0
Central Washington University,WA,PUNJAB,Fatehgarh Sahib,2024,Fall,0,1,1,0,0,0,0
Central Washington University,WA,,Oshodi-Isolo,2024,Fall,0,0,0,0,0,0,0
Central Washington University,WA,FL,Hilliard,2025,Fall,0,2,0,0,0,0,0
Central Washington University,WA,TX,Odessa,2025,Fall,0,1,0,0,0,0,0
Central Washington University,WA,CA,Beverly Hills,2024,Fall,0,1,0,0,0,0,0
Central Washington University,WA,WA,Federal Way ,2025,Fall,0,1,0,0,0,0,0
Central Washington University,WA,CA,San Rafael,2026,Fall,0,1,1,1,1,1,1
Central Washington University,WA,WA,Burley,2025,Fall,0,1,1,1,0,0,0
Central Washington University,WA,KHYBER PAKHTUNKHWA,Peshawar,2024,Fall,0,1,1,1,0,0,0
Central Washington University,WA,KHULNA,Khulna,2024,Fall,0,1,1,0,0,0,0
Central Washington University,WA,NJ,Medford,2024,Fall,0,1,1,1,0,0,0
Central Washington University,WA,GA,Gainesville,2024,Fall,0,1,1,1,0,0,0
Central Washington University,WA,CA,Paradise,2026,Fall,0,1,1,1,0,0,0
Central Washington University,WA,ID,Murtaugh,2026,Fall,0,1,1,0,0,0,0
Central Washington University,WA,,Ulaanbaatar,2024,Fall,0,0,0,0,0,0,0
Central Washington University,WA,WA,Cosmopolis Washingtion,2024,Fall,0,1,1,1,0,0,0
Central Washington University,WA,MO,Ava,2026,Fall,0,1,1,0,0,0,0
Central Washington University,WA,Oyo,Ibadan,2024,Fall,0,1,1,0,0,0,0
Central Washington University,WA,QOM,Qom,2024,Fall,0,1,1,0,0,0,0
Central Washington University,WA,OH,Gallipolis,2025,Fall,0,1,0,0,0,0,0
Central Washington University,WA,VA,Meherrin,2024,Fall,0,1,0,0,0,0,0
Central Washington University,WA,TX,Iowa Park,2025,Fall,0,1,0,0,0,0,0
Central Washington University,WA,AK,Willow,2026,Fall,0,1,1,1,0,0,0
Central Washington University,WA,WA,Silvana,2026,Fall,0,1,1,1,0,0,0
Central Washington University,WA,OH,Bowling Green,2026,Fall,0,1,1,1,0,0,0
Central Washington University,WA,MD,Leonardtown,2025,Fall,0,1,1,1,0,0,0
Central Washington University,WA,IN,Avon,2024,Fall,0,1,1,0,0,0,0
Central Washington University,WA,OK,Edmond,2025,Fall,0,1,1,1,0,0,0
Central Washington University,WA,,"Linstead, Bog walk",2024,Fall,0,0,0,0,0,0,0
Central Washington University,WA,AK,Sand Point,2026,Fall,0,2,0,0,0,0,0
Central Washington University,WA,MN,Mayer,2025,Fall,0,1,0,0,0,0,0
Central Washington University,WA,AZ,Bullhead City,2026,Fall,0,1,0,0,0,0,0
Central Washington University,WA,CA,Marina,2026,Fall,0,1,1,1,0,0,0
Central Washington University,WA,LA,Many,2025,Fall,0,1,1,1,0,0,0
Central Washington University,WA,CT,Wallingford,2026,Fall,0,1,1,1,0,0,0
Central Washington University,WA,WA,Kapowsin,2025,Fall,0,1,1,1,0,0,0
Central Washington University,WA,MA,Burlington,2025,Fall,0,1,1,1,0,0,0
Central Washington University,WA,TX,Benbrook,2024,Fall,0,1,1,1,0,0,0
Central Washington University,WA,AK,Petersburg,2025,Fall,0,1,1,1,0,0,0
Central Washington University,WA,NY,Long Is City,2025,Fall,0,1,1,0,0,0,0
Central Washington University,WA,UZBEKISTAN,Tashkent,2024,Fall,0,1,1,0,0,0,0
Central Washington University,WA,CA,Wasco,2025,Fall,0,1,1,1,0,0,0
Central Washington University,WA,TX,Burleson,2024,Fall,0,1,0,0,0,0,0
Central Washington University,WA,AL,Falkville,2025,Fall,0,1,0,0,0,0,0
Central Washington University,WA,CA,Cabazon,2026,Fall,0,1,0,0,0,0,0
Central Washington University,WA,,Indore,2026,Fall,0,0,0,0,0,0,0
Central Washington University,WA,,Karachi,2025,Fall,0,0,0,0,0,0,0
Central Washington University,WA,,"Pui  O , Lantau, Nt",2025,Fall,0,0,0,0,0,0,0
Central Washington University,WA,,Saipan,2026,Fall,0,0,0,0,0,0,0
Central Washington University,WA,,Erbil,2026,Fall,0,0,0,0,0,0,0
Central Washington University,WA,CA,Cathedral Cty,2025,Fall,0,1,1,1,1,1,1
Central Washington University,WA,MA,Marlborough,2024,Fall,0,1,1,1,0,0,0
Central Washington University,WA,MI,Howell,2026,Fall,0,1,1,1,0,0,0
Central Washington University,WA,CA,Jamul,2025,Fall,0,1,1,1,0,0,0
Central Washington University,WA,OH,Marion,2024,Fall,0,1,1,1,0,0,0
Central Washington University,WA,MN,Hopkins,2026,Fall,0,1,1,1,0,0,0
Central Washington University,WA,LAGOS,Ogudu,2024,Fall,0,1,1,0,0,0,0
Central Washington University,WA,Gandaki,Pokhara,2024,Fall,0,1,1,0,0,0,0
Central Washington University,WA,IA,Polk City,2025,Fall,0,1,0,0,0,0,0
Central Washington University,WA,OH,Pickerington,2025,Fall,0,1,0,0,0,0,0
Central Washington University,WA,UT,Herriman,2024,Fall,0,1,0,0,0,0,0
Central Washington University,WA,,Lahore,2025,Fall,0,0,0,0,0,0,0
Central Washington University,WA,HI,Kea'au,2025,Fall,0,1,0,0,0,0,0
Central Washington University,WA,TX,Pharr,2024,Fall,0,1,1,1,1,0,1
Central Washington University,WA,MA,Westfield,2024,Fall,0,1,1,1,0,0,0
Central Washington University,WA,NY,Romulus,2025,Fall,0,1,1,1,0,0,0
Central Washington University,WA,CA,Patterson,2024,Fall,0,2,1,1,0,0,0
Central Washington University,WA,VA,Stephens City,2026,Fall,0,1,1,1,0,0,0
Central Washington University,WA,TR-33,Mersin,2025,Fall,0,1,1,1,0,0,0
Central Washington University,WA,ON,North York,2024,Fall,0,1,1,0,0,0,0
Central Washington University,WA,,Kabul,2024,Fall,0,0,0,0,0,0,0
Central Washington University,WA,CT,Middletown,2026,Fall,0,1,1,1,0,0,0
Central Washington University,WA,,Lauli'i,2026,Fall,0,0,0,0,0,0,0
Central Washington University,WA,CO,Nathrop,2026,Fall,0,1,1,1,0,0,0
Central Washington University,WA,WESTERN,Kigali,2024,Fall,0,1,1,0,0,0,0
Central Washington University,WA,CENTRAL VISAYAS,Cebu City,2024,Fall,0,1,1,0,0,0,0
Central Washington University,WA,CA,Newhall,2025,Fall,0,1,1,1,0,0,0
Central Washington University,WA,TX,Gatesville,2026,Fall,0,1,1,0,0,0,0
Central Washington University,WA,Ashanti,Kumasi ,2025,Fall,0,1,0,0,0,0,0
Central Washington University,WA,CO,Holyoke,2026,Fall,0,1,0,0,0,0,0
Central Washington University,WA,CA,Arroyo Grande,2026,Fall,0,1,0,0,0,0,0
Central Washington University,WA,OH,Clayton,2025,Fall,0,1,1,1,0,0,0
Central Washington University,WA,MA,Carver,2024,Fall,0,1,0,0,0,0,0
Central Washington University,WA,MN,Spring Lake Park,2024,Fall,0,1,0,0,0,0,0
Central Washington University,WA,,Pune,2026,Fall,0,0,0,0,0,0,0
Central Washington University,WA,,Saipan,2024,Fall,0,0,0,0,0,0,0
Central Washington University,WA,EDO STATE,Benin City,2024,Fall,0,1,1,1,1,1,1
Central Washington University,WA,CO,Edwards,2026,Fall,0,1,1,1,0,0,0
Central Washington University,WA,TN,Johnson City,2026,Fall,0,1,1,0,0,0,0
Central Washington University,WA,IL,Naperville,2026,Fall,0,1,1,1,0,0,0
Central Washington University,WA,WI,Suamico,2025,Fall,0,1,1,1,0,0,0
Central Washington University,WA,IL,South Elgin,2025,Fall,0,1,1,1,0,0,0
Central Washington University,WA,NAVOI,Karmana,2024,Fall,0,1,1,1,0,0,0
Central Washington University,WA,CT,New Haven,2024,Fall,0,1,1,1,0,0,0
Central Washington University,WA,AK,Dutch Harbor,2026,Fall,0,1,1,1,0,0,0
Central Washington University,WA,,Rio de Janeiro,2024,Fall,0,0,0,0,0,0,0
Central Washington University,WA,AR,Osceola,2024,Fall,0,1,1,1,0,0,0
Central Washington University,WA,Oromia,Kake,2024,Fall,0,1,1,0,0,0,0
Central Washington University,WA,HARYANA,Sonipat,2024,Fall,0,2,2,0,0,0,0
Central Washington University,WA,OH,Orient,2024,Fall,0,1,0,0,0,0,0
Central Washington University,WA,FL,West Palm Beach,2026,Fall,0,1,0,0,0,0,0
Central Washington University,WA,,Kinshasa,2025,Fall,0,0,0,0,0,0,0
Central Washington University,WA,,Pretoria ,2026,Fall,0,0,0,0,0,0,0
Central Washington University,WA,,Niamey,2025,Fall,0,0,0,0,0,0,0
Central Washington University,WA,,Namangan,2026,Fall,0,0,0,0,0,0,0
Central Washington University,WA,HI,Laie,2024,Fall,0,2,2,2,2,2,2
Central Washington University,WA,,Bishkek,2025,Fall,0,0,0,0,0,0,0
Central Washington University,WA,CA,Temple City,2024,Fall,0,1,1,1,0,0,0
Central Washington University,WA,ISLAMABAD,F10/1,2024,Fall,0,1,1,1,0,0,0
Central Washington University,WA,MI,Howard City,2024,Fall,0,1,1,1,0,0,0
Central Washington University,WA,IL,Inverness,2026,Fall,0,1,1,1,0,0,0
Central Washington University,WA,,Casablanca,2024,Fall,0,0,0,0,0,0,0
Central Washington University,WA,CANARY ISLANDS,Tenerife,2024,Fall,0,1,1,0,0,0,0
Central Washington University,WA,CAPITAL CITY,Addis Ababa,2024,Fall,0,1,1,0,0,0,0
Central Washington University,WA,PA,Harleysville,2024,Fall,0,1,0,0,0,0,0
Central Washington University,WA,WY,Cheyenne,2026,Fall,0,1,0,0,0,0,0
Central Washington University,WA,WA,covington,2025,Fall,0,1,0,0,0,0,0
Central Washington University,WA,,Navi Mumbai,2024,Fall,0,0,0,0,0,0,0
Central Washington University,WA,,Mutare,2025,Fall,0,0,0,0,0,0,0
Central Washington University,WA,GA,Columbus,2025,Fall,0,1,1,1,1,1,1
Central Washington University,WA,IL,Richton Park,2026,Fall,0,1,1,1,1,1,1
Central Washington University,WA,,Tshwane,2024,Fall,0,0,0,0,0,0,0
Central Washington University,WA,WA,SeaTac,2024,Fall,0,1,1,1,1,0,1
Central Washington University,WA,GU,Mangilao,2024,Fall,0,2,1,1,1,0,1
Central Washington University,WA,CA,Rocklin,2025,Fall,0,2,2,2,0,0,0
Central Washington University,WA,OH,Williamsport,2026,Fall,0,1,1,1,0,0,0
Central Washington University,WA,NY,Manlius,2024,Fall,0,1,1,1,0,0,0
Central Washington University,WA,NE,S Sioux City,2026,Fall,0,1,1,1,0,0,0
Central Washington University,WA,,Shavat district,2024,Fall,0,0,0,0,0,0,0
Central Washington University,WA,CO,Bayfield,2025,Fall,0,1,1,1,0,0,0
Central Washington University,WA,,Manzini,2026,Fall,0,0,0,0,0,0,0
Central Washington University,WA,FARG'ONA VILOYATI,Marg'ilon,2024,Fall,0,1,1,0,0,0,0
Central Washington University,WA,NV,North Las Vegas,2025,Fall,0,3,0,0,0,0,0
Central Washington University,WA,ID,Osburn,2024,Fall,0,1,0,0,0,0,0
Central Washington University,WA,,Ookala,2025,Fall,0,0,0,0,0,0,0
Central Washington University,WA,CA,Loma Linda,2025,Fall,0,1,0,0,0,0,0
Central Washington University,WA,,Everett,2026,Fall,0,0,0,0,0,0,0
Central Washington University,WA,CA,Antioch,2026,Fall,0,1,1,1,0,0,0
Central Washington University,WA,NJ,Washington,2025,Fall,0,1,1,0,0,0,0
Central Washington University,WA,WA,Renton ,2024,Fall,0,1,1,1,0,0,0
Central Washington University,WA,Haryana,Panipat,2024,Fall,0,1,1,0,0,0,0
Central Washington University,WA,MO,Ballwin,2024,Fall,0,1,1,1,0,0,0
Central Washington University,WA,IL,Carbondale,2024,Fall,0,1,1,1,0,0,0
Central Washington University,WA,VA,Herndon,2024,Fall,0,1,1,1,0,0,0
Central Washington University,WA,,Dire Dawa,2024,Fall,0,0,0,0,0,0,0
Central Washington University,WA,KWAZULU NATAL,Uvongo,2024,Fall,0,1,1,0,0,0,0
Central Washington University,WA,CT,Willington,2024,Fall,0,1,1,1,0,0,0
Central Washington University,WA,ID,Bayview,2025,Fall,0,1,1,1,0,0,0
Central Washington University,WA,CO,Bennett,2026,Fall,0,1,1,0,0,0,0
Central Washington University,WA,CA,La Palma,2024,Fall,0,1,1,1,0,0,0
Central Washington University,WA,NC,Elon,2026,Fall,0,1,1,1,0,0,0
Central Washington University,WA,VA,Pound,2025,Fall,0,1,1,0,0,0,0
Central Washington University,WA,SAMARQAND REGION,Ziadin,2024,Fall,0,1,1,0,0,0,0
Central Washington University,WA,NC,Havelock,2025,Fall,0,1,0,0,0,0,0
Central Washington University,WA,OR,Aurora,2024,Fall,0,1,0,0,0,0,0
Central Washington University,WA,,Etobicoke,2025,Fall,0,0,0,0,0,0,0
Central Washington University,WA,,Saint George's,2024,Fall,0,0,0,0,0,0,0
Central Washington University,WA,NJ,Princeton,2024,Fall,0,1,1,1,1,1,1
Central Washington University,WA,,,2024,Fall,0,0,0,0,0,0,0
Central Washington University,WA,PUNJAB,Lahore,2026,Fall,0,1,1,1,0,0,0
Central Washington University,WA,WI,Menomonee Fls,2026,Fall,0,1,1,1,0,0,0
Central Washington University,WA,IN,Brownsburg,2026,Fall,0,1,1,1,0,0,0
Central Washington University,WA,RI,N Kingstown,2024,Fall,0,1,1,1,0,0,0
Central Washington University,WA,GA,Tucker,2025,Fall,0,1,1,1,0,0,0
Central Washington University,WA,MI,Flushing,2025,Fall,0,1,1,1,0,0,0
Central Washington University,WA,,Freetown,2024,Fall,0,0,0,0,0,0,0
Central Washington University,WA,MI,Madison Hts,2025,Fall,0,1,1,0,0,0,0
Central Washington University,WA,RIYADH,Riyadh,2024,Fall,0,1,1,1,0,0,0
Central Washington University,WA,MI,Ecorse,2025,Fall,0,1,0,0,0,0,0
Central Washington University,WA,FL,Mulberry,2024,Fall,0,1,0,0,0,0,0
Central Washington University,WA,TX,Dike,2024,Fall,0,1,0,0,0,0,0
Central Washington University,WA,FL,Port St Lucie,2024,Fall,0,1,0,0,0,0,0
Central Washington University,WA,,Jensen Beach,2025,Fall,0,0,0,0,0,0,0
Central Washington University,WA,,Lahore,2024,Fall,0,0,0,0,0,0,0
Central Washington University,WA,WA,Mcchord Afb,2026,Fall,0,4,4,4,2,2,2
Central Washington University,WA,NY,Watertown,2024,Fall,0,1,1,1,0,0,0
Central Washington University,WA,NJ,Browns Mills,2026,Fall,0,1,1,1,0,0,0
Central Washington University,WA,ID,Viola,2024,Fall,0,1,1,1,0,0,0
Central Washington University,WA,,Surulere,2024,Fall,0,0,0,0,0,0,0
Central Washington University,WA,BISHKEK,Chuy,2024,Fall,0,1,1,1,0,0,0
Central Washington University,WA,West Bengal,"Sheoraphuli, Hooghly",2024,Fall,0,1,1,0,0,0,0
Central Washington University,WA,TX,Richland Hls,2025,Fall,0,1,1,1,0,0,0
Central Washington University,WA,WY,Laramie,2024,Fall,0,1,1,1,0,0,0
Central Washington University,WA,Punjab,Gurdaspur,2024,Fall,0,1,1,0,0,0,0
Central Washington University,WA,MI,Highland Park,2025,Fall,0,1,1,0,0,0,0
Central Washington University,WA,CA,Lafayette,2024,Fall,0,1,1,1,0,0,0
Central Washington University,WA,ANAMBRA,Onitsha Anambra state,2024,Fall,0,1,1,0,0,0,0
Central Washington University,WA,,New Delhi,2025,Fall,0,0,0,0,0,0,0
Central Washington University,WA,,Ankara,2026,Fall,0,0,0,0,0,0,0
Central Washington University,WA,TX,Godley,2025,Fall,0,1,0,0,0,0,0
Central Washington University,WA,AS,Pago Pago,2026,Fall,0,8,5,4,2,2,2
Central Washington University,WA,,Cunupia,2024,Fall,0,0,0,0,0,0,0
Central Washington University,WA,IL,Schaumburg,2024,Fall,0,1,1,1,0,0,0
Central Washington University,WA,NC,Fuquay Varina,2025,Fall,0,1,1,1,0,0,0
Central Washington University,WA,MO,Springfield,2024,Fall,0,1,1,1,0,0,0
Central Washington University,WA,TX,Kyle,2025,Fall,0,1,1,1,0,0,0
Central Washington University,WA,NY,Poughkeepsie,2024,Fall,0,1,1,1,0,0,0
Central Washington University,WA,,Kayseri,2024,Fall,0,0,0,0,0,0,0
Central Washington University,WA,,Navoi,2024,Fall,0,0,0,0,0,0,0
Central Washington University,WA,SC,Summerville,2024,Fall,0,1,1,1,0,0,0
Central Washington University,WA,MD,Beltsville,2026,Fall,0,1,1,1,0,0,0
Central Washington University,WA,ADDIS ABABA,Addis Ababa,2024,Fall,0,11,11,0,0,0,0
Central Washington University,WA,Chuy,Bishkek,2024,Fall,0,1,1,1,0,0,0
Central Washington University,WA,NV,Boulder City,2025,Fall,0,1,1,1,0,0,0
Central Washington University,WA,CO,Niwot,2024,Fall,0,1,1,0,0,0,0
Central Washington University,WA,MO,Springfield,2025,Fall,0,1,0,0,0,0,0
Central Washington University,WA,TX,Converse,2026,Fall,0,1,0,0,0,0,0
Central Washington University,WA,IL,Rockford,2024,Fall,0,1,0,0,0,0,0
Central Washington University,WA,IN,Beech Grove,2024,Fall,0,1,0,0,0,0,0
Central Washington University,WA,NC,Carrboro,2025,Fall,0,1,0,0,0,0,0
Central Washington University,WA,,Itaquaquecetuba,2025,Fall,0,0,0,0,0,0,0
Central Washington University,WA,,Sao Paulo,2026,Fall,0,0,0,0,0,0,0
Central Washington University,WA,DE,Bear,2024,Fall,0,1,0,0,0,0,0
Central Washington University,WA,TX,Galveston,2024,Fall,0,1,1,1,1,1,1
Central Washington University,WA,SHIGA,Kusatsu-Shi,2024,Fall,0,1,1,1,1,1,1
Central Washington University,WA,MI,Kalamazoo,2026,Fall,0,1,1,1,0,0,0
Central Washington University,WA,MD,Adelphi,2026,Fall,0,1,1,1,0,0,0
Central Washington University,WA,TX,Lago Vista,2026,Fall,0,1,1,1,0,0,0
Central Washington University,WA,WA,Union,2024,Fall,0,1,1,1,0,0,0
Central Washington University,WA,NC,Wake Forest,2024,Fall,0,1,1,1,0,0,0
Central Washington University,WA,,Taipei,2024,Fall,0,0,0,0,0,0,0
Central Washington University,WA,AZ,Iron Springs,2026,Fall,0,1,1,1,0,0,0
Central Washington University,WA,CA,Arcata,2026,Fall,0,1,1,1,0,0,0
Central Washington University,WA,ANAMBRA,Onitsha,2024,Fall,0,1,1,1,0,0,0
Central Washington University,WA,TN,Knoxville,2025,Fall,0,1,1,0,0,0,0
Central Washington University,WA,MO,Bourbon,2024,Fall,0,1,1,1,0,0,0
Central Washington University,WA,FL,Tallahassee,2025,Fall,0,1,1,1,0,0,0
Central Washington University,WA,WA,Federal way,2026,Fall,0,1,1,1,0,0,0
Central Washington University,WA,EMIRATE,Abu Dhabi,2024,Fall,0,1,1,0,0,0,0
Central Washington University,WA,ANAMBRA STATE,Ezira,2024,Fall,0,1,1,0,0,0,0
Central Washington University,WA,GA,Irwinton,2024,Fall,0,1,1,0,0,0,0
Central Washington University,WA,PA,Nanticoke,2024,Fall,0,1,0,0,0,0,0
Central Washington University,WA,GA,Hinesville,2025,Fall,0,1,0,0,0,0,0
Central Washington University,WA,OH,Lakewood,2026,Fall,0,1,0,0,0,0,0
Central Washington University,WA,KY,Elizabethtown,2024,Fall,0,1,0,0,0,0,0
Central Washington University,WA,IN,Moores Hill,2026,Fall,0,1,1,1,0,0,0
Central Washington University,WA,MN,Elk River,2026,Fall,0,1,1,1,0,0,0
Central Washington University,WA,PA,Tower City,2025,Fall,0,1,1,1,0,0,0
Central Washington University,WA,,Addis Ketema,2026,Fall,0,0,0,0,0,0,0
Central Washington University,WA,MA,Boston,2026,Fall,0,1,1,1,0,0,0
Central Washington University,WA,NORTH KAZAKHSTAN,Petropavlovsk,2024,Fall,0,1,1,1,0,0,0
Central Washington University,WA,TX,San Juan,2025,Fall,0,1,1,1,0,0,0
Central Washington University,WA,MD,Woodstock,2026,Fall,0,1,1,1,0,0,0
Central Washington University,WA,OH,Brecksville,2026,Fall,0,1,1,1,0,0,0
Central Washington University,WA,BULAWAYO,Bulawayo,2024,Fall,0,1,1,0,0,0,0
Central Washington University,WA,CA,Mather,2026,Fall,0,1,1,1,0,0,0
Central Washington University,WA,LAGOS STATE,Lekki,2024,Fall,0,1,1,0,0,0,0
Central Washington University,WA,ID,Worley,2025,Fall,0,1,0,0,0,0,0
Central Washington University,WA,CA,Norwalk,2024,Fall,0,1,0,0,0,0,0
Central Washington University,WA,,Asuncion,2025,Fall,0,0,0,0,0,0,0
Central Washington University,WA,Western,Gisenyi,2024,Fall,0,1,0,0,0,0,0
Central Washington University,WA,,Spokane,2026,Fall,0,0,0,0,0,0,0
Central Washington University,WA,FL,Port Orange,2026,Fall,0,2,2,2,1,1,1
Central Washington University,WA,CO,Lyons,2026,Fall,0,1,1,1,0,0,0
Central Washington University,WA,PA,Reading,2025,Fall,0,1,1,1,0,0,0
Central Washington University,WA,,Santa Catarina,2024,Fall,0,0,0,0,0,0,0
Central Washington University,WA,PUNJAB,Islamabad,2024,Fall,0,1,1,1,0,0,0
Central Washington University,WA,KY,Valley Sta,2026,Fall,0,1,1,1,0,0,0
Central Washington University,WA,NY,Rockaway Beach,2026,Fall,0,1,1,1,0,0,0
Central Washington University,WA,NY,Hoosick Falls,2024,Fall,0,1,1,1,0,0,0
Central Washington University,WA,CA,Pleasanton,2026,Fall,0,1,1,1,0,0,0
Central Washington University,WA,WA,Redmond ,2025,Fall,0,2,0,0,0,0,0
Central Washington University,WA,,Kiambu,2024,Fall,0,0,0,0,0,0,0
Central Washington University,WA,Utrecht,Soest,2024,Fall,0,1,0,0,0,0,0
Central Washington University,WA,CA,Ridgecrest,2025,Fall,0,1,0,0,0,0,0
Central Washington University,WA,PUNJAB,Lahore,2025,Fall,0,1,1,0,0,0,0
Central Washington University,WA,AZ,Apache Jct,2024,Fall,0,1,0,0,0,0,0
Central Washington University,WA,,Baki,2025,Fall,0,0,0,0,0,0,0
Central Washington University,WA,,Goromonzi,2025,Fall,0,0,0,0,0,0,0
Central Washington University,WA,,Casablanca,2025,Fall,0,0,0,0,0,0,0
Central Washington University,WA,HI,Anahola,2026,Fall,0,1,1,1,1,1,1
Central Washington University,WA,CA,Carpinteria,2025,Fall,0,1,1,1,0,0,0
Central Washington University,WA,FL,Weston,2026,Fall,0,1,1,1,0,0,0
Central Washington University,WA,,Yaoundé,2024,Fall,0,0,0,0,0,0,0
Central Washington University,WA,IL,Lynwood,2026,Fall,0,1,1,1,0,0,0
Central Washington University,WA,,Bukhara,2024,Fall,0,0,0,0,0,0,0
Central Washington University,WA,UT,Bear River City,2025,Fall,0,1,1,0,0,0,0
Central Washington University,WA,MA,Swampscott,2024,Fall,0,1,1,1,0,0,0
Central Washington University,WA,CT,Uncasville,2024,Fall,0,1,1,0,0,0,0
Central Washington University,WA,AL,Vestavia Hls,2025,Fall,0,1,1,1,0,0,0
Central Washington University,WA,HI,Hauula,2025,Fall,0,2,1,1,0,0,0
Central Washington University,WA,MI,West Bloomfield,2026,Fall,0,1,1,0,0,0,0
Central Washington University,WA,PA,Butler,2024,Fall,0,1,1,0,0,0,0
Central Washington University,WA,CA,S Lake Tahoe,2024,Fall,0,1,0,0,0,0,0
Central Washington University,WA,TX,Edinburg ,2026,Fall,0,1,0,0,0,0,0
Central Washington University,WA,NC,Fayetteville,2025,Fall,0,1,0,0,0,0,0
Central Washington University,WA,MD,Parkton,2024,Fall,0,1,1,0,0,0,0
Central Washington University,WA,OK,Collinsville,2024,Fall,0,1,0,0,0,0,0
Central Washington University,WA,,Addis Abeba,2026,Fall,0,0,0,0,0,0,0
Central Washington University,WA,GA,Stone Mtn,2024,Fall,0,1,0,0,0,0,0
Central Washington University,WA,CA,Winton,2025,Fall,0,1,0,0,0,0,0
Central Washington University,WA,,Bomachoge Borabu Mogong,2025,Fall,0,0,0,0,0,0,0
Central Washington University,WA,LA,Slidell,2025,Fall,0,1,1,1,0,0,1
Central Washington University,WA,IL,Dixon,2025,Fall,0,1,1,1,0,0,0
Central Washington University,WA,VA,Leesburg,2026,Fall,0,1,1,1,0,0,0
Central Washington University,WA,MIGORI,Isebania,2024,Fall,0,1,1,0,0,0,0
Central Washington University,WA,FL,Daytona Beach,2026,Fall,0,1,1,1,0,0,0
Central Washington University,WA,RI,Cranston,2026,Fall,0,1,1,1,0,0,0
Central Washington University,WA,,Ambo,2024,Fall,0,0,0,0,0,0,0
Central Washington University,WA,TN,Knoxville,2026,Fall,0,1,1,1,0,0,0
Central Washington University,WA,KHOMAS,Windhoek,2024,Fall,0,1,1,0,0,0,0
Central Washington University,WA,,Eldoret,2024,Fall,0,0,0,0,0,0,0
Central Washington University,WA,CENTRAL,Kasao,2024,Fall,0,1,1,0,0,0,0
Central Washington University,WA,SC,Columbia,2024,Fall,0,1,0,0,0,0,0
Central Washington University,WA,CA,Lompoc,2025,Fall,0,1,0,0,0,0,0
Central Washington University,WA,CA,Rancho Cordova,2026,Fall,0,1,0,0,0,0,0
Central Washington University,WA,CA,Hemet,2024,Fall,0,1,0,0,0,0,0
Central Washington University,WA,OH,Bethesda,2024,Fall,0,1,0,0,0,0,0
Central Washington University,WA,BC,Maple Ridge,2024,Fall,0,1,0,0,0,0,0
Central Washington University,WA,MO,Waynesville,2025,Fall,0,1,1,1,1,1,1
Central Washington University,WA,CA,Santa Clara,2026,Fall,0,1,1,1,0,0,0
Central Washington University,WA,WI,Marshfield,2025,Fall,0,1,1,1,0,0,0
Central Washington University,WA,CA,Palo Alto,2026,Fall,0,1,1,1,0,0,0
Central Washington University,WA,IN,Pittsboro,2025,Fall,0,1,1,1,0,0,0
Central Washington University,WA,NV,Sun Valley,2026,Fall,0,1,1,0,0,0,0
Central Washington University,WA,ID,Mccall,2026,Fall,0,1,1,1,0,0,0
Central Washington University,WA,FL,Melbourne,2026,Fall,0,1,1,0,0,0,0
Central Washington University,WA,NJ,Westfield,2025,Fall,0,1,1,1,0,0,0
Central Washington University,WA,DE,Harrington,2024,Fall,0,1,0,0,0,0,0
Central Washington University,WA,AZ,Sahuarita,2025,Fall,0,1,0,0,0,0,0
Central Washington University,WA,OH,Wooster,2026,Fall,0,1,0,0,0,0,0
Central Washington University,WA,WA,Parkland,2025,Fall,0,1,0,0,0,0,0
Central Washington University,WA,,Graham,2024,Fall,0,0,0,0,0,0,0
Central Washington University,WA,CA,National City,2025,Fall,0,1,0,0,0,0,0
Central Washington University,WA,NM,Las Vegas,2024,Fall,0,3,1,1,1,1,1
Central Washington University,WA,IL,University Pk,2025,Fall,0,1,1,1,0,0,1
Central Washington University,WA,VA,Henrico,2026,Fall,0,2,2,2,0,0,0
Central Washington University,WA,TX,Spring Branch,2024,Fall,0,1,1,1,0,0,0
Central Washington University,WA,WA,Medina,2025,Fall,0,1,1,1,0,0,0
Central Washington University,WA,LA,Houma,2026,Fall,0,1,1,1,1,1,1
Central Washington University,WA,TX,Cedar Creek,2024,Fall,0,1,1,1,0,0,0
Central Washington University,WA,OR,Yamhill,2024,Fall,0,1,1,1,0,0,0
Central Washington University,WA,NJ,Edison,2024,Fall,0,1,1,0,0,0,0
Central Washington University,WA,MI,Harper Woods,2024,Fall,0,1,1,1,0,0,0
Central Washington University,WA,Chui,Bishkek,2024,Fall,0,2,2,2,0,0,0
Central Washington University,WA,MT,Absarokee,2024,Fall,0,1,1,1,0,0,0
Central Washington University,WA,MD,Hyattsville,2024,Fall,0,1,1,0,0,0,0
Central Washington University,WA,FL,Milton,2024,Fall,0,1,1,1,0,0,0
Central Washington University,WA,NJ,Stratford,2026,Fall,0,1,1,0,0,0,0
Central Washington University,WA,OH,Steubenville,2026,Fall,0,1,1,0,0,0,0
Central Washington University,WA,Oromia,Adama,2024,Fall,0,1,1,0,0,0,0
Central Washington University,WA,ME,Farmington,2024,Fall,0,1,0,0,0,0,0
Central Washington University,WA,AK,Talkeetna,2024,Fall,0,1,0,0,0,0,0
Central Washington University,WA,,Singapore,2024,Fall,0,0,0,0,0,0,0
Central Washington University,WA,CA,Ceres,2025,Fall,0,1,0,0,0,0,0
Central Washington University,WA,Tainan,Tainan City,2024,Fall,0,1,1,1,1,0,1
Central Washington University,WA,CHUY,Bishkek,2024,Fall,0,1,1,1,1,1,1
Central Washington University,WA,,Chuuk,2025,Fall,0,0,0,0,0,0,0
Central Washington University,WA,,Osh,2025,Fall,0,0,0,0,0,0,0
Central Washington University,WA,NY,Thornwood,2024,Fall,0,1,1,1,0,0,0
Central Washington University,WA,FL,Brandon,2024,Fall,0,1,1,1,0,0,0
Central Washington University,WA,XORAZM VILOYATI,Shovot tumani,2024,Fall,0,1,1,0,0,0,0
Central Washington University,WA,GA,Ft Eisenhower,2024,Fall,0,1,1,0,0,0,0
Central Washington University,WA,IMO,Owerri West,2024,Fall,0,1,1,0,0,0,0
Central Washington University,WA,FERGHANA,Ferghana,2024,Fall,0,1,1,0,0,0,0
Central Washington University,WA,WA,Mica,2024,Fall,0,1,0,0,0,0,0
Central Washington University,WA,NC,Marion,2025,Fall,0,1,0,0,0,0,0
Central Washington University,WA,Kakamega,Kakamega,2025,Fall,0,1,0,0,0,0,0
Central Washington University,WA,WY,Riverton,2025,Fall,0,1,0,0,0,0,0
Central Washington University,WA,MO,Kansas City,2024,Fall,0,2,0,0,0,0,0
Central Washington University,WA,TX,Cypress,2024,Fall,0,1,0,0,0,0,0
Central Washington University,WA,OK,Tulsa,2024,Fall,0,2,0,0,0,0,0
Central Washington University,WA,,Chitungwiza,2025,Fall,0,0,0,0,0,0,0
Central Washington University,WA,,N/A,2025,Fall,0,0,0,0,0,0,0
Central Washington University,WA,,Terrace heights,2025,Fall,0,0,0,0,0,0,0
Central Washington University,WA,,Mbabane,2024,Fall,0,0,0,0,0,0,0
Central Washington University,WA,,San Ignacio,2026,Fall,0,0,0,0,0,0,0
Central Washington University,WA,WA,Spanaway ,2025,Fall,0,2,2,1,1,1,1
Central Washington University,WA,BC,Kelowna,2024,Fall,0,1,1,1,1,1,1
Central Washington University,WA,FL,Fort Myers,2026,Fall,0,1,1,1,0,0,0
Central Washington University,WA,CO,Frederick,2026,Fall,0,1,1,1,0,0,0
Central Washington University,WA,WI,Roberts,2024,Fall,0,1,1,1,0,0,0
Central Washington University,WA,WA,lynnwood,2025,Fall,0,1,1,1,0,0,0
Central Washington University,WA,CA,Sn Luis Obisp,2024,Fall,0,1,1,1,0,0,0
Central Washington University,WA,WA,North Bonneville ,2024,Fall,0,1,1,1,0,0,0
Central Washington University,WA,CA,Mammoth Lakes,2026,Fall,0,1,1,1,0,0,0
Central Washington University,WA,FL,Merritt Is,2026,Fall,0,1,1,1,0,0,0
Central Washington University,WA,VA,Sterling,2025,Fall,0,1,1,1,0,0,0
Central Washington University,WA,CT,Waterbury,2026,Fall,0,1,1,1,0,0,0
Central Washington University,WA,CA,Vallejo,2025,Fall,0,1,1,1,0,0,0
Central Washington University,WA,IRAQI KURDISTAN,Sulaymaniyah,2024,Fall,0,1,1,1,0,0,0
Central Washington University,WA,HARYANA,Kurukshetra,2024,Fall,0,1,1,0,0,0,0
Central Washington University,WA,CO,Lakewood,2024,Fall,0,1,1,1,0,0,0
Central Washington University,WA,KY,Frankfort,2025,Fall,0,1,1,0,0,0,0
Central Washington University,WA,CA,Arcata,2025,Fall,0,1,0,0,0,0,0
Central Washington University,WA,NE,North Platte,2025,Fall,0,1,0,0,0,0,0
Central Washington University,WA,IL,Hoffman Estates,2026,Fall,0,1,0,0,0,0,0
Central Washington University,WA,,Klenovice,2026,Fall,0,0,0,0,0,0,0
Central Washington University,WA,,Tacloban City,2024,Fall,0,0,0,0,0,0,0
Central Washington University,WA,,Prague,2024,Fall,0,0,0,0,0,0,0
Central Washington University,WA,WA,Cook,2024,Fall,0,1,1,1,1,1,1
Central Washington University,WA,CA,Temecula,2024,Fall,0,1,1,1,1,0,1
Central Washington University,WA,CA,Exeter,2026,Fall,0,1,1,1,0,0,0
Central Washington University,WA,SC,St Helena Is,2025,Fall,0,1,1,1,0,0,0
Central Washington University,WA,NC,Fountain,2024,Fall,0,1,1,1,0,0,0
Central Washington University,WA,CT,Hartford,2024,Fall,0,1,1,0,0,0,0
Central Washington University,WA,ASHANTI REGION,Kumasi,2024,Fall,0,1,1,0,0,0,0
Central Washington University,WA,CT,Stamford,2025,Fall,0,1,0,0,0,0,0
Central Washington University,WA,TX,Flint,2025,Fall,0,1,0,0,0,0,0
Central Washington University,WA,MI,Flint,2026,Fall,0,1,0,0,0,0,0
Central Washington University,WA,,lakewood,2025,Fall,0,0,0,0,0,0,0
Central Washington University,WA,FL,Melbourne,2024,Fall,0,1,1,1,1,1,1
Central Washington University,WA,OR,Milton Frwtr,2024,Fall,0,2,2,2,0,0,0
Central Washington University,WA,NJ,Pompton Lakes,2024,Fall,0,1,1,1,0,0,0
Central Washington University,WA,ME,Lebanon,2026,Fall,0,1,1,1,0,0,0
Central Washington University,WA,AZ,El Mirage,2024,Fall,0,1,1,1,0,0,0
Central Washington University,WA,ST. CATHERINE,Portmore,2024,Fall,0,1,1,1,0,0,0
Central Washington University,WA,AZ,Goodyear,2025,Fall,0,1,1,0,0,0,0
Central Washington University,WA,Dadra and Nagar Haveli,Silvassa,2024,Fall,0,1,1,1,0,0,0
Central Washington University,WA,CO,Breckenridge,2025,Fall,0,1,1,1,0,0,0
Central Washington University,WA,WA,Edwall,2024,Fall,0,1,1,0,0,0,0
Central Washington University,WA,FL,West Palm Beach,2024,Fall,0,1,1,1,0,0,0
Central Washington University,WA,WI,Delafield,2024,Fall,0,1,1,1,0,0,0
Central Washington University,WA,WA,La Push,2026,Fall,0,1,1,0,0,0,0
Central Washington University,WA,WA,kent,2025,Fall,0,1,1,0,0,0,0
Central Washington University,WA,FL,Ocean Ridge,2024,Fall,0,1,1,1,0,0,0
Central Washington University,WA,Guayas,Guayaquil,2025,Fall,0,1,0,0,0,0,0
Central Washington University,WA,,Muntinlupa,2025,Fall,0,0,0,0,0,0,0
Central Washington University,WA,,Johannesburg,2025,Fall,0,0,0,0,0,0,0
Central Washington University,WA,,El Haram,2024,Fall,0,0,0,0,0,0,0
Central Washington University,WA,IN,Valparaiso,2024,Fall,0,1,1,1,1,0,1
Central Washington University,WA,AL,Calera,2026,Fall,0,1,1,1,0,0,0
Central Washington University,WA,MN,Walker,2026,Fall,0,1,1,1,0,0,0
Central Washington University,WA,WA,Wishram,2024,Fall,0,1,1,1,0,0,0
Central Washington University,WA,Gilgit-Baltistan,Gilgit,2024,Fall,0,1,1,1,0,0,0
Central Washington University,WA,OR,Warren,2024,Fall,0,1,1,1,0,0,0
Central Washington University,WA,MI,Lawrence,2026,Fall,0,1,1,0,0,0,0
Central Washington University,WA,MI,Houghton,2024,Fall,0,1,1,1,0,0,0
Central Washington University,WA,UT,Salt Lake City,2025,Fall,0,3,1,0,0,0,0
Central Washington University,WA,MD,Millersville,2024,Fall,0,1,1,0,0,0,0
Central Washington University,WA,MN,Victoria,2025,Fall,0,1,1,1,0,0,0
Central Washington University,WA,NY,Stony Point,2024,Fall,0,1,1,1,0,0,0
Central Washington University,WA,,Takoradi,2024,Fall,0,0,0,0,0,0,0
Central Washington University,WA,AR,Bald Knob,2024,Fall,0,1,0,0,0,0,0
Central Washington University,WA,OK,Woodward,2026,Fall,0,1,0,0,0,0,0
Central Washington University,WA,OH,Niles,2024,Fall,0,1,0,0,0,0,0
Central Washington University,WA,,Kennewick,2026,Fall,0,0,0,0,0,0,0
Central Washington University,WA,TX,Copperas Cove,2024,Fall,0,1,0,0,0,0,0
Central Washington University,WA,AL,Montgomery,2024,Fall,0,1,0,0,0,0,0
Central Washington University,WA,,Addiss Ababa,2026,Fall,0,0,0,0,0,0,0
Central Washington University,WA,ND,Minot Afb,2024,Fall,0,1,1,1,1,1,1
Central Washington University,WA,RI,Pawtucket,2024,Fall,0,1,1,1,0,0,0
Central Washington University,WA,NY,Cortlandt Mnr,2026,Fall,0,1,1,1,0,0,0
Central Washington University,WA,NJ,Hillsborough,2026,Fall,0,1,1,1,0,0,0
Central Washington University,WA,CA,Fillmore,2026,Fall,0,2,1,0,0,0,0
Central Washington University,WA,,Talas,2024,Fall,0,0,0,0,0,0,0
Central Washington University,WA,VA,Arlington,2024,Fall,0,1,1,1,0,0,0
Central Washington University,WA,TN,Primm Springs,2026,Fall,0,1,1,1,0,0,0
Central Washington University,WA,,Dhaka,2025,Fall,0,0,0,0,0,0,0
Central Washington University,WA,CA,Angels Camp,2026,Fall,0,1,0,0,0,0,0
Central Washington University,WA,LA,Baker,2025,Fall,0,1,0,0,0,0,0
Central Washington University,WA,,Ho Chi Minh,2025,Fall,0,0,0,0,0,0,0
Central Washington University,WA,OK,Skiatook,2026,Fall,0,1,0,0,0,0,0
Central Washington University,WA,CO,Erie,2024,Fall,0,1,0,0,0,0,0
Central Washington University,WA,WI,Columbus,2024,Fall,0,1,1,1,1,1,1
Central Washington University,WA,SC,Anderson,2025,Fall,0,1,1,1,1,1,1
Central Washington University,WA,TX,Justin,2025,Fall,0,1,1,1,0,0,0
Central Washington University,WA,CA,Piru,2025,Fall,0,1,1,1,0,0,0
Central Washington University,WA,Chiba,Nagareyama,2026,Fall,0,1,1,1,0,0,0
Central Washington University,WA,UT,Kamas,2025,Fall,0,1,1,0,0,0,0
Central Washington University,WA,MD,Walkersville,2025,Fall,0,1,1,1,0,0,0
Central Washington University,WA,ROGALAND,Stavanger,2025,Fall,0,1,1,1,0,0,0
Central Washington University,WA,QASHQADARYO VILOYATI,Qarshi,2024,Fall,0,1,1,1,0,0,0
Central Washington University,WA,IN,Demotte,2025,Fall,0,1,1,1,0,0,0
Central Washington University,WA,,Turkestan,2024,Fall,0,0,0,0,0,0,0
Central Washington University,WA,FL,Okeechobee,2024,Fall,0,1,1,1,0,0,0
Central Washington University,WA,MO,Hazelwood,2026,Fall,0,1,1,1,0,0,0
Central Washington University,WA,Tashkent,Chilanzar,2024,Fall,0,1,1,0,0,0,0
Central Washington University,WA,KS,Winfield,2024,Fall,0,1,1,1,0,0,0
Central Washington University,WA,XORAZM,Shovot,2024,Fall,0,1,1,0,0,0,0
Central Washington University,WA,SC,Rock Hill,2024,Fall,0,1,1,1,0,0,0
Central Washington University,WA,MD,Millersville,2025,Fall,0,1,1,0,0,0,0
Central Washington University,WA,CA,Roseville,2025,Fall,0,1,1,1,0,0,0
Central Washington University,WA,WA,Fort Lewis,2026,Fall,0,1,1,0,0,0,0
Central Washington University,WA,GHANA,Cape coast,2024,Fall,0,1,1,0,0,0,0
Central Washington University,WA,MA,Worcester,2024,Fall,0,1,1,1,0,0,0
Central Washington University,WA,CA,Tracy,2025,Fall,0,1,1,1,0,0,0
Central Washington University,WA,AZ,Waddell,2025,Fall,0,1,1,0,0,0,0
Central Washington University,WA,NC,Jacksonville,2025,Fall,0,1,0,0,0,0,0
Central Washington University,WA,NY,Oxford,2026,Fall,0,1,0,0,0,0,0
Central Washington University,WA,,Mangilao,2025,Fall,0,0,0,0,0,0,0
Central Washington University,WA,,Kabul,2025,Fall,0,0,0,0,0,0,0
Central Washington University,WA,WI,Spooner,2025,Fall,0,1,1,1,1,1,1
Central Washington University,WA,CA,Pasadena,2024,Fall,0,1,1,1,0,0,0
Central Washington University,WA,IN,Plainfield,2025,Fall,0,1,1,1,0,0,0
Central Washington University,WA,,Osh,2024,Fall,0,0,0,0,0,0,0
Central Washington University,WA,UT,Eagle Mountain,2025,Fall,0,1,1,0,0,0,0
Central Washington University,WA,OR,Newport,2025,Fall,0,2,1,1,0,0,0
Central Washington University,WA,WA,Aurburn,2025,Fall,0,1,1,0,0,0,0
Central Washington University,WA,TIGRAY,Mekelle,2024,Fall,0,1,1,0,0,0,0
Central Washington University,WA,MN,Rogers,2024,Fall,0,1,1,0,0,0,0
Central Washington University,WA,XORAZM VILOYATI,Xonqa tumani,2024,Fall,0,1,1,0,0,0,0
Central Washington University,WA,IN,New Castle,2025,Fall,0,1,0,0,0,0,0
Central Washington University,WA,,Centralia WA,2026,Fall,0,0,0,0,0,0,0
Central Washington University,WA,,,2025,Fall,0,0,0,0,0,0,0
Central Washington University,WA,NM,Rio Rancho,2024,Fall,0,2,1,1,1,1,1
Central Washington University,WA,MA,Longmeadow,2024,Fall,0,1,1,1,1,1,1
Central Washington University,WA,MA,Beverly,2025,Fall,0,1,1,1,0,0,0
Central Washington University,WA,NM,Rnch De Taos,2025,Fall,0,2,2,2,0,0,0
Central Washington University,WA,CA,Woodland Hls,2024,Fall,0,2,2,2,0,0,0
Central Washington University,WA,CA,Altadena,2025,Fall,0,1,1,1,0,0,0
Central Washington University,WA,NH,Manchester,2026,Fall,0,1,1,1,0,0,0
Central Washington University,WA,ME,Portland,2026,Fall,0,1,1,1,0,0,0
Central Washington University,WA,FL,Satellite Bch,2024,Fall,0,1,1,1,0,0,0
Central Washington University,WA,PUNJAB,Jalandhar,2024,Fall,0,1,1,0,0,0,0
Central Washington University,WA,COAST,Mombasa,2024,Fall,0,1,1,0,0,0,0
Central Washington University,WA,PUNJAB,Gujranwala,2024,Fall,0,1,1,0,0,0,0
Central Washington University,WA,Makkah,Jeddah,2025,Fall,0,1,0,0,0,0,0
Central Washington University,WA,AR,Jonesboro,2025,Fall,0,1,0,0,0,0,0
Central Washington University,WA,CA,Placerville,2025,Fall,0,1,0,0,0,0,0
Central Washington University,WA,MANICALAND,Mutare,2026,Fall,0,1,1,0,0,0,0
Central Washington University,WA,,Chittagong,2024,Fall,0,0,0,0,0,0,0
Central Washington University,WA,PA,Willow Grove,2024,Fall,0,1,0,0,0,0,0
Central Washington University,WA,NV,Gardnerville,2026,Fall,0,1,0,0,0,0,0
Central Washington University,WA,ARDABIL,Ardabil City,2024,Fall,0,1,1,0,0,0,0
Central Washington University,WA,,Lagos,2026,Fall,0,0,0,0,0,0,0
Central Washington University,WA,TX,Pleasanton,2025,Fall,0,1,1,1,1,1,1
Central Washington University,WA,IN,Evansville,2025,Fall,0,1,1,1,1,1,1
Central Washington University,WA,CA,Manteca,2025,Fall,0,2,1,1,0,0,0
Central Washington University,WA,VA,Great Falls,2024,Fall,0,1,1,1,0,0,0
Central Washington University,WA,NJ,Manville,2025,Fall,0,1,1,1,0,0,0
Central Washington University,WA,MI,Negaunee,2026,Fall,0,1,1,1,0,0,0
Central Washington University,WA,GA,Mc Rae Helena,2025,Fall,0,1,1,0,0,0,0
Central Washington University,WA,MT,Bonner,2025,Fall,0,1,1,1,0,0,0
Central Washington University,WA,WA,Wishram,2025,Fall,0,1,1,0,0,0,0
Central Washington University,WA,AZ,Avondale,2024,Fall,0,1,0,0,0,0,0
Central Washington University,WA,Khyber Pakhtunkhwa,Hangu,2025,Fall,0,1,0,0,0,0,0
Central Washington University,WA,AZ,San Tan Valley,2024,Fall,0,1,0,0,0,0,0
Central Washington University,WA,CO,Rifle,2025,Fall,0,1,0,0,0,0,0
Central Washington University,WA,,Grandview,2024,Fall,0,0,0,0,0,0,0
Central Washington University,WA,,Tel Aviv,2024,Fall,0,0,0,0,0,0,0
Central Washington University,WA,,Brisbane,2025,Fall,0,0,0,0,0,0,0
Central Washington University,WA,,Kampala,2025,Fall,0,0,0,0,0,0,0
Central Washington University,WA,,Yakima,2026,Fall,0,0,0,0,0,0,0
Central Washington University,WA,Farg'ona viloyati,Farg'ona tumani,2024,Fall,0,1,1,1,1,1,1
Central Washington University,WA,TX,Plano,2024,Fall,0,1,1,1,0,0,0
Central Washington University,WA,TX,Sugar Land,2024,Fall,0,1,1,1,0,0,0
Central Washington University,WA,PA,Wayne,2024,Fall,0,1,1,0,0,0,0
Central Washington University,WA,Greater Accra,Accra,2024,Fall,0,1,1,0,0,0,0
Central Washington University,WA,CT,New London,2025,Fall,0,1,1,1,0,0,0
Central Washington University,WA,MI,Farmington,2026,Fall,0,1,1,0,0,0,0
Central Washington University,WA,CO,Del Norte,2026,Fall,0,1,1,1,0,0,0
Central Washington University,WA,IL,Northbrook,2024,Fall,0,1,1,1,0,0,0
Central Washington University,WA,SD,Rapid City,2026,Fall,0,2,1,1,0,0,0
Central Washington University,WA,FL,St Petersburg,2025,Fall,0,2,2,2,0,0,0
Central Washington University,WA,ID,Grand View,2024,Fall,0,1,0,0,0,0,0
Central Washington University,WA,NY,Astoria,2024,Fall,0,1,1,1,0,0,0
Central Washington University,WA,,Addis Ababa,2026,Fall,0,0,0,0,0,0,0
Central Washington University,WA,,Kent,2025,Fall,0,0,0,0,0,0,0
Central Washington University,WA,,Sabongari Zaria Nigeria,2025,Fall,0,0,0,0,0,0,0
Central Washington University,WA,WA,Thorp,2025,Fall,0,1,1,1,1,1,1
Central Washington University,WA,TX,Missouri City,2024,Fall,0,1,1,1,0,0,0
Central Washington University,WA,TX,Red Oak,2024,Fall,0,1,1,1,0,0,0
Central Washington University,WA,CMC,Addis ababa,2024,Fall,0,1,1,0,0,0,0
Central Washington University,WA,CA,Grand Terrace,2026,Fall,0,1,1,1,0,0,0
Central Washington University,WA,MA,Jamaica Plain,2026,Fall,0,1,1,1,0,0,0
Central Washington University,WA,WA,AUBURN,2024,Fall,0,1,1,1,0,0,0
Central Washington University,WA,CA,Los Alamitos,2024,Fall,0,1,1,1,0,0,0
Central Washington University,WA,,Dhaka,2024,Fall,0,0,0,0,0,0,0
Central Washington University,WA,,Alexandria,2024,Fall,0,0,0,0,0,0,0
Central Washington University,WA,Chongqing,Jiangbei District,2024,Fall,0,1,1,0,0,0,0
Central Washington University,WA,MN,Champlin,2026,Fall,0,1,1,1,0,0,0
Central Washington University,WA,,Obowo,2024,Fall,0,0,0,0,0,0,0
Central Washington University,WA,DE,Reybold,2025,Fall,0,1,1,0,0,0,0
Central Washington University,WA,TANZANIA MAIN LAND,Arusha,2024,Fall,0,1,1,0,0,0,0
Central Washington University,WA,CO,Merino,2025,Fall,0,1,1,1,0,0,0
Central Washington University,WA,UT,Washington,2024,Fall,0,1,0,0,0,0,0
Central Washington University,WA,OR,North Bend,2026,Fall,0,1,0,0,0,0,0
Central Washington University,WA,CA,Agoura Hills,2026,Fall,0,2,2,2,1,1,1
Central Washington University,WA,NV,Carson City,2024,Fall,0,2,2,2,1,1,1
Central Washington University,WA,IL,Tolono,2026,Fall,0,1,1,1,0,0,0
Central Washington University,WA,SD,Sioux Falls,2024,Fall,0,1,1,1,0,0,0
Central Washington University,WA,TX,League City,2025,Fall,0,2,1,1,0,0,0
Central Washington University,WA,WA,Seattle ,2026,Fall,0,1,1,1,0,0,0
Central Washington University,WA,MD,Clarksville,2024,Fall,0,1,1,1,0,0,0
Central Washington University,WA,ISLAMABAD,Rawalpindi,2024,Fall,0,1,1,1,0,0,0
Central Washington University,WA,CA,Tarzana,2024,Fall,0,1,1,1,0,0,0
Central Washington University,WA,Chui Region,Kant,2026,Fall,0,1,1,0,0,0,0
Central Washington University,WA,IL,Millington,2024,Fall,0,1,1,1,0,0,0
Central Washington University,WA,NY,Huntington,2024,Fall,0,1,1,1,0,0,0
Central Washington University,WA,,Kigali,2024,Fall,0,0,0,0,0,0,0
Central Washington University,WA,OR,,2025,Fall,0,0,0,0,0,0,0
Central Washington University,WA,AL,Birmingham,2024,Fall,0,1,0,0,0,0,0
Central Washington University,WA,IA,Boone,2025,Fall,0,1,0,0,0,0,0
Central Washington University,WA,,Serekunda,2025,Fall,0,0,0,0,0,0,0
Central Washington University,WA,PA,Uniontown,2025,Fall,0,1,0,0,0,0,0
Central Washington University,WA,MA,Quincy,2024,Fall,0,2,2,2,1,0,1
Central Washington University,WA,KY,Paducah,2024,Fall,0,1,1,1,0,0,0
Central Washington University,WA,AZ,Vail,2026,Fall,0,1,1,1,0,0,0
Central Washington University,WA,,Ga South,2024,Fall,0,0,0,0,0,0,0
Central Washington University,WA,OR,Warrenton,2025,Fall,0,1,1,1,0,0,0
Central Washington University,WA,TX,Round Rock,2024,Fall,0,2,1,1,0,0,0
Central Washington University,WA,AK,Homer,2026,Fall,0,1,1,1,0,0,0
Central Washington University,WA,NV,Nixon,2024,Fall,0,1,1,0,0,0,0
Central Washington University,WA,AB,Calgary,2025,Fall,0,1,1,1,0,0,0
Central Washington University,WA,CA,Dos Palos,2026,Fall,0,1,0,0,0,0,0
Central Washington University,WA,,Chibombo,2025,Fall,0,0,0,0,0,0,0
Central Washington University,WA,CA,Folsom,2024,Fall,0,2,2,2,1,1,1
Central Washington University,WA,ME,Gardiner,2025,Fall,0,1,1,1,1,1,1
Central Washington University,WA,NJ,Trenton,2024,Fall,0,1,1,1,1,0,1
Central Washington University,WA,,Lorient,2024,Fall,0,0,0,0,0,0,0
Central Washington University,WA,WA,Roosevelt,2024,Fall,0,1,1,1,0,0,0
Central Washington University,WA,Ashanti,Kumasi,2024,Fall,0,1,1,0,0,0,0
Central Washington University,WA,PA,Dallas,2026,Fall,0,1,1,1,0,0,0
Central Washington University,WA,NJ,Branchburg,2025,Fall,0,1,1,1,0,0,0
Central Washington University,WA,CA,S San Fran,2024,Fall,0,2,2,1,0,0,0
Central Washington University,WA,MI,Waterford,2025,Fall,0,1,1,1,0,0,0
Central Washington University,WA,CO,Sanford,2024,Fall,0,1,1,1,0,0,0
Central Washington University,WA,PA,Downingtown,2026,Fall,0,1,1,0,0,0,0
Central Washington University,WA,AZ,Yuma,2024,Fall,0,1,0,0,0,0,0
Central Washington University,WA,,harrah,2025,Fall,0,0,0,0,0,0,0
Central Washington University,WA,IA,Cedar Rapids,2024,Fall,0,1,0,0,0,0,0
Central Washington University,WA,,Lucknow,2026,Fall,0,0,0,0,0,0,0
Central Washington University,WA,IL,Frankfort,2024,Fall,0,1,1,1,0,0,0
Central Washington University,WA,HI,Waialua,2024,Fall,0,1,1,1,0,0,0
Central Washington University,WA,TX,Keller,2024,Fall,0,1,1,1,0,0,0
Central Washington University,WA,NJ,Metuchen,2025,Fall,0,1,1,1,0,0,0
Central Washington University,WA,CA,Capitola,2024,Fall,0,2,2,1,0,0,0
Central Washington University,WA,IN,Crown Point,2024,Fall,0,1,1,1,0,0,0
Central Washington University,WA,WA,bremerton,2025,Fall,0,1,1,1,0,0,0
Central Washington University,WA,NJ,Voorhees,2025,Fall,0,1,1,1,0,0,0
Central Washington University,WA,KVEMO KARTLI,Rustavi,2024,Fall,0,1,1,1,0,0,0
Central Washington University,WA,CA,Piedmont,2025,Fall,0,1,1,1,0,0,0
Central Washington University,WA,,Kingston,2024,Fall,0,0,0,0,0,0,0
Central Washington University,WA,,Crieff,2024,Fall,0,0,0,0,0,0,0
Central Washington University,WA,MA,S Weymouth,2024,Fall,0,1,1,1,0,0,0
Central Washington University,WA,DE,New Castle,2025,Fall,0,1,1,0,0,0,0
Central Washington University,WA,FL,West Palm Beach,2025,Fall,0,1,0,0,0,0,0
Central Washington University,WA,MO,Broseley,2024,Fall,0,1,0,0,0,0,0
Central Washington University,WA,Northern,Kampala,2024,Fall,0,1,0,0,0,0,0
Central Washington University,WA,NC,Kannapolis,2024,Fall,0,1,0,0,0,0,0
Central Washington University,WA,NE,Lincoln,2025,Fall,0,1,0,0,0,0,0
Central Washington University,WA,Kwara,Kwara,2024,Fall,0,1,0,0,0,0,0
Central Washington University,WA,WI,Milwaukee ,2025,Fall,0,1,0,0,0,0,0
Central Washington University,WA,Tianjin,Tianjin,2025,Fall,0,1,1,1,0,0,0
Central Washington University,WA,WA,Northport,2024,Fall,0,1,1,1,0,0,0
Central Washington University,WA,NV,Carson City,2026,Fall,0,1,1,1,0,0,0
Central Washington University,WA,,Tashkent,2024,Fall,0,0,0,0,0,0,0
Central Washington University,WA,CT,New Haven,2026,Fall,0,1,1,0,0,0,0
Central Washington University,WA,CO,Pagosa Spgs,2024,Fall,0,1,1,1,0,0,0
Central Washington University,WA,KS,Leawood,2024,Fall,0,1,1,1,0,0,0
Central Washington University,WA,DELTA STATE,Warri,2024,Fall,0,1,1,0,0,0,0
Central Washington University,WA,TX,Lago Vista,2024,Fall,0,1,1,0,0,0,0
Central Washington University,WA,,Frejus,2024,Fall,0,0,0,0,0,0,0
Central Washington University,WA,TX,Richmond,2025,Fall,0,1,1,0,0,0,0
Central Washington University,WA,Central,Kampala,2024,Fall,0,3,1,0,0,0,0
Central Washington University,WA,CA,California,2025,Fall,0,1,0,0,0,0,0
Central Washington University,WA,CA,San Bernardino,2025,Fall,0,1,0,0,0,0,0
Central Washington University,WA,PA,Mechanicsburg,2025,Fall,0,1,0,0,0,0,0
Central Washington University,WA,VA,Virginia Beach,2026,Fall,0,1,0,0,0,0,0
Central Washington University,WA,CA,Winters,2024,Fall,0,2,1,1,1,1,1
Central Washington University,WA,NY,New Rochelle,2026,Fall,0,1,1,1,0,0,0
Central Washington University,WA,OR,Bonanza,2025,Fall,0,1,1,1,0,0,0
Central Washington University,WA,FL,Fern Bch,2025,Fall,0,1,1,1,0,0,0
Central Washington University,WA,UT,South Weber,2024,Fall,0,1,1,0,0,0,0
Central Washington University,WA,CT,Bridgewater,2026,Fall,0,1,1,1,0,0,0
Central Washington University,WA,CT,Avon,2025,Fall,0,1,1,1,0,0,0
Central Washington University,WA,CENTRAL EQUATORIAL STATE,Juba,2024,Fall,0,1,1,0,0,0,0
Central Washington University,WA,CT,Bristol,2026,Fall,0,1,1,1,0,0,0
Central Washington University,WA,VA,Newport News,2026,Fall,0,2,1,0,0,0,0
Central Washington University,WA,TX,Alamo,2024,Fall,0,1,1,0,0,0,0
Central Washington University,WA,AR,little rock,2024,Fall,0,1,0,0,0,0,0
Central Washington University,WA,,Muharraq,2025,Fall,0,0,0,0,0,0,0
Central Washington University,WA,OR,Burns,2026,Fall,0,1,0,0,0,0,0
Central Washington University,WA,MO,Warrensburg,2024,Fall,0,1,1,1,1,1,1
Central Washington University,WA,CA,San Bruno,2025,Fall,0,1,1,1,1,0,1
Central Washington University,WA,TX,Georgetown,2025,Fall,0,1,1,1,0,0,0
Central Washington University,WA,CO,Durango,2024,Fall,0,1,1,1,0,0,0
Central Washington University,WA,VA,Fort Belvoir,2026,Fall,0,1,1,1,0,0,0
Central Washington University,WA,VA,Chesapeake,2025,Fall,0,1,1,1,0,0,0
Central Washington University,WA,IN,Fort Wayne,2024,Fall,0,1,1,1,0,0,0
Central Washington University,WA,CA,Watsonville,2024,Fall,0,1,1,1,0,0,0
Central Washington University,WA,NH,Candia,2024,Fall,0,1,1,1,0,0,0
Central Washington University,WA,OR,Heppner,2026,Fall,0,1,1,1,0,0,0
Central Washington University,WA,VA,Centreville,2025,Fall,0,1,1,1,0,0,0
Central Washington University,WA,CA,Berkeley,2026,Fall,0,1,1,1,0,0,0
Central Washington University,WA,MI,West Olive,2025,Fall,0,1,1,0,0,0,0
Central Washington University,WA,MA,Hanover,2024,Fall,0,1,1,1,0,0,0
Central Washington University,WA,IL,Palatine,2025,Fall,0,1,1,0,0,0,0
Central Washington University,WA,AZ,Yuma,2025,Fall,0,3,2,0,0,0,0
Central Washington University,WA,WA,enumclaw ,2025,Fall,0,1,0,0,0,0,0
Central Washington University,WA,OR,Willamina,2025,Fall,0,1,0,0,0,0,0
Central Washington University,WA,OK,Guthrie,2025,Fall,0,1,0,0,0,0,0
Central Washington University,WA,Banjul,Banjul,2024,Fall,0,1,0,0,0,0,0
Central Washington University,WA,NM,Taos,2024,Fall,0,1,0,0,0,0,0
Central Washington University,WA,,Lilongwe,2026,Fall,0,0,0,0,0,0,0
Central Washington University,WA,,Prishtina,2026,Fall,0,0,0,0,0,0,0
Central Washington University,WA,PA,Wysox,2025,Fall,0,1,1,1,1,1,1
Central Washington University,WA,SINDH,Karachi,2024,Fall,0,6,6,5,0,0,0
Central Washington University,WA,BONO EAST,Techiman,2024,Fall,0,1,1,1,0,0,0
Central Washington University,WA,OR,Dallas,2024,Fall,0,1,1,1,0,0,0
Central Washington University,WA,MI,Mt Pleasant,2025,Fall,0,1,1,1,0,0,0
Central Washington University,WA,WA,Brownstown,2024,Fall,0,1,1,1,0,0,0
Central Washington University,WA,WA,harrah,2025,Fall,0,1,1,0,0,0,0
Central Washington University,WA,Province,City,2024,Fall,0,1,1,0,0,0,0
Central Washington University,WA,NV,Fernley,2024,Fall,0,1,0,0,0,0,0
Central Washington University,WA,DE,Wilmington,2025,Fall,0,1,0,0,0,0,0
Central Washington University,WA,IL,Cary,2024,Fall,0,1,0,0,0,0,0
Central Washington University,WA,FL,Clermont,2024,Fall,0,1,0,0,0,0,0
Central Washington University,WA,PA,Allentown,2024,Fall,0,1,0,0,0,0,0
Central Washington University,WA,,Brewster,2025,Fall,0,0,0,0,0,0,0
Central Washington University,WA,,Waipahu Hi,2026,Fall,0,0,0,0,0,0,0
Central Washington University,WA,MONUFIA,Menouf,2024,Fall,0,1,1,1,1,1,1
Central Washington University,WA,IA,Charles City,2024,Fall,0,1,1,1,1,0,1
Central Washington University,WA,IN,Hobart,2024,Fall,0,1,1,1,1,0,1
Central Washington University,WA,PA,Chester Springs,2026,Fall,0,1,1,1,1,1,1
Central Washington University,WA,VA,Orange,2024,Fall,0,1,1,1,0,0,0
Central Washington University,WA,OR,Mount Angel,2025,Fall,0,1,1,1,0,0,0
Central Washington University,WA,NJ,North Bergen,2024,Fall,0,1,1,0,0,0,0
Central Washington University,WA,AR,Austin,2025,Fall,0,1,1,1,0,0,0
Central Washington University,WA,HI,Hana,2026,Fall,0,1,1,1,0,0,0
Central Washington University,WA,CA,Antioch,2024,Fall,0,1,1,1,0,0,0
Central Washington University,WA,FL,Mulberry,2026,Fall,0,1,1,0,0,0,0
Central Washington University,WA,Surkhandarya,Denau,2024,Fall,0,1,1,1,0,0,0
Central Washington University,WA,AL,Fairhope,2024,Fall,0,2,0,0,0,0,0
Central Washington University,WA,WA,Dryden ,2026,Fall,0,1,0,0,0,0,0
Central Washington University,WA,MT,Boulder,2026,Fall,0,1,1,1,0,0,0
Central Washington University,WA,MO,Branson,2025,Fall,0,1,0,0,0,0,0
Central Washington University,WA,,Hong Kong,2026,Fall,0,0,0,0,0,0,0
